record_id,title,year,journal,authors,doi,abstract,keywords,url,url_full_text,r1_decision,r1_exclusion_reasons,r1_note,r2_decision,r2_exclusion_reasons,r2_note,screening_agreement,screening_status,consensus_decision,full_text_status,full_text_decision,full_text_exclusion_reason_code,full_text_repo_path
REC-HPVPSCC-000001,Invasive penile carcinoma: a review.,2004,Dermatol Surg,"Micali, Giuseppe; Nasca, Maria R; Innocenzi, Daniele; Schwartz, Robert A",10.1111/j.1524-4725.2004.30094.x,"BACKGROUND: Penile carcinoma is an invasive epithelial tumor that may arise from penile skin or mucosa. OBJECTIVE: To review the pathogenesis and the clinical and histopathologic features of invasive penile carcinomas, with emphasis on current guidelines for their diagnosis and treatment. METHODS: Information available from the authors' clinical experience, review articles, case reports, clinical trials, and in vitro research studies identified from a computerized literature search on MEDLINE database and from Meetings' Abstract Books, including those from non-English literature, was considered. RESULTS: Penile cancer may develop de novo or in association with underlying factors. Conditions predisposing to the development of penile cancer are delineated. The diagnosis should be suspected by clinical findings and must be confirmed histologically. Imaging techniques may be useful for staging and planning therapy. Therapeutic options include excisional surgery, laser destruction, cryosurgery, radiotherapy, immunotherapy, and chemotherapy. CONCLUSIONS: Although there are no current guidelines for the treatment of penile carcinoma, surgical ablation probably represents the best option, as conservative treatments still deserve cautious evaluation because of the relatively small number of treated patients and the lack of good-quality comparative data. Regarding indications for lymph nodal dissection in patients showing no inguinal node enlargement, sentinel node mapping with targeted lymph node dissection is recommended for those with deeply invasive, high-grade tumors, whereas a watchful waiting may be advised for those with superficially invasive, low-grade tumors.",not_reported,https://doi.org/10.1111/j.1524-4725.2004.30094.x,https://doi.org/10.1111/j.1524-4725.2004.30094.x,Excluded,wrong outcome,revisión clínica general,Excluded,wrong outcome,General narrative review of invasive penile carcinoma (pathogenesis/diagnosis/treatment); no TIME data and no stratification by HPV status.,agreement,consensus_excluded,Excluded,not_required_after_initial_screening,Pending,wrong outcome,not_applicable
REC-HPVPSCC-000002,"[The 2010 news: highlights of the ASCO-GU, UAE, ASCO, AUA congress…].",2011,Prog Urol,"Bessede, T; Bigot, P; Neuzillet, Y; Pignot, G; Patard, J-J; Pfister, Ch; Rigaud, J; Salomon, L; Soulié, M",10.1016/s1166-7087(11)70004-5,"The main news in kidney oncourology are PET CaIX as potential new diagnostic and monitoring tool, the lack of progress in terms of drug combination therapy, the sequential approach remains the standard, lack of progress also in selecting good candidates for immunotherapy, the possible benefit of nephrectomy, that only the CARMENA study will determine, and the emergence of determining the risk of recurrence after nephrectomy using genomic study. Concerning non muscle invasive bladder cancer, endoscopic diagnosis seems improved by the NBI and immunofluorescence. The staging of pT1 tumors may evolve. The poor prognosis of Cis was stressed. The indication of cystectomy for BCG failure has been clarified. For muscle invasive bladder cancer, the prognostic impact of lympho-vascular invasion was reported. The importance of an extended lymphadenectomy has been demonstrated. In cases of symptomatic bone metastases, zoledronic acid increased overall survival. An analysis of performance and drawbacks of radio-hormonotherapy was performed. The denosumab and zoledronic acid were compared in prevention of bone loss during androgen deprivation. The antagonists of LH-RH, the cabazitaxel and immunotherapies could be part of the therapies for advanced prostate cancer. For penile cancer treatment, in case of suspicious nodes, ultrasound guided cytopuncture is useful. For testis cancer, the recurrence rate for stage I seminoma has been estimated, at 15%. The PET-scan is also helpful to assess the nodal tumoral spread during the staging and the follow-up of patients treated by chemotherapy.",not_reported,https://doi.org/10.1016/s1166-7087(11)70004-5,https://doi.org/10.1016/s1166-7087(11)70004-5,Excluded,wrong publication type,highlights congreso,Excluded,wrong publication type,Congress highlights in uro-oncology (kidney/bladder/prostate); not a study on pSCC.,agreement,consensus_excluded,Excluded,not_required_after_initial_screening,Pending,wrong publication type,not_applicable
REC-HPVPSCC-000003,Buschke-Lowenstein tumor.,2008,J Dermatol Case Rep,"Martin, Jose M; Molina, Inmaculada; Monteagudo, Carlos; Marti, Nuria; Lopez, Veronica; Jorda, Esperanza",10.3315/jdcr.2008.1019,"BACKGROUND: Verrucous carcinoma of the skin and mucosa is an uncommon type of well-differentiated squamous cell carcinoma. When it is present in the genitoanal region the term used is Buschke-Lowenstein tumor. The human papillomavirus seems to be implicated in its aetiology. Treatment is controversial. Topical chemotherapy, radiotherapy, immunotherapy and radical surgery have been employed. MAIN OBSERVATIONS: We report a rapidly progressing penile verrucous carcinoma which was treated sucessfuly with conservative surgery and CO2 laser. CONCLUSION: Treatment with CO2 laser in combination with conservative surgery may be a therapeutic option in Buschke-Lowenstein tumor.",not_reported,https://doi.org/10.3315/jdcr.2008.1019,https://doi.org/10.3315/jdcr.2008.1019,Excluded,wrong outcome,pase: Buschke-Lowenstein; IT solo mención periférica,Excluded,wrong intervention,Case report of Buschke-Lowenstein tumour treated with CO2 laser; no immune data and no HPV typing.,agreement,consensus_excluded,Excluded,not_required_after_initial_screening,Pending,wrong outcome,not_applicable
REC-HPVPSCC-000004,Combination of docetaxel and cetuximab for penile cancer: a case report and literature review.,2012,Anticancer Drugs,"Rescigno, Pasquale; Matano, Elide; Raimondo, Lucia; Mainolfi, Ciro; Federico, Piera; Buonerba, Carlo; Di Trolio, Rossella; D'Aniello, Carmine; Damiano, Vincenzo; Palmieri, Giovannella; De Placido, Sabino; Di Lorenzo, Giuseppe",10.1097/cad.0b013e328350ead7,"Guidelines on the treatment of metastatic squamous cell carcinoma of the penis are limited to a few prospective trials. Cisplatin-based regimens represent the standard of treatment with promising activity of taxanes. Recently, epidermal growth factor receptor overexpression has been shown in these patients. We treated an elderly man with a docetaxel-cetuximab combination after failure of the cisplatin regimen. We observed a necrosis of the inguinal lymph nodes and a reduction of (18)F-fluorodeoxyglucose uptake at PET/CT scan. Only mild mucositis and skin toxicity had been detected. Our case report, the first in the literature, shows that this combination is active and well tolerated in penile squamous cell carcinoma.",not_reported,https://doi.org/10.1097/cad.0b013e328350ead7,https://doi.org/10.1097/cad.0b013e328350ead7,Excluded,wrong outcome,clínico/quirúrgico/caso sin TIME/IT,Excluded,wrong intervention,Case of docetaxel plus cetuximab; neither TIME nor HPV status reported.,agreement,consensus_excluded,Excluded,not_required_after_initial_screening,Pending,wrong outcome,not_applicable
REC-HPVPSCC-000005,Immunotherapy in new pre-clinical models of HPV-associated oral cancers.,2013,Hum Vaccin Immunother,"Paolini, Francesca; Massa, Silvia; Manni, Isabella; Franconi, Rosella; Venuti, Aldo",10.4161/hv.23232,"Cervical, anal, penile and a sub-set of head and neck (HN) tumors are critical health problems caused by high risk Human Papilloma Viruses (HPVs), like HPV type 16. No specific/effective pharmacological treatments exist. A valid preventive vaccination as well as the immunotherapy of persistent infections, pre-cancerous lesions or early-stage cancers could drive the HPV disease burden down. These treatments might be featured through low-cost platforms like those based on DNA and plant biotechnologies to produce tailored and enhanced formulations taking profit from the use of plants as bio-factories and as a source of immune-stimulators. Finally, and regardless of the formulation type, pre-clinical tests and models are crucial to foresee efficacy of immunotherapy before clinical trials. In this study, we created an orthotopic mouse model for HPV-related oral tumors, a subset of HN tumors for which no models have been generated before. The model was obtained by inducing the stable expression of the HPV16 E7 protein into the mouse oral squamous cell carcinoma (OSCC) AT-84 (AT-84 E7). The AT-84 E7 cells were injected into the mouth pavement of C3H mice via an extra-oral route to obtain orthotopic tumors. The model turned out to mimic the natural history of the human HPV oral cancer. From AT-84 E7, through engineering to express luciferase, the bioluminescent AT-84 E7-Luc cells were obtained for a fast and easy monitoring by imaging. The AT-84 E7 and the AT-84 E7-Luc tumors were used to test the efficacy of E7-based therapeutic vaccines that we had previously generated and that had been already proven to be active in mice against non-orthotopic E7-expressing tumors (TC-1 cells). In particular, we used genetic and plant-derived formulations based on attenuated HPV16 E7 variants either fused to plant virus genes with immunological activity or produced by tobacco plants. Mice were monitored by imaging allowing to test the size reduction of the mouth implanted experimental tumors in function of the different regimens used. The proposed tumor model is easy to handle and to reproduce and it is efficacious in monitoring immunotherapy. Furthermore, it is expected to be more predictive of clinical outcome of therapeutic vaccines than non-orthotopic models that are currently used. Finally, imaging offers unique opportunities to predict formulation efficacy through measuring tumor growth in vivo.",not_reported,https://doi.org/10.4161/hv.23232,https://doi.org/10.4161/hv.23232,Excluded,wrong population,"sitio oral/HN, no pSCC",Excluded,wrong population,Orthotopic mouse model of HPV+ oral cancer; non-human and not pSCC.,agreement,consensus_excluded,Excluded,not_required_after_initial_screening,Pending,wrong population,not_applicable
REC-HPVPSCC-000006,Epidermal growth factor receptor (EGFR)-RAS signaling pathway in penile squamous cell carcinoma.,2013,PLoS One,"Gou, Hong-Feng; Li, Xiang; Qiu, Meng; Cheng, Ke; Li, Long-Hao; Dong, Hang; Chen, Ye; Tang, Yuan; Gao, Feng; Zhao, Feng; Men, Hai-Tao; Ge, Jun; Su, Jing-Mei; Xu, Feng; Bi, Feng; Gao, Jian-Jun; Liu, Ji-Yan",10.1371/journal.pone.0062175,"Penile Squamous Cell Carcinoma (SCC) is a rare cancer with poor prognosis and limited response to conventional chemotherapy. The genetic and epigenetic alterations of Epidermal Growth Factor Receptor (EGFR)-RAS-RAF signaling in penile SCC are unclear. This study aims to investigate four key members of this pathway in penile SCC. We examined the expression of EGFR and RAS-association domain family 1 A (RASSF1A) as well as the mutation status of K-RAS and BRAF in 150 cases of penile SCC. EGFR and RASSF1A expression was evaluated by immunohistochemistry. KRAS mutations at codons 12 and 13, and the BRAF mutation at codon 600 were analyzed on DNA isolated from formalin fixed paraffin embedded tissues by direct genomic sequencing. EGFR expression was positive in all specimens, and its over-expression rate was 92%. RASSF1A expression rate was only 3.42%. Significant correlation was not found between the expression of EGFR or RASSF1A and tumor grade, pT stage or lymph node metastases. The detection of KRAS and BRAF mutations analysis was performed in 94 and 83 tumor tissues, respectively. We found KRAS mutation in only one sample and found no BRAF V600E point mutation. In summary, we found over-expression of EGFR in the majority cases of penile SCC, but only rare expression of RASSF1A, rare KRAS mutation, and no BRAF mutation in penile SCC. These data suggest that anti-EGFR agents may be potentially considered as therapeutic options in penile SCC.",not_reported,https://doi.org/10.1371/journal.pone.0062175,https://doi.org/10.1371/journal.pone.0062175,Excluded,wrong outcome,EGFR/targeteado sin eje inmune,Excluded,wrong outcome,"EGFR-RAS pathway in pSCC; molecular, non-immune outcome.",agreement,consensus_excluded,Excluded,not_required_after_initial_screening,Pending,wrong outcome,not_applicable
REC-HPVPSCC-000007,Cytosolic phosphorylated EGFR is predictive of recurrence in early stage penile cancer patients: a retropective study.,2013,J Transl Med,"Di Lorenzo, Giuseppe; Perdonà, Sisto; Buonerba, Carlo; Sonpavde, Guru; Gigantino, Vincenzo; Pannone, Giuseppe; Quarto, Giuseppe; Ferro, Matteo; Gaudioso, Gabriella; Terracciano, Daniela; Di Trolio, Rossella; Rescigno, Pasquale; Botti, Gerardo; De Placido, Sabino; Facchini, Gaetano; Ascierto, Paolo A; Franco, Renato",10.1186/1479-5876-11-161,"BACKGROUND: Penile cancer (PC) is a rare tumor, and therapeutic options are limited for this disease, with an overall 5-year overall survival around 65-70%. Adjuvant therapy is not recommended for patients with N0-1 disease, despite up to 60% of these patients will die within 5 years from diagnosis. METHODS: Medical records of all patients who underwent radical surgery at University Federico II of Naples and at National Tumor Institute ""Pascale"" of Naples for early squamous cell carcinoma of the penis from January, 2000 to December, 2011 were retrieved. Paraffin wax embedded tissue specimens were retrieved from the pathology archives of the participating Institutions for all patients. Expression of p-EGFR, EGFR and positivity to HPV were evaluated along with other histological variables of interest. Demographic data of eligible patients were retrieved along with clinical characteristics such as type of surgical operation, time of follow up, time of recurrence, overall survival. A multivariable model was constructed using a forward stepwise selection procedure. RESULTS: Thirty eligible patients were identified. All patients were positive for EGFR by immunohistochemistry, while 13 and 16 were respectively positive for nuclear and cytosolic p-EGFR. No EGFR amplification was detected by FISH. Eight patients were positive for high-risk HPV by ISH. On univariable analysis, corpora cavernosa infiltration (OR 7.8; 95% CI=0,8 to 75,6; P=0,039) and positivity for cytosolic p-EGFR (OR 7.6; 95% CI =1.49 to 50; P = 0.009) were predictive for recurrence, while only positivity for cytosolic p-EGFR (HR =9.0; 95% CI 1.0-100; P=0,0116) was prognostic for poor survival. CONCLUSION: It is of primary importance to identify patients with N0-1 disease who are at increased risk of recurrence, as they do not normally receive any adjuvant therapy. Expression of p-EGFR was found in this series to be strongly related to increase risk of recurrence and shorter overall survival. This finding is consistent with the role of p-EGFR in other solid malignancies. Integration of p-EGFR with classic prognostic factors and other histology markers should be pursued to establish optimal adjuvant therapy for N0-1 PC patients.",not_reported,https://doi.org/10.1186/1479-5876-11-161,https://doi.org/10.1186/1479-5876-11-161,Excluded,wrong outcome,EGFR/targeteado sin eje inmune,Excluded,wrong outcome,"Study of p-EGFR and recurrence; HPV status appears only as a covariate, with no immune component.",agreement,consensus_excluded,Excluded,not_required_after_initial_screening,Pending,wrong outcome,not_applicable
REC-HPVPSCC-000008,Epidermal growth factor receptor-targeted therapy in locally advanced or metastatic squamous cell carcinoma of the penis.,2014,BJU Int,"Carthon, Bradley C; Ng, Chaan S; Pettaway, Curtis A; Pagliaro, Lance C",10.1111/bju.12450,"OBJECTIVE: To evaluate the safety and efficacy of epidermal growth factor receptor (EGFR)-targeted therapy in patients with advanced penile or scrotal cancer. PATIENTS AND METHODS: We retrospectively reviewed the charts of patients with penile or scrotal squamous cell carcinoma who had visited our tertiary cancer centre between 2002 and 2009, including their subsequent treatment and follow-up. We collected details of EGFR-targeted therapy and clinical outcomes. Treatment-associated time-to-disease-progression (TTP), overall survival (OS), responses to therapy and toxicity were evaluated. RESULTS: A total of 24 patients had received EGFR-targeted therapies, including cetuximab, erlotinib and gefitinib. The most common treatment given (to 67% of patients) was cetuximab combined with one or more cytotoxic drugs. The most common adverse effect was skin rash (71%). The median (range) TTP and OS were 11.3 (1-40) and 29.6 (2-205) weeks, respectively. The OS time for patients with visceral or bone metastases was significantly shorter than it was for those without (24.7 vs 49.9 weeks, P = 0.013). Among 17 patients treated with cetuximab alone or in combination with cisplatin, there were four partial responses (23.5%) including two patients with apparently chemotherapy-resistant tumours. CONCLUSIONS: Our results suggest that cetuximab has antitumour activity in metastatic penile cancer, and may enhance the effect of cisplatin-based chemotherapy. Prospective studies of EGFR-targeted therapies in men with these tumours are warranted.",not_reported,https://doi.org/10.1111/bju.12450,https://doi.org/10.1111/bju.12450,Excluded,wrong outcome,EGFR/targeteado sin eje inmune,Excluded,wrong intervention,Anti-EGFR therapy in advanced penile/scrotal SCC; no TIME and no HPV.,agreement,consensus_excluded,Excluded,not_required_after_initial_screening,Pending,wrong outcome,not_applicable
REC-HPVPSCC-000009,Epidermal growth factor receptor-targeted therapy in squamous cell carcinoma of the penis: a report of 3 cases.,2014,Urology,"Brown, Alev; Ma, Yanling; Danenberg, Kathleen; Schuckman, Anne K; Pinski, Jacek K; Pagliaro, Lance C; Quinn, David I; Dorff, Tanya B",10.1016/j.urology.2013.08.074,"OBJECTIVE: To describe 3 cases of advanced refractory penile cancer treated with targeted therapy against the epidermal growth factor receptor (EGFR). MATERIALS AND METHODS: We identified 3 patients with advanced penile cancer who had disease progression after platinum chemotherapy refractory and who subsequently received EGFR-targeted therapy. Their tumor tissue was evaluated for expression of EGFR by immunohistochemistry and messenger ribonucleic acid quantitation and was also tested for the presence of human papillomavirus deoxyribonucleic acid by line hybridization. K-ras mutation was evaluated by polymerase chain reaction for 6 mutations in codon 12 and 1 mutation in codon 13. RESULTS: One patient responded to cetuximab and remains disease-free 42 months after presentation. One patient responded to panitumumab, then suffered relapse. One other progressed through EGFR-targeted therapy. EGFR expression by immunohistochemistry was 1-2+ in all cases, and messenger ribonucleic acid expression ranged from 4.08 to 7.33. No K-ras mutations or human papillomavirus deoxyribonucleic acid was detected. CONCLUSION: We report 3 cases in which EGFR-targeted therapy was used to treat platinum-refractory penile cancer patients. Because 2 of the 3 had clinical benefit, future prospective trials of EGFR-targeted therapy in penile cancer are warranted.",not_reported,https://doi.org/10.1016/j.urology.2013.08.074,https://doi.org/10.1016/j.urology.2013.08.074,Excluded,wrong outcome,EGFR/targeteado sin eje inmune,Excluded,wrong intervention,Anti-EGFR therapy in 3 cases; HPV was tested but there are no TIME parameters and no immunotherapy.,agreement,consensus_excluded,Excluded,not_required_after_initial_screening,Pending,wrong outcome,not_applicable
REC-HPVPSCC-000010,A case of penile squamous cell carcinoma treated with a combination of antiepidermal growth factor receptor antibody and chemotherapy.,2014,Anticancer Drugs,"Men, Hai-Tao; Gou, Hong-Feng; Qiu, Meng; He, Jian-Ping; Cheng, Ke; Chen, Ye; Ge, Jun; Liu, Ji-Yan",10.1097/cad.0000000000000024,"Our previous study showed that the features of epidermal growth factor receptor (EGFR)-RAS signaling in penile squamous cell carcinoma (SCC) suggested potential benefits of anti-EGFR monoclonal antibodies (mAbs) for penile SCC. Here, we report, for the first time, a combination of nimotuzumab (an EGFR mAb) with chemotherapy that resulted in a partial response in a 44-year-old patient with penile SCC, who developed bilateral inguinal node metastasis after primary partial penile amputation. The literature of case reports of anti-EGFR mAbs in penile SCC was also reviewed.",not_reported,https://doi.org/10.1097/cad.0000000000000024,https://doi.org/10.1097/cad.0000000000000024,Excluded,wrong outcome,EGFR/targeteado sin eje inmune,Excluded,wrong intervention,Case of nimotuzumab plus chemotherapy; no TIME and no HPV.,agreement,consensus_excluded,Excluded,not_required_after_initial_screening,Pending,wrong outcome,not_applicable
REC-HPVPSCC-000011,"Non-squamous cell carcinoma of the penis: single-center, 15-year experience.",2014,World J Urol,"Moses, Kelvin A; Sfakianos, John P; Winer, Andrew; Bernstein, Melanie; Russo, Paul; Dalbagni, Guido",10.1007/s00345-013-1216-y,"PURPOSE: Penile cancer is a rare malignancy with less than 5 % being non-squamous cell carcinoma (SCC) primary malignancies. We report our 15-year experience of treating non-SCC penile cancer at a tertiary care cancer center. METHODS: We identified 12 patients with non-SCC of the penis from 1996 to 2012. Demographic and clinical data were abstracted, including histological type, surgical treatment, adjuvant therapy, and clinical course. RESULTS: Five patients had sarcoma (three leiomyosarcoma, one spindle cell carcinoma, and one epithelioid sarcoma), four had melanoma, two had extramammary Paget's disease (EPD), and one had sebaceous carcinoma. Median follow-up was 37.5 months (mean 45.8 months). Tumor staging for melanoma was pT1aN3, pTisNx, pTxNxM1b, and pT3bN0. Patients with melanoma were treated with penile sparing surgery; two are alive without disease, one is alive with disease, and one patient with metastasis at presentation died of disease at 16.3 months. The patients with sarcoma and deep-seated or node-positive disease died of disease at a mean of 49.7 months. Two patients with EPD were treated with wide local excision of the lesions and were both pT1Nx. The remaining patient had sebaceous carcinoma treated with excisional biopsy and was free of disease at 32.0 months. CONCLUSIONS: Non-SCC of the penis is primarily treated surgically, with the goal of complete excision at the time of treatment. The utilization of lymphadenectomy is less clear in these malignancies, but aggressive approaches should be considered in appropriate patients. Tumor stage and nodal status are important in determining patient outcomes.",not_reported,https://doi.org/10.1007/s00345-013-1216-y,https://doi.org/10.1007/s00345-013-1216-y,Excluded,wrong population,histología no escamosa,Excluded,wrong population,"NON-squamous penile carcinomas (sarcoma, melanoma, Paget disease).",agreement,consensus_excluded,Excluded,not_required_after_initial_screening,Pending,wrong population,not_applicable
REC-HPVPSCC-000012,Human Papillomavirus (HPV)-associated Oral Cancers and Treatment Strategies.,2014,J Dent Res,"Sathish, N; Wang, X; Yuan, Y",10.1177/0022034514527969,"Human papillomavirus (HPV) is known to be associated with several types of human cancer, including cervical, vulvar, vaginal, penile, anal, and head-and-neck cancers. Among these cancers, HPV-associated head-and-neck cancers, inclusive of oropharyngeal squamous cell carcinoma (OSCC) and oral cavity squamous cell carcinomas (OCSCC), have recently risen dramatically in men under 50 years old. Within 20 years, the percentage of HPV-positive OSCC in total OSCC went from less than 20% to more than 70% in the United States and some European countries. This article reviews the incidence trend and pathogenesis of HPV-associated head-and-neck cancers as well as current treatment modalities for the disease.",not_reported,https://doi.org/10.1177/0022034514527969,https://doi.org/10.1177/0022034514527969,Excluded,wrong population,"sitio oral/HN, no pSCC",Excluded,wrong population,HPV-associated oral and head-and-neck cancer; not pSCC.,agreement,consensus_excluded,Excluded,not_required_after_initial_screening,Pending,wrong population,not_applicable
REC-HPVPSCC-000013,Buschke-Lowenstein tumour of glans penis.,2014,Int J Surg Case Rep,"Agarwal, Sunil; Nirwal, Gaurav Kumar; Singh, Harendra",10.1016/j.ijscr.2014.01.023,"INTRODUCTION: Buschke-Löwenstein tumour, also known as Giant condyloma acuminatum, is a rare, sexually transmitted disease that affects ano-genital region. BLT is a slow growing cauliflower-like tumour, locally aggressive and destructive. Human papillomavirus has been identified as an important contributory factor in the development of tumour. PRESENTATION OF CASE: A 45 year uncircumcised male presented with complaints of cauliflower like growth on glans penis. Growth started as a small papule on the corona sulcus at 12 O'clock position 6 months back. Patient developed pain and dysuria due to compression of urethral meatus. Patient has history of multiple sexual partners. DISCUSSION: BLT, first described by Buschke and Lowenstein in 1925. They observed a penile lesion that clinically resembled both common condyloma acuminata and squamous cell carcinoma, but differing from both of them regarding the biological behaviour and the histopathological appearance. GCA can be differentiated from ordinary condylomas by the characteristic ""pushing"" rather than ""infiltrating"" effect that tends to compress and displace the underlying tissue. CONCLUSION: We have successfully treated a penile BLT with surgical excision and no relapse up to 6 months. Surgical excision could be considered an effective therapy in the treatment.",not_reported,https://doi.org/10.1016/j.ijscr.2014.01.023,https://doi.org/10.1016/j.ijscr.2014.01.023,Excluded,wrong outcome,PeIN/BLT sin TIME,Excluded,wrong outcome,Case of Buschke-Lowenstein tumour / giant condyloma; no HPV typing and no immune data.,agreement,consensus_excluded,Excluded,not_required_after_initial_screening,Pending,wrong outcome,not_applicable
REC-HPVPSCC-000014,Classic and nonclassic HLA class I expression in penile cancer and relation to HPV status and clinical outcome.,2015,J Urol,"Djajadiningrat, Rosa S; Horenblas, Simon; Heideman, Daniëlle A M; Sanders, Joyce; de Jong, Jeroen; Jordanova, Ekaterina S",10.1016/j.juro.2014.11.057,"PURPOSE: Loss of expression of HLA class I is a mechanism of immune evasion in various cancers that is often associated with a worse patient outcome. We analyzed HLA expression in a large cohort with penile cancer in relation to clinical outcome. MATERIALS AND METHODS: We used penile cancer tissue blocks from 168 patients who underwent surgical resection between 2000 and 2009 to construct tissue microarrays. Immunohistochemical staining was done with antibodies directed against classic and nonclassic HLA molecules. HLA expression was scored semiquantitatively, divided into 3 expression groups and correlated with clinicopathological variables, including HPV and survival. Survival analysis was performed using the Kaplan-Meier method and Cox proportional hazards models. RESULTS: Complete and partial loss of total classic HLA class I was observed in 32% and 50% of cases, and up-regulation of HLA-E and G in 16% and 13%, respectively. When corrected for relevant clinical parameters, partial HLA-A loss was significantly associated with decreased survival overall (HR 2.3, 95% CI 1.1-4.6) and in HPV negative patients alone (HR 3.4, 95% CI 1.4-8.4). Abnormal HLA-B/C, E or G expression levels were not associated with survival. CONCLUSIONS: To our knowledge this is the first study to describe a link between HLA expression and the clinical outcome of penile cancer. HLA down-regulation occurs frequently and partial loss of HLA-A is an independent predictor of poor survival in HPV negative patients. Complete understanding of the mechanisms and relevance of HLA down-regulation and immune evasion in regard to the clinical outcome will contribute to the future design of immunotherapy interventions.",not_reported,https://doi.org/10.1016/j.juro.2014.11.057,https://doi.org/10.1016/j.juro.2014.11.057,Included,not_applicable,pending,Included,not_applicable,"Classic and non-classic HLA class I in 168 pSCC, correlated with HPV status and survival (immune evasion).",agreement,consensus_included,Included,retrieved,Included,not_applicable,screening/full_text/REC-HPVPSCC-000014.pdf
REC-HPVPSCC-000015,Human papilloma virus status of penile squamous cell carcinoma is associated with differences in tumour-infiltrating T lymphocytes.,2015,Virchows Arch,"Lohneis, Philipp; Boral, Sengül; Kaufmann, Andreas M; Lehmann, Annika; Schewe, Christiane; Dietel, Manfred; Anagnostopoulos, Ioannis; Jöhrens, Korinna",10.1007/s00428-014-1713-4,"Meta-analyses show that approximately half of all squamous cell carcinomas (SCCs) of the penis are associated with a human papillomavirus (HPV) infection. As data about the tumour microenvironment of HPV-positive and HPV-negative penile carcinomas is scarce and conflicting, we examined tumour-infiltrating lymphocyte populations in such cases. The HPV status of 28 penile SCCs was determined by polymerase chain reaction, while the number and distribution of different lymphocyte populations were analysed by immunohistochemistry on whole sections of paraffin-embedded tumour specimens. The average number of tumour-infiltrating T cells in HPV-associated SCC was higher than in HPV-negative SCC, and their phenotype showed strong polarization towards a T helper 1 and cytotoxic immune response. In addition, we identified more tumour-infiltrating regulatory T cells in HPV-positive carcinomas, which might represent a mechanism of immune evasion. The present study provides further evidence that the tumour microenvironment of HPV-positive carcinomas differs from that of HPV-negative carcinomas.",not_reported,https://doi.org/10.1007/s00428-014-1713-4,https://doi.org/10.1007/s00428-014-1713-4,Included,not_applicable,pending,Included,not_applicable,"Core to the review question: tumour-infiltrating lymphocytes by HPV status in pSCC (Th1/cytotoxic polarisation, Tregs).",agreement,consensus_included,Included,unavailable,Pending,not_applicable,not_applicable
REC-HPVPSCC-000016,Pathologic and imunohistochemical characterization of tumoral inflammatory cell infiltrate in invasive penile squamous cell carcinomas: Fox-P3 expression is an independent predictor of recurrence.,2015,Tumour Biol,"Vassallo, José; Rodrigues, André Fellipe Freitas; Campos, Antonio Hugo J F M; Rocha, Rafael Malagoli; da Cunha, Isabela Werneck; Zequi, Stênio Cássio; Guimarães, Gustavo Cardoso; da Fonseca, Francisco Paulo; Lopes, Ademar; Cubilla, Antonio; Soares, Fernando Augusto",10.1007/s13277-014-2864-2,"Penile carcinomas (PeCa) are relatively rare, but devastating neoplasms, more frequent among people of underprivileged socioeconomic status. There is mounting evidence that immune cells may trigger various mechanisms that enhance tumor growth and metastasis, but no data on the peritumoral inflammation is available for PeCa. The objectives of the present study are to evaluate the immunohistomorphology of tumoral inflammation in PeCa, and to correlate it with clinicopathological parameters, which could contribute to the prognostic evaluation. One hundred and twenty-two patients with the diagnosis of usual-type squamous cell penile carcinoma were included. Paraffin-embedded tissue was submitted to immunohistochemical evaluation of p16 protein, CD3, CD4, CD8, CD20, CD68, CD138, granzyme B, and Fox-P3. The Fisher's exact test was employed for comparison between histological variables and parameters, and the Kaplan-Meier method for the analysis of survival. Improved 5-year overall survival was significantly associated to age ≤60 years, stage I + II, tumor size T1 + T2, lymph node status N0, and absent perineural invasion. In a multivariate analysis age ≥60 years, presence of lymph node metastasis, urethral invasion, and high histologic grade retained a significantly more unfavorable outcome. Improved 5-year failure free survival was associated to stage of the disease I + II, lymph node status N0, absence of perineural, vascular, and urethral invasion, and Fox-P3 expression. In a multivariate analysis, presence of lymph node metastasis, perineural and vascular invasion, and of Fox-P3-positive lymphocytes together with low inflammatory infiltrate retained a significantly more unfavorable outcome. These results support the prognostic value of determining the levels of Fox-P3-positive lymphocytes by immunohistochemistry in PeCa, as this parameter adds value to the traditional clinicopathological features.",not_reported,https://doi.org/10.1007/s13277-014-2864-2,https://doi.org/10.1007/s13277-014-2864-2,Included,not_applicable,pending,Included,not_applicable,Inflammatory infiltrate in 122 pSCC: CD3/CD4/CD8/CD68/FoxP3/granzyme B and p16; FoxP3 an independent predictor of recurrence.,agreement,consensus_included,Included,unavailable,Pending,not_applicable,not_applicable
REC-HPVPSCC-000017,Mechanisms of virus immune evasion lead to development from chronic inflammation to cancer formation associated with human papillomavirus infection.,2012,Oncol Rev,"Senba, Masachika; Mori, Naoki",10.4081/oncol.2012.e17,"Human papillomavirus (HPV) has developed strategies to escape eradication by innate and adaptive immunity. Immune response evasion has been considered an important aspect of HPV persistence, which is the main contributing factor leading to HPV-related cancers. HPV-induced cancers expressing viral oncogenes E6 and E7 are potentially recognized by the immune system. The major histocompatibility complex (MHC) class I molecules are patrolled by natural killer cells and CD8+ cytotoxic T lymphocytes, respectively. This system of recognition is a main target for the strategies of immune evasion deployed by viruses. The viral immune evasion proteins constitute useful tools to block defined stages of the MHC class I presentation pathway, and in this way HPV avoids the host immune response. The long latency period from initial infection to persistence signifies that HPV evolves mechanisms to escape the immune response. It has now been established that there are oncogenic mechanisms by which E7 binds to and degrades tumor suppressor Rb, while E6 binds to and inactivates tumor suppressor p53. Therefore, interaction of p53 and pRb proteins can give rise to an increased immortalization and genomic instability. Overexpression of NF-κB in cervical and penile cancers suggests that NF-κB activation is a key modulator in driving chronic inflammation to cancer. HPV oncogene-mediated suppression of NF-κB activity contributes to HPV escape from the immune system. This review focuses on the diverse mechanisms of the virus immune evasion with HPV that leads to chronic inflammation and cancer.",not_reported,https://doi.org/10.4081/oncol.2012.e17,https://doi.org/10.4081/oncol.2012.e17,Included,not_applicable,revisión/contexto,Excluded,wrong population,"Review of HPV immune evasion in general (MHC-I, CD8); no pSCC-specific data.",conflict,consensus_excluded,Excluded,not_required_after_initial_screening,Pending,wrong population,not_applicable
REC-HPVPSCC-000018,Panitumumab Treatment for Advanced Penile Squamous Cell Carcinoma When Surgery and Chemotherapy Have Failed.,2016,Clin Genitourin Cancer,"Necchi, Andrea; Giannatempo, Patrizia; Lo Vullo, Salvatore; Raggi, Daniele; Nicolai, Nicola; Colecchia, Maurizio; Perrone, Federica; Mariani, Luigi; Salvioni, Roberto",10.1016/j.clgc.2015.08.001,"BACKGROUND: Patients with metastatic penile squamous cell carcinoma (SCC) have a poor prognosis and treatment options are needed when chemotherapy treatment fails. We present the final results of panitumumab treatment from our original series. PATIENTS AND METHODS: Eligibility included patients with unresectable or metastatic penile SCC, Eastern Cooperative Oncology Group performance status of 0 to 2, and failure of at least 1 chemotherapy regimen. Patients received panitumumab 6.0 mg/kg every 2 weeks until disease progression or unacceptable toxicity. Response was assessed by clinical examination or Response Evaluation Criteria in Solid Tumors version 1.1 criteria every 6 weeks, when applicable. Descriptive statistics were calculated and univariable Cox proportional hazards regression analysis was conducted. RESULTS: Between October 2010 and July 2013, 11 patients were treated. After a median of 5 panitumumab administrations (range, 1-11), we recorded 1 case of Grade 3 cutaneous toxicity and diarrhea each, and 2 cases of Grade 3 mucositis. One patient discontinued treatment because of skin toxicity. Two patients had a complete remission of skin nodules and of skin and nodal metastases, respectively. One patient had a partial regression of skin metastases, and 2 patients stable disease (clinical benefit: 45.5%). Median progression-free survival was 1.9 months (interquartile range [IQR], 0.9-3.0 months) and median overall survival (OS) was 9.5 months (IQR, 4.9-12.6). The presence of visceral metastases showed a trend for association with worse OS (P = .098). CONCLUSION: Panitumumab was active and safe in patients with highly pretreated penile SCC. The design of combination or sequential strategies with chemotherapy and in an earlier disease stage is warranted.",not_reported,https://doi.org/10.1016/j.clgc.2015.08.001,https://doi.org/10.1016/j.clgc.2015.08.001,Excluded,wrong outcome,panitumumab/EGFR sin eje inmune TIME,Excluded,wrong intervention,"Panitumumab in advanced pSCC; anti-EGFR, no TIME and no HPV.",agreement,consensus_excluded,Excluded,not_required_after_initial_screening,Pending,wrong outcome,not_applicable
REC-HPVPSCC-000019,Comprehensive Genomic Profiling of Advanced Penile Carcinoma Suggests a High Frequency of Clinically Relevant Genomic Alterations.,2016,Oncologist,"Ali, Siraj M; Pal, Sumanta K; Wang, Kai; Palma, Norma A; Sanford, Eric; Bailey, Mark; He, Jie; Elvin, Julia A; Chmielecki, Juliann; Squillace, Rachel; Dow, Edward; Morosini, Deborah; Buell, Jamie; Yelensky, Roman; Lipson, Doron; Frampton, Garrett M; Howley, Peter; Ross, Jeffrey S; Stephens, Philip J; Miller, Vincent A",10.1634/theoncologist.2015-0241,"BACKGROUND: Advanced penile squamous cell carcinoma (PSCC) is associated with poor survival due to the aggressiveness of the disease and lack of effective systemic therapies. Comprehensive genomic profiling (CGP) was performed to identify clinically relevant genomic alterations (CRGAs). MATERIALS AND METHODS: DNA was extracted from 40 μm of formalin-fixed, paraffin-embedded sections in patients with advanced PSCC. CGP was performed on hybridization-captured, adaptor ligation-based libraries to a mean coverage depth of 692× for 3,769 exons of 236 cancer-related genes plus 47 introns from 19 genes frequently rearranged in cancer. CRGAs were defined as genomic alterations (GAs) linked to targeted therapies on the market or under evaluation in mechanism-driven clinical trials. RESULTS: Twenty male patients with a median age of 60 years (range, 46-87 years) were assessed. Seventeen (85%) cases were stage IV and three cases (15%) were stage III. CGP revealed 109 GAs (5.45 per tumor), 44 of which were CRGAs (2.2 per tumor). At least one CRGA was detected in 19 (95%) cases, and the most common CRGAs were CDKN2A point mutations and homozygous deletion (40%), NOTCH1 point mutations and rearrangements (25%), PIK3CA point mutations and amplification (25%), EGFR amplification (20%), CCND1 amplification (20%), BRCA2 insertions/deletions (10%), RICTOR amplifications (10%), and FBXW7 point mutations (10%). CONCLUSION: CGP identified CRGAs in patients with advanced PSCC, including EGFR amplification and PIK3CA alterations, which can lead to the rational administration of targeted therapy and subsequent benefit for these patients. IMPLICATIONS FOR PRACTICE: Few treatment options exist for patients with advanced penile squamous cell carcinoma (PSCC). Outcomes are dismal with platinum-based chemotherapy, with median survival estimated at 1 year or less across multiple series. Biological studies of patients with PSCC to date have principally focused on human papillomavirus status, but few studies have elucidated molecular drivers of the disease. To this end, comprehensive genomic profiling was performed in a cohort of 20 patients with advanced PSCC. Findings of frequent mutations in CDKN2A, NOTCH1, PIK3CA, and EGFR (all in excess of 20%) point to potential therapeutic avenues. Trials of targeted therapies directed toward these mutations should be explored.",not_reported,https://doi.org/10.1634/theoncologist.2015-0241,https://doi.org/10.1634/theoncologist.2015-0241,Excluded,wrong outcome,EGFR/targeteado sin eje inmune,Excluded,wrong outcome,"Comprehensive genomic profiling of advanced pSCC (CDKN2A, NOTCH1, PIK3CA, EGFR); full abstract checked: no PD-L1, no TIME and no immune stratification by HPV.",agreement,consensus_excluded,Excluded,not_required_after_initial_screening,Pending,wrong outcome,not_applicable
REC-HPVPSCC-000020,Frequent PD-L1 expression in primary and metastatic penile squamous cell carcinoma: potential opportunities for immunotherapeutic approaches.,2016,Ann Oncol,"Udager, A M; Liu, T-Y; Skala, S L; Magers, M J; McDaniel, A S; Spratt, D E; Feng, F Y; Siddiqui, J; Cao, X; Fields, K L; Morgan, T M; Palapattu, G S; Weizer, A Z; Chinnaiyan, A M; Alva, A; Montgomery, J S; Tomlins, S A; Jiang, H; Mehra, R",10.1093/annonc/mdw216,"BACKGROUND: Despite aggressive multimodal therapy, locally advanced and/or metastatic penile squamous cell carcinoma (SqCC) is associated with significant morbidity and mortality, indicating a need for new therapeutic options. Given the emerging clinical utility of immunotherapeutics, we sought to assess the incidence and potential clinical significance of PD-L1 expression in penile SqCC. PATIENTS AND METHODS: Using an anti-PD-L1 primary antibody (clone 5H1), immunohistochemistry was carried out on whole tumor sections from 37 patients with penile SqCC treated at our institution between 2005 and 2013. PD-L1-positive tumors were defined as those with membranous staining in ≥5% of tumor cells. Association between PD-L1 expression and clinicopathologic parameters was examined using Fisher's exact test. Correlation between PD-L1 expression in primary tumors and matched metastases was assessed using the Spearman rank correlation coefficient (ρ). The difference in cancer-specific mortality between PD-L1-positive and -negative groups was examined using the log-rank test. RESULTS: Twenty-three (62.2%) of 37 primary tumors were positive for PD-L1 expression, and there was strong positive correlation of PD-L1 expression in primary and metastatic samples (ρ = 0.72; 0.032 < P < 0.036). Primary tumor PD-L1 expression was significantly associated with usual type histology (P = 0.040) and regional lymph node metastasis (P = 0.024), as well as decreased cancer-specific survival (P = 0.011). CONCLUSIONS: The majority of primary penile SqCC tumors express PD-L1, which is associated with high-risk clinicopathologic features and poor clinical outcome. These data provide a rational basis for further investigation of anti-PD-1 and anti-PD-L1 immunotherapeutics in patients with advanced penile SqCC.",not_reported,https://doi.org/10.1093/annonc/mdw216,https://doi.org/10.1093/annonc/mdw216,Included,not_applicable,pending,Included,not_applicable,PD-L1 in primary and metastatic pSCC (37 patients) with cancer-specific mortality.,agreement,consensus_included,Included,retrieved,Included,not_applicable,screening/full_text/REC-HPVPSCC-000020.pdf
REC-HPVPSCC-000021,PD-L1 expression in penile cancer: a new frontier for immune checkpoint inhibitors?,2016,Ann Oncol,"Al-Ahmadie, H",10.1093/annonc/mdw268,[Resumen no disponible],not_reported,https://doi.org/10.1093/annonc/mdw268,https://doi.org/10.1093/annonc/mdw268,Included,not_applicable,sin abstract; por título,Excluded,wrong publication type,"Editorial/commentary in Ann Oncol on PD-L1 in penile cancer, without abstract or primary data. Topic is relevant: if R1 decides to admit contextualisation material without primary data, review at full text.",conflict,consensus_excluded,Excluded,not_required_after_initial_screening,Pending,wrong publication type,not_applicable
REC-HPVPSCC-000022,Immune-checkpoint status in penile squamous cell carcinoma: a North American cohort.,2017,Hum Pathol,"Cocks, Margaret; Taheri, Diana; Ball, Mark W; Bezerra, Stephania M; Del Carmen Rodriguez, Maria; Ricardo, Bernardo F P; Bivalacqua, Trinity J; Sharma, Rajni B; Meeker, Alan; Chaux, Alcides; Burnett, Arthur L; Netto, George J",10.1016/j.humpath.2016.09.003,"Penile squamous cell carcinoma (SCC) is primarily treated by surgical resection. Locally advanced and metastatic diseases require a multidisciplinary treatment approach. However, mortality and morbidity remain high, and novel molecular and immunotherapeutic targets are actively being sought. We investigated the expression of immune-checkpoint markers in penile cancers. Fifty-three invasive penile SCCs diagnosed between 1985 and 2013 were retrieved from our surgical pathology archives. Representative formalin-fixed, paraffin-embedded archival blocks were used for the construction of 2 high-density tissue microarrays. Tissue microarrays were stained with immunohistochemistry for PD-L1, FOXP3, CD8, and Ki-67. PD-L1 was investigated using rabbit monoclonal anti-PD-L1 antibody (Cell Signaling, Boston, MA; E1L3N, 1:100). Overall, 21 (40%) of 53 penile SCCs had positive PD-L1 expression. PD-L1 was expressed by a significant proportion of advanced penile SCC. Forty-four percent (15/34) of stage pT2 or more SCC and 38% (6/16) of tumors with lymph node metastasis were positive for PD-L1. PD-L1 expression did not correlate with patient age, tumor location, histologic subtype, tumor stage, anatomic depth of invasion, or tumor grade. FOXP3 expression in tumoral immune cells was found in 26 (49%) of 53 cases. FOXP3 expression in stromal immune cells correlated with tumor thickness (P = .0086). The ratio of CD8/FOXP3 was greater than 1 in 62% of cases in tumor-infiltrating immune cells and 34% of cases in stromal immune cells. Our current study is the largest to assess expression of PD-L1 in a clinically well-annotated North American cohort of penile SCC. Our findings support a rationale for targeting immune-checkpoint inhibitor pathways in advanced penile SCC.",not_reported,https://doi.org/10.1016/j.humpath.2016.09.003,https://doi.org/10.1016/j.humpath.2016.09.003,Included,not_applicable,pending,Included,not_applicable,"North American cohort: PD-L1, FOXP3, CD8 and Ki-67 in 53 pSCC. (Chaux A. co-authorship - same criterion applied as to every other record.)",agreement,consensus_included,Included,retrieved,Included,not_applicable,screening/full_text/REC-HPVPSCC-000022.pdf
REC-HPVPSCC-000023,Expression of Programmed Death Ligand 1 in Penile Cancer is of Prognostic Value and Associated with HPV Status.,2017,J Urol,"Ottenhof, Sarah R; Djajadiningrat, Rosa S; de Jong, Jeroen; Thygesen, Helene H; Horenblas, Simon; Jordanova, Ekaterina S",10.1016/j.juro.2016.09.088,"PURPOSE: PD-L1 (programmed death ligand 1) inhibits T-cell function and prevents tumor eradication. This is facilitated by PD-L1 positive tumor cells and PD-L1 positive immune cells, and can be prevented by anti-PD-1 (programmed death 1)/PD-L1 immunotherapy. In advanced penile cancer there is a need for new therapeutic strategies. We investigated PD-L1 expression in penile cancers and compared PD-L1 expression with disease specific survival, lymph node metastases at diagnosis and high risk HPV status in a large patient cohort. MATERIALS AND METHODS: A total of 213 primary tumors were immunohistochemically stained for PD-L1 and scored for tumor (percentage), stroma (binary) and PD-L1 positive tumor infiltrating macrophages. Additionally, PD-L1 positive tumors were scored for expression pattern, that is diffuse or predominantly present at the tumor-stroma margin. RESULTS: Staining was successful in 200 tumors, of which 75% were high risk HPV negative. Median followup was 62 months. Of 200 tumors 96 (48%) were PD-L1 positive (scored 1% or greater), of which 59 (62%) had a marginal expression pattern and 79 (82%) were high risk HPV negative (p = 0.03). Compared to PD-L1 negative tumors, the PD-L1 expression patterns had different prognostic values in the whole cohort as well as in the high risk HPV negative subgroup. On multivariable analyses a marginal expression pattern was associated with absent lymph node metastases (OR 0.4) while diffuse expression was associated with poor survival (HR 2.58). These results were more prominent in the high risk HPV negative subgroup (OR 0.25, HR 3.92). CONCLUSIONS: PD-L1 was expressed in 48% of penile carcinomas and mainly in high risk HPV negative tumors. The pattern of expression was a prognostic factor as marginal expression was associated with absent lymph node metastases and diffuse expression was associated with poor survival.",not_reported,https://doi.org/10.1016/j.juro.2016.09.088,https://doi.org/10.1016/j.juro.2016.09.088,Included,not_applicable,pending,Included,not_applicable,"PD-L1 in 213 pSCC, prognostic value and association with high-risk HPV status.",agreement,consensus_included,Included,retrieved,Included,not_applicable,screening/full_text/REC-HPVPSCC-000023.pdf
REC-HPVPSCC-000024,Penile cancer: Prognostic value of PD-L1 status.,2016,Nat Rev Urol,"Thoma, Clemens",10.1038/nrurol.2016.208,[Resumen no disponible],not_reported,https://doi.org/10.1038/nrurol.2016.208,https://doi.org/10.1038/nrurol.2016.208,Included,not_applicable,sin abstract; por título,Excluded,wrong publication type,Nat Rev Urol research highlight without abstract or primary data.,conflict,consensus_excluded,Excluded,not_required_after_initial_screening,Pending,wrong publication type,not_applicable
REC-HPVPSCC-000025,Carbon dioxide laser treatment of penile intraepithelial neoplasia.,2017,Surgeon,"Zreik, Abdullah; Rewhorn, Matthew; Vint, Ross; Khan, Rehan; Hendry, David",10.1016/j.surge.2016.11.001,"INTRODUCTION & OBJECTIVE: The non-invasive nature of penile intraepithelial neoplasia (PeIN) allows for curative penile sparing therapy and is recommended, in their guidelines, by the European Association of Urology (EAU). Treatment options include topical chemotherapy, immunotherapy, laser treatment, photodynamic therapy and surgical excision. Our primary aim was to evaluate the outcome of carbon dioxide (CO₂) laser treatment of penile intraepithelial neoplasia. METHODS: A retrospective review of 47 patients who underwent CO₂ laser ablation of PeIN, from May 2008 to June 2015, in our tertiary referral centre was performed. All patients underwent acetic acid mapping and had their lesions ablated with a Lumenis Shaplan CO₂ laser device. Patients had regular follow up and further suspicious areas underwent re-biopsy. RESULTS: Forty-seven men had primary PeIN. After laser treatment, 8 men (17%) had a recurrence and the average time to recurrence was 19.4 months. Seven of the eight patients with recurrences, pathologically had further PeIN and one patient developed G1 pT1 disease. These patients underwent further laser treatment, glans resurfacing or local excision. No patients required penectomy. The average length of follow-up was 29 months (rg: 1-76). Penile cancer-specific survival was 100% and overall survival 98%. No patients required re-admission or developed other long-term complications, such as meatal stenosis from their treatment. CONCLUSION: Carbon dioxide laser treatment for penile intra-epithelial neoplasia is effective due to its 100% response rate, low progression rate and lower recurrence rate compared with topical agents. The laser has minimal morbidity with cosmetically acceptable outcomes compared to more invasive resurfacing surgeries.",not_reported,https://doi.org/10.1016/j.surge.2016.11.001,https://doi.org/10.1016/j.surge.2016.11.001,Excluded,wrong outcome,PeIN + laser; IT solo listada entre opciones,Excluded,wrong intervention,"CO2 laser ablation for PeIN; therapeutic outcome, no TIME and no HPV.",agreement,consensus_excluded,Excluded,not_required_after_initial_screening,Pending,wrong outcome,not_applicable
REC-HPVPSCC-000026,The evolving landscape in advanced penile cancer.,2015,Future Sci OA,"Buonerba, Carlo; Di Lorenzo, Giuseppe; Calderoni, Giuseppe; Ferro, Matteo; Perri, Francesco; Lombardi, Lucia; Ardito, Raffaele; Federico, Piera; Placido, Sabino De; Aieta, Michele",10.4155/fso.15.7,[Resumen no disponible],not_reported,https://doi.org/10.4155/fso.15.7,https://doi.org/10.4155/fso.15.7,Excluded,wrong outcome,pSCC sin TIME/HPV/IT,Excluded,wrong publication type,Short editorial without abstract on advanced penile cancer; no primary data.,agreement,consensus_excluded,Excluded,not_required_after_initial_screening,Pending,wrong outcome,not_applicable
REC-HPVPSCC-000027,"Prognostic and Predictive Factors in Patients with Advanced Penile Cancer Receiving Salvage (2nd or Later Line) Systemic Treatment: A Retrospective, Multi-Center Study.",2016,Front Pharmacol,"Buonerba, Carlo; Di Lorenzo, Giuseppe; Pond, Gregory; Cartenì, Giacomo; Scagliarini, Sarah; Rozzi, Antonio; Quevedo, Fernando J; Dorff, Tanya; Nappi, Lucia; Lanzetta, Gaetano; Pagliaro, Lance; Eigl, Bernhard J; Naik, Gurudatta; Ferro, Matteo; Galdiero, Mariano; De Placido, Sabino; Sonpavde, Guru",10.3389/fphar.2016.00487,"Introduction and objectives: Metastatic penile squamous cell carcinoma (PSCC) is associated with dismal outcomes with median overall survival (OS) of 6-12 months in the first-line and <6 months in the salvage setting. Given the rarity of this disease, randomized trials are difficult. Prognostic risk models may assist in rational drug development by comparing observed outcomes in nonrandomized phase II studies and retrospective data vs. predicted outcomes based on baseline prognostic factors in the context of historically used agents. In this retrospective study, we constructed a prognostic model in the salvage setting of PSCC patients receiving second or later line systemic treatment, and also explored differences in outcomes based on type of treatment. Materials and methods: We performed a chart review to identify patients with locally advanced unresectable or metastatic PSCC who received second or later line systemic treatment in centers from North America and Europe. The primary outcome was OS from initiation of treatment, with secondary outcomes being progression-free survival (PFS) and response rate (RR). OS was estimated using the Kaplan-Meier method. Cox proportional hazards regression was used to identify prognostic factors for outcomes using univariable and multivariable models. Results: Sixty-five patients were eligible. Seventeen of 63 evaluable patients had a response (27.0%, 95% confidence interval [CI] = 16.6-39.7%) and median OS and PFS were 20 (95% CI = 20-21) and 12 (95% CI = 12, 16) weeks, respectively. Visceral metastasis (VM) and hemoglobin (Hb) ≤ 10 gm/dl were consistently significant poor prognostic factors for both OS and PFS, and Hb was also prognostic for response. The 28 patients with neither risk factor had a median OS (95% CI) of 24 (20-40) weeks and 1-year (95% CI) OS of 13.7% (4.4-42.7%), while the 37 patients with 1 or 2 risk factors had median OS (95% CI) of 20 (16-20) weeks and 1-year (95% CI) OS of 6.7% (1.8-24.9%). Cetuximab-including regimens were associated with a trend for improved RR compared to other agents (Odds ratio = 5.05, 95% CI = 0.84-30.37, p = 0.077). Taxanes vs. non-taxane, and combination vs. single agent therapy was not associated with improved outcomes. The study is limited by its modest sample size. Conclusion: This is the first prognostic classification proposed for patients receiving salvage systemic therapy for advanced PSCC. The presence of VM and Hb ≤ 10 gm/dl was associated with poor OS and PFS. Cetuximab appeared to be associated with better RR. This prognostic model may assist in salvage therapy drug development for this orphan disease by improving interpretation of outcomes seen in nonrandomized data.",not_reported,https://doi.org/10.3389/fphar.2016.00487,https://doi.org/10.3389/fphar.2016.00487,Excluded,wrong outcome,QT salvamento sin TIME,Excluded,wrong intervention,Prognostic model for salvage systemic treatment (chemotherapy); no TIME and no HPV.,agreement,consensus_excluded,Excluded,not_required_after_initial_screening,Pending,wrong outcome,not_applicable
REC-HPVPSCC-000028,Tumor PD-L1 expression is correlated with increased TILs and poor prognosis in penile squamous cell carcinoma.,2017,Oncoimmunology,"Deng, Chuangzhong; Li, Zaishang; Guo, Shengjie; Chen, Peng; Chen, Xiaofeng; Zhou, Qianghua; Chen, Jieping; Yu, Xingsu; Wu, Xiaoliang; Ma, Wenjuan; Xie, Qiankun; Ye, Yunlin; Li, Yonghong; Qin, Zike; Liu, Zhuowei; Liu, Ranyi; Zhang, Zhenfeng; Yao, Kai; Han, Hui; Zhou, Fangjian",10.1080/2162402x.2016.1269047,"Despite its rare incidence worldwide, penile squamous cell carcinoma (PeSCC) still presents with significant morbidity and mortality due to the limited treatment options for advanced patients, especially those in developing countries. The program death-1 (PD-1)/PD-1 ligand (PD-L1) axis has been demonstrated to play an important role in tumor immune escape, and immunotherapies targeting this pathway have shown great success in certain cancer types. Here, we analyzed the expression pattern of PD-L1 in tumor cells and tumor-infiltrating lymphocytes (TILs) in PeSCC with a multi-center cohort. We found that the majority of PeSCCs (53.4%) were PD-L1-positive and that high PD-L1 expression in tumor cells was associated with a poor prognosis. Notably, PD-L1 expression in tumor cells was significantly associated with the extent of TILs and CD8⁺ TILs. Quantitative reverse transcriptase polymerase chain reaction (qRT-PCR) showed that PD-L1 was positively correlated with interferon-gamma (IFNγ) and CD8⁺ gene expression. Moreover, we defined the constitutive and inducible surface expression of PD-L1 in newly established primary PeSCC cell lines. Interestingly, two PeSCC cell lines had high intrinsic PD-L1 expression. Another cell line showed low PD-L1 expression, but the PD-L1 expression could be induced by IFNγ stimulation. Overall, our data showed that high PD-L1 expression in penile tumor cells indicated a poor prognosis. The upregulation of PD-L1 in PeSCC included both extrinsic and intrinsic mechanisms. These findings indicated that the PD-1/PD-L1 axis might be a potential therapeutic target for patients with penile squamous cell carcinoma.",not_reported,https://doi.org/10.1080/2162402x.2016.1269047,https://doi.org/10.1080/2162402x.2016.1269047,Included,not_applicable,pending,Included,not_applicable,"PD-L1 in tumour cells and TIL/CD8 in a multicentre pSCC cohort, with prognosis.",agreement,consensus_included,Included,retrieved,Included,not_applicable,screening/full_text/REC-HPVPSCC-000028.pdf
REC-HPVPSCC-000029,Kinase analysis of penile squamous cell carcinoma on multiple platforms to identify potential therapeutic targets.,2017,Oncotarget,"Yang, Eddy S; Willey, Christopher D; Mehta, Amitkumar; Crowley, Michael R; Crossman, David K; Chen, Dongquan; Anderson, Joshua C; Naik, Gurudatta; Della Manna, Deborah L; Cooper, Tiffiny S; Sonpavde, Guru",10.18632/oncotarget.15558,"Penile squamous cell carcinoma (PSCC) is an orphan malignancy with poorly understood biology and suboptimal systemic therapy. Given that kinases may be drivers and readily actionable, we performed comprehensive multiplatform analysis of kinases in PSCC tumor and normal tissue. Fresh frozen tumors were collected from 11 patients with PSCC. After macrodissection to demarcate tumor from normal tissue, the samples underwent multiplatform analysis of kinases. Next Generation Sequencing (NGS) of 517 kinase genes was performed using Agilent Kinome capture and run on the Illumina MiSeq at PE150bp. The NanoString nCounter® platform analyzed the expression of 519 kinase genes. Kinase activity of tissue lysates was measured using PamStation®12 high-content phospho-peptide substrate microarray system. Network mapping was done with GeneGo MetaCore™ and upstream kinase prediction was performed with BioNavigator and the Kinexus database. Ingenuity pathway analysis was performed to integrate elevated kinase activity and gene over-expression with coexisting missense mutations at DNA level. Top pathways upregulated in both the kinase activity and gene expression platforms were PTEN, STAT3, GNRH, IL-8 and B cell receptor signaling. Potentially relevant missense mutations were seen in 176 kinase genes, with the top altered pathways overlapping with gene overexpression being GNRH, NF-kB and STAT3 signaling. ERBB2, ERBB3 and SYK were altered on NGS and also exhibited elevated kinase activity. To summarize, multiplatform comprehensive analysis of kinases discovered potential drivers of PSCC and actionable therapeutic targets. Translational studies are necessary to validate the functional relevance of our data to make advances in this rare malignancy.",not_reported,https://doi.org/10.18632/oncotarget.15558,https://doi.org/10.18632/oncotarget.15558,Excluded,wrong outcome,molecular/clínico sin TIME/IT,Excluded,wrong outcome,"Kinase analysis in pSCC; molecular, non-immune outcome.",agreement,consensus_excluded,Excluded,not_required_after_initial_screening,Pending,wrong outcome,not_applicable
REC-HPVPSCC-000030,Evolving adoptive cellular therapies in urological malignancies.,2017,Lancet Oncol,"Wong, Yien Ning Sophia; Joshi, Kroopa; Pule, Martin; Peggs, Karl S; Swanton, Charles; Quezada, Sergio A; Linch, Mark",10.1016/s1470-2045(17)30327-3,"Immunotherapies have long been used to treat urological cancers but rarely lead to cure. In the past 5 years, success of immune checkpoint inhibition has led to a resurgence of enthusiasm for immunotherapy in the treatment of solid tumours. Increased understanding of tumour immune biology, technological advancements of gene transfer and cell culture, and improved clinical infrastructures for routine delivery of cell products, has made cell-based immunotherapeutics a real prospect for cancer therapy. These scientific and clinical activities, attempting to exploit the innate and adaptive immune systems for therapeutic gain, are well exemplified by the urological malignancies of renal, bladder, prostate, and penile cancer, a group of anatomically localised diseases, each with a distinct biology and different immunotherapeutic challenges. In this Review, we present the results of clinical studies investigating autologous cellular therapies in urological malignancies. Specifically, we discuss the rationale for upcoming studies, and how novel therapies and adoptive cell combinations can be used for personalised cancer therapy.",not_reported,https://doi.org/10.1016/s1470-2045(17)30327-3,https://doi.org/10.1016/s1470-2045(17)30327-3,Included,not_applicable,revisión/contexto,Maybe,not_applicable,"Review of adoptive cell therapies in urological malignancies; penile cancer is one of four tumours, contextual value only.",conflict,consensus_excluded,Excluded,not_required_after_initial_screening,Pending,wrong population,not_applicable
REC-HPVPSCC-000031,Current Management Strategy for Penile Cancer and Future Directions.,2017,Curr Oncol Rep,"Dorff, Tanya B; Ballas, Leslie K; Schuckman, Anne K",10.1007/s11912-017-0615-4,"PURPOSE OF REVIEW: The aim of this review is to evaluate the trends in multidisciplinary management of localized penile cancer and systemic therapy for advanced disease in the evolving era of targeted and immune checkpoint therapy. RECENT FINDINGS: Organ preservation (surgical or incorporating radiation) and reconstructive techniques are important considerations for quality of life in penile cancer survivors. Although local recurrence may be higher with organ preservation, salvage therapy appears successful. Inguinal and pelvic node management requires multidisciplinary care, including chemotherapy; optimal use of radiation has not been fully defined. Advanced in understanding the biology of penile cancer, particularly with regard to epidermal growth factor receptor (EGFR) and HPV status, have led to clinical trials of targeted and immune therapy for patients with refractory disease. Refinements in the management of penile cancer are occurring, though level 1 evidence remains scarce. Referral to specialized centers will facilitate successful completion of clinical trials to advance standard care in this disease.",not_reported,https://doi.org/10.1007/s11912-017-0615-4,https://doi.org/10.1007/s11912-017-0615-4,Excluded,wrong outcome,pase: management review; IT no es eje,Included,not_applicable,Review of penile cancer management addressing HPV status and immune checkpoint trials (contextualisation).,conflict,consensus_excluded,Excluded,not_required_after_initial_screening,Pending,wrong outcome,not_applicable
REC-HPVPSCC-000032,Neuroendocrine factors: The missing link in non‑melanoma skin cancer (Review).,2017,Oncol Rep,"Lupu, Mihai; Caruntu, Ana; Caruntu, Constantin; Papagheorghe, Laura Maria Lucia; Ilie, Mihaela Adriana; Voiculescu, Vlad; Boda, Daniel; Constantin, Carolina; Tanase, Cristiana; Sifaki, Maria; Drakoulis, Nikolaos; Mamoulakis, Charalampos; Tzanakakis, George; Neagu, Monica; Spandidos, Demetrios A; Izotov, Boris N; Tsatsakis, Aristides M",10.3892/or.2017.5817,"Non‑melanoma skin cancer (NMSC) is the most common form of cancer worldwide, comprising 95% of all cutaneous malignancies and approximately 40% of all cancers. In spite of intensive efforts aimed towards awareness campaigns and sun‑protective measures, epidemiological data indicate an increase in the incidence of NMSC. This category of skin cancers has many common environmental triggers. Arising primarily on sun‑exposed skin, it has been shown that ultraviolet radiation is, in the majority of cases, the main trigger involved in the pathogenesis of NMSC. Aside from the well‑known etiopathogenic factors, studies have indicated that several neuroactive factors are involved in the carcinogenesis of two of the most common types of NMSC, namely basal cell carcinoma (BCC) and squamous cell carcinoma (SCC), with the exception of penile SCC, for which a paucity of specific data on their pathogenic role exists. The complex interaction between the peripheral nervous system and target cells in the skin appears to be mediated by locally released neuroendocrine factors, such as catecholamines, substance P, calcitonin gene‑related peptide and somatostatin, as well as neurohormones, such as proopiomelanocortin and its derived peptides, α‑melanocyte‑stimulating hormone and adrenocorticotropin. All these factors have been, at least at some point, a subject of debate regarding their precise role in the pathogenesis of NMSC. There is also a significant body of evidence indicating that psychological stress is a crucial impact factor influencing the course of skin cancers, including SCC and BCC. Numerous studies have suggested that neuroendocrine factor dysregulation, as observed in stress reactions, may be involved in tumorigenesis, accelerating the development and progression, and suppressing the regression of NMSC. Further studies are required in order to elucidate the exact mechanisms through which neuroactive molecules promote or inhibit cutaneous carcinogenesis, as this could lead to the development of more sophisticated and tailored treatment protocols, as well as open new perspectives in skin cancer research.",not_reported,https://doi.org/10.3892/or.2017.5817,https://doi.org/10.3892/or.2017.5817,Excluded,wrong outcome,pSCC sin TIME/HPV/IT,Excluded,wrong population,Review of neuroendocrine factors in non-melanoma skin cancer; pSCC explicitly outside the scope of available data.,agreement,consensus_excluded,Excluded,not_required_after_initial_screening,Pending,wrong outcome,not_applicable
REC-HPVPSCC-000033,Advances in Understanding of Penile Carcinogenesis: The Search for Actionable Targets.,2017,Int J Mol Sci,"Chipollini, Juan; Chaing, Sharon; Azizi, Mounsif; Kidd, Laura C; Kim, Patricia; Spiess, Philippe E",10.3390/ijms18081777,"Penile cancer (PeCa) is a rare malignancy with potentially devastating effects. Squamous cell carcinoma is the most common variant with distinct precancerous lesions before development into invasive disease. Involvement of the inguinal lymph nodes is the most important prognostic factor in PeCa, and once disease is present outside the groin, prognosis is poor. Metastatic PeCa is challenging to treat and often requires multidisciplinary approaches in management. Due to its rarity, molecular understanding of the disease continues to be limited with most studies based on small, single center series. Thus far, it appears PeCa has diverse mechanisms of carcinogenesis affecting similar molecular pathways. In this review, we evaluate the current landscape of the molecular carcinogenesis of PeCa and explore ongoing research on potential actionable targets of therapy. The emergence of anti-epidermal growth factor receptor (EGFR) and other immunotherapeutic strategies may improve outcomes for PeCa patients.",not_reported,https://doi.org/10.3390/ijms18081777,https://doi.org/10.3390/ijms18081777,Excluded,wrong outcome,targets moleculares; IT no es foco,Included,not_applicable,Review of pSCC carcinogenesis with actionable targets and immunotherapy (contextualisation).,conflict,consensus_excluded,Excluded,not_required_after_initial_screening,Pending,wrong outcome,not_applicable
REC-HPVPSCC-000034,Immunotherapy for penile cancer.,2017,Future Sci OA,"Buonerba, Carlo; Pagliuca, Martina; Vitrone, Francesca Maria; Ascione, Ilaria; Elefante, Ivana; Riccio, Vittorio; Romano, Francesca; De Placido, Sabino; Di Lorenzo, Giuseppe",10.4155/fsoa-2017-0031,[Resumen no disponible],not_reported,https://doi.org/10.4155/fsoa-2017-0031,https://doi.org/10.4155/fsoa-2017-0031,Included,not_applicable,sin abstract; por título,Maybe,not_applicable,Title directly on topic (immunotherapy for penile cancer) but no abstract; verify publication type (editorial vs review) at full text.,conflict,consensus_included,Included,unavailable,Pending,not_applicable,not_applicable
REC-HPVPSCC-000035,CD109 expression is upregulated in penile squamous cell carcinoma.,2017,Oncol Lett,"Dong, Fengyun; Wang, Jin; Xu, Yinghua; Cheng, Zuowang; Chen, Xiaocui; Wang, Yifan; Liu, Ju",10.3892/ol.2017.6975,"Cluster of differentiation (CD) 109 is a glycosylphosphatidylinositol-anchored cell surface glycoprotein and a co-receptor for transforming growth factor β. The expression of CD109 has been detected in squamous cell carcinoma of the lung, esophagus, skin and gallbladder. The aim of the present study was to evaluate CD109 expression in penile squamous cell carcinoma (PSCC). CD109 expression in PSCC tumor and adjacent tissues from 45 specimens in tissue microarrays was examined by immunohistochemical analyses. In addition, 3 fresh surgical samples of PSCC were collected and examined for their CD109 mRNA and protein levels by reverse transcription-quantitative polymerase chain reaction, western blotting and immunofluorescence staining. CD109 transcription and expression were significantly higher in the PSCC tissues compared with adjacent normal penile tissues, and its expression was restricted to squamous cells. However, CD109 expression level was not associated with the PSCC differentiation grade. These results suggest that CD109 may be associated with the pathogenesis of PSCC, and may therefore be a potential therapeutic target.",not_reported,https://doi.org/10.3892/ol.2017.6975,https://doi.org/10.3892/ol.2017.6975,Excluded,wrong outcome,molecular/clínico sin TIME/IT,Excluded,wrong outcome,CD109 in pSCC; non-immune biomarker (TGF-beta co-receptor).,agreement,consensus_excluded,Excluded,not_required_after_initial_screening,Pending,wrong outcome,not_applicable
REC-HPVPSCC-000036,Beyond chemotherapy for advanced disease-the role of EGFR and PD-1 inhibitors.,2017,Transl Androl Urol,"Gu, Weijie; Zhu, Yao; Ye, Dingwei",10.21037/tau.2017.03.92,"Penile squamous cell carcinoma (SCC) is a rare malignancy with limited treatment options when the tumor is unresectable and/or chemorefractory. Triplet systemic chemotherapy regimens including taxane and cisplatin are recommended, but the response duration can be short and the treatment-related toxicity high. Only a small proportion of patients survive 1 year or longer with the current standard treatment paradigm. Beyond chemotherapy, the use of novel targeted agents, either alone or in combination with traditional chemotherapeutic agents, has appeared to have promising efficacy in patients with platinum-refractory penile cancer. The frequent overexpression of PD-L1 in advanced penile SCC indicates the potential efficacy of PD-1 inhibitors. Upcoming clinical trials using the immune check-point inhibitors may provide exciting landscape and change the paradigm for patients in the future.",not_reported,https://doi.org/10.21037/tau.2017.03.92,https://doi.org/10.21037/tau.2017.03.92,Included,not_applicable,pending,Included,not_applicable,Review of EGFR and PD-1 inhibitors in pSCC; discusses PD-L1 overexpression (contextualisation).,agreement,consensus_included,Included,retrieved,Included,not_applicable,screening/full_text/REC-HPVPSCC-000036.pdf
REC-HPVPSCC-000037,Evidence for Efficacy of Treatment With the Anti-PD-1 Mab Nivolumab in Radiation and Multichemorefractory Advanced Penile Squamous Cell Carcinoma.,2018,J Immunother,"Trafalis, Dimitrios T; Alifieris, Constantinos E; Kalantzis, Anastasios; Verigos, Kosmas E; Vergadis, Chrysovalantis; Sauvage, Sébastien",10.1097/cji.0000000000000221,"Penile squamous cell carcinoma (PeSCC) is a rare tumor and advanced PeSCC is associated with poor survival due to the aggressiveness of the disease and lack of effective systemic therapies. We describe for the first time a case with advanced chemoradiation refractory PeSCC who had documented response to active immunotherapy with the immune checkpoint inhibitor, anti-programmed death-1 monoclonal antibody Nivolumab. The patient suffered from a poor prognosis human papillomavirus-negative PeSCC, with a somatic inactivation mutation of cyclin-dependent kinase inhibitor 2A (CDKN2A) gene in tumor cells, and treatment with Nivolumab resulted in a partial response to therapy and significant tumor shrinkage. Histology transitions and alterations in tumor-infiltrating cytotoxic CD8 T-cell lymphocytes, programmed death ligand-1 expression on tumor cells and immune cells in tumor lesion biopsies pretreatment and posttreatment with Nivolumab were observed and described. In conclusion, in patients with metastatic PeSCC active immunotherapy combinations with an anti-programmed death-1/programmed death ligand-1 agent may be beneficial and further relative clinical studies are required.",not_reported,https://doi.org/10.1097/cji.0000000000000221,https://doi.org/10.1097/cji.0000000000000221,Included,not_applicable,pending,Included,not_applicable,"Case of HPV-negative pSCC treated with nivolumab, with CD8 TIL and PD-L1 assessed before and after treatment.",agreement,consensus_included,Included,unavailable,Pending,not_applicable,not_applicable
REC-HPVPSCC-000038,Molecular characterization and integrative genomic analysis of a panel of newly established penile cancer cell lines.,2018,Cell Death Dis,"Zhou, Qiang-Hua; Deng, Chuang-Zhong; Li, Zai-Shang; Chen, Jie-Ping; Yao, Kai; Huang, Kang-Bo; Liu, Ting-Yu; Liu, Zhuo-Wei; Qin, Zi-Ke; Zhou, Fang-Jian; Huang, Wenlin; Han, Hui; Liu, Ran-Yi",10.1038/s41419-018-0736-1,"Cell line models are essential tools to study the molecular mechanisms underlying tumor initiation and progression. There are limited treatment options for penile squamous cell carcinoma (PSCC), accounting for 1-2% of male tumors in developing countries, and limited progress in preclinical research in PSCC due to lacking available models with identified genomic characteristics. Here, biological and molecular characteristics and whole-genomic alterations were analyzed in a panel of PSCC cell lines newly established in our laboratory. These cell lines were all human papillomavirus (HPV)-negative, epithelial-like, immortalized, and tumorigenic in nude mice, whereas they displayed different proliferation, migration and invasion capacities in vitro, and tumorigenic ability in nude mice. They were all cisplatin sensitive, anti-EGFR therapy resistant, and androgen irresponsive. Whole-genomic sequecing analysis revealed that transition mutations (C:G>T:A and T:A>C:G) were the most common substitution types in these cell lines, whereas ERCC5, TP53, PTH1, CLTCL1, NOTCH2, MAP2K3, CDK11A/B, USP6, ADCH5, BCLAF1, CDKN2A, FANCD2, HRAS, and NOTCH1 were the most frequently altered genes. Amplifications of MYC, PLAG1, NCOA2, RUNX1T1, COX6C, and EGFR and losses of FBXW7, TET2, XPC, and FANCE were frequently observed in cell lines. The exomic variations between cell lines and their corresponding cancer tissues were highly consistent. Genetic variations were mainly involved in the MAPK, Jak-STAT, TGF-beta, Notch, and apoptosis signaling pathways. Conclusively, these panel of PSCC cell lines established in our laboratory harbor some common or specific biological characteristics and genomic variations, and they may serve as optimal models to investigate the molecular mechanisms underlying the progression, metastasis, relapses, and treatment resistance of PSCC and to develop effective treatment strategy.",not_reported,https://doi.org/10.1038/s41419-018-0736-1,https://doi.org/10.1038/s41419-018-0736-1,Excluded,wrong outcome,EGFR/targeteado sin eje inmune,Excluded,wrong population,Penile cancer cell lines; not human patients.,agreement,consensus_excluded,Excluded,not_required_after_initial_screening,Pending,wrong outcome,not_applicable
REC-HPVPSCC-000039,The Prognostic Value of Immune Factors in the Tumor Microenvironment of Penile Squamous Cell Carcinoma.,2018,Front Immunol,"Ottenhof, Sarah Rosanne; Djajadiningrat, Rosa Sanne; Thygesen, Helene Hoegsbro; Jakobs, Pamela Josephine; Jóźwiak, Katarzyna; Heeren, Anne Marijne; de Jong, Jeroen; Sanders, Joyce; Horenblas, Simon; Jordanova, Ekaterina Straschimirova",10.3389/fimmu.2018.01253,"The host's immune system plays a pivotal role in many tumor types, including squamous cell carcinomas (SCCs). We aim to identify immunological prognosticators for lymph node metastases (LNM) and disease-specific survival (DSS) in penile SCC. For this retrospective observational cohort study, penile SCC patients (n = 213) treated in the Netherlands Cancer Institute, were selected if sufficient formalin-fixed, paraffin-embedded tumor material was available. Analysis included previously described high-risk human papilloma virus (hrHPV) status, immunohistochemical scores for classical and non-classical human leukocyte antigen (HLA) class I, programmed death ligand-1 (PD-L1) expression, and novel data on tumor-infiltrating macrophages and cytotoxic an regulatory T-cells. Clinicopathological characteristics and extended follow-up were also included. Regression analyses investigated relationships of the immune parameters with LNM and DSS. In the total cohort, diffuse PD-L1 tumor-cell expression, CD163⁺ macrophage infiltration, non-classical HLA class I upregulation, and low stromal CD8⁺ T-cell infiltration were all associated with LNM. In the multivariable model, only tumor PD-L1 expression remained a significant predictor for LNM (odds ratio (OR) 2.8, p = 0.05). hrHPV negativity and diffuse PD-L1 tumor-cell expression were significantly associated with poor DSS and remained so upon correction for clinical parameters [hazard ratio (HR) 9.7, p < 0.01 and HR 2.8, p = 0.03]. The only immune factor with different expression in HPV⁺ and HPV⁻ tumors was PD-L1, with higher PD-L1 expression in the latter (p = 0.03). In the HPV⁻ cohort (n = 158), LNM were associated with diffuse PD-L1 tumor-cell expression, high intratumoral CD163⁺ macrophage infiltration, and low number of stromal CD8⁺ T-cells. The first two parameters were also linked to DSS. In the multivariable regression model, diffuse PD-L1 expression remained significantly unfavorable for DSS (HR 5.0, p < 0.01). These results emphasize the complexity of the tumor microenvironment in penile cancer and point toward several possible immunotherapy targets. Here described immune factors can aid risk-stratification and should be evaluated in clinical immunotherapy studies to ultimately lead to patient tailored treatment.",not_reported,https://doi.org/10.3389/fimmu.2018.01253,https://doi.org/10.3389/fimmu.2018.01253,Included,not_applicable,pending,Included,not_applicable,"TIME immune factors in 213 pSCC: HLA, PD-L1, CD163+ macrophages, CD8, Tregs, with high-risk HPV and survival.",agreement,consensus_included,Included,retrieved,Included,not_applicable,screening/full_text/REC-HPVPSCC-000039.pdf
REC-HPVPSCC-000040,Immunotherapy for advanced penile cancer - rationale and potential.,2018,Nat Rev Urol,"McGregor, Bradley; Sonpavde, Guru",10.1038/s41585-018-0083-0,[Resumen no disponible],not_reported,https://doi.org/10.1038/s41585-018-0083-0,https://doi.org/10.1038/s41585-018-0083-0,Included,not_applicable,sin abstract; por título,Included,not_applicable,Nat Rev Urol review on immunotherapy for advanced penile cancer (contextualisation); confirm publication type at full text.,agreement,consensus_included,Included,unavailable,Pending,not_applicable,not_applicable
REC-HPVPSCC-000041,Elevated serum LAMC2 is associated with lymph node metastasis and predicts poor prognosis in penile squamous cell carcinoma.,2018,Cancer Manag Res,"Zhou, Qiang-Hua; Deng, Chuang-Zhong; Chen, Jie-Ping; Huang, Kang-Bo; Liu, Ting-Yu; Yao, Kai; Liu, Zhuo-Wei; Qin, Zi-Ke; Li, Yong-Hong; Guo, Sheng-Jie; Ye, Yun-Lin; Zhou, Fang-Jian; Huang, Wenlin; Liu, Ran-Yi; Han, Hui",10.2147/cmar.s171912,"PURPOSE: Molecular biomarkers, especially serologic factors, have been widely applied in cancer diagnosis and patient follow-up. However, there are few valuable prognostic factors in penile squamous cell carcinoma (PSCC). Here, the authors investigated whether laminin gamma 2 (LAMC2) expression, especially serum LAMC2 (sLAMC2) level, was a suitable prognostic factor that could aid in the prediction of survival in PSCC. PATIENTS AND METHODS: This study included 114 PSCC patients. Reverse transcription-quantitative polymerase chain reaction, Western blotting, and immunohistochemistry were performed to detect LAMC2 expression; enzyme-linked immunosorbent assays were used to test sLAMC2 concentration; and a Transwell assay and an in vivo experiment in nude mice were used to test PSCC cell migration, invasion, and metastasis. The chi-squared test was used to analyze the association between LAMC2 level and clinical parameters, the Cox proportional hazards regression model was used to evaluate the hazard ratio for death, and Kaplan-Meier analysis with a log-rank test was used for the survival analysis. RESULTS: LAMC2 was overexpressed in PSCC tissues, and the LAMC2 expression level was higher in metastatic lymph node (LN) tissues than in primary cancer tissues; moreover, the LAMC2 levels in primary cancer tissues and sLAMC2 were higher in patients with LN metastasis than in those without LN metastasis. Upregulated LAMC2 facilitated the migration, invasion, and epithelial-to-mesenchymal transition of PSCC cells in vitro and promoted LN metastasis of PSCC cells in nude mice. Elevated LAMC2 levels were strongly correlated with advanced clinicopathologic parameters, especially LN metastasis, in PSCC patients and predicted shorter disease-specific survival. The predictive value of sLAMC2 is superior to that of C-reactive protein and squamous cell carcinoma antigen previously reported in PSCC patients, and a stratification analysis revealed that the level of sLAMC2 had a higher predictive value for disease-specific survival in early penile cancer (especially at the N_0/X stage) than in later-stage penile cancer. CONCLUSION: These findings suggest that sLAMC2 is a potential serologic prognostic marker in PSCC and could aid in risk stratification in early-stage PSCC patients.",not_reported,https://doi.org/10.2147/cmar.s171912,https://doi.org/10.2147/cmar.s171912,Excluded,wrong outcome,molecular/clínico sin TIME/IT,Excluded,wrong outcome,Serum LAMC2 as a prognostic factor in pSCC; non-immune biomarker.,agreement,consensus_excluded,Excluded,not_required_after_initial_screening,Pending,wrong outcome,not_applicable
REC-HPVPSCC-000042,Comparative Genomic Profiling of Refractory and Metastatic Penile and Nonpenile Cutaneous Squamous Cell Carcinoma: Implications for Selection of Systemic Therapy.,2019,J Urol,"Jacob, Joseph M; Ferry, Elizabeth K; Gay, Laurie M; Elvin, Julia A; Vergilio, Jo-Anne; Ramkissoon, Shakti; Severson, Eric; Necchi, Andrea; Killian, J Keith; Ali, Siraj M; Schrock, Alexa B; Liu, Nick W; Chung, J; Miller, V A; Stephens, P J; Welsh, A; Corona, Robert J; Ross, Jeffrey S; Bratslavsky, Gennady",10.1016/j.juro.2018.09.056,"PURPOSE: Metastatic penile squamous cell carcinoma is an aggressive malignancy with limited treatment options. We compared the potential therapy impacting genomic alterations between metastatic penile squamous cell carcinoma and nonpenile metastatic cutaneous squamous cell carcinoma. MATERIALS AND METHODS: DNA was extracted from 40 μ of formalin fixed, paraffin embedded samples from 78 cases of metastatic penile squamous cell carcinoma and 338 of metastatic cutaneous squamous cell carcinoma. Comprehensive genomic profiling was performed using a hybrid capture, adaptor ligation based, next generation sequencing assay to a mean coverage depth of greater than 500×. The tumor mutational burden was determined on 1.1 Mbp of sequenced DNA and microsatellite instability was determined on 114 loci. RESULTS: Potential targeted therapy opportunities in metastatic penile squamous cell carcinoma cases included alterations in the MTOR pathway ( NF1 genomic alterations in 7% and PTEN genomic alterations in 4%) and in the DNA repair pathway ( BRCA2 and ATM genomic alterations in 7% each) and tyrosine kinase ( EGFR genomic alterations in 6%, and FGFR3 and ERBB2 genomic alterations in 4% each). The tumor mutational burden was significantly higher in predominantly ultraviolet light exposed metastatic squamous cell carcinoma than in metastatic penile squamous cell carcinoma, making metastatic squamous cell carcinoma potentially more responsive to immunotherapies than metastatic penile squamous cell carcinoma. Microsatellite high status was extremely rare for metastatic penile and metastatic cutaneous squamous cell carcinoma. CD274 ( PD-L1) amplification was also rare in both tumor types. CONCLUSIONS: Metastatic penile squamous cell carcinoma is a unique subtype of squamous cell carcinoma with distinctive genomic features which contrast with those identified in metastatic cutaneous squamous cell carcinoma of nonpenile ultraviolet light exposed skin. Although not rich in predictors of the response to immunotherapy (the tumor mutational burden and microsatellite instability are low), more than a quarter of metastatic penile squamous cell carcinoma cases may potentially benefit from existing and available therapies targeting MTOR, DNA repair and tyrosine kinase pathways.",not_reported,https://doi.org/10.1016/j.juro.2018.09.056,https://doi.org/10.1016/j.juro.2018.09.056,Excluded,wrong outcome,genómica comparativa cutánea; sin TIME,Maybe,not_applicable,Comparative genomic profiling of pSCC vs cutaneous SCC; reports TMB and MSI (immunotherapy response biomarkers) but no TIME. Resolve at full text.,conflict,consensus_excluded,Excluded,not_required_after_initial_screening,Pending,wrong outcome,not_applicable
REC-HPVPSCC-000043,Re: Frequent PD-L1 Expression in Primary and Metastatic Penile Squamous Cell Carcinoma: Potential Opportunities for Immunotherapeutic Approaches.,2018,J Urol,"Chang, Sam S",10.1016/j.juro.2018.08.005,[Resumen no disponible],not_reported,https://doi.org/10.1016/j.juro.2018.08.005,https://doi.org/10.1016/j.juro.2018.08.005,Excluded,wrong publication type,pase: comentario editorial Re: sin datos,Excluded,wrong publication type,'Re:' commentary in J Urol without abstract or primary data.,agreement,consensus_excluded,Excluded,not_required_after_initial_screening,Pending,wrong publication type,not_applicable
REC-HPVPSCC-000044,The Diagnosis and Treatment of Penile Cancer.,2018,Dtsch Arztebl Int,"Hakenberg, Oliver Walther; Dräger, Desiree Louise; Erbersdobler, Andreas; Naumann, Carsten Maik; Jünemann, Klaus-Peter; Protzel, Chris",10.3238/arztebl.2018.0646,"BACKGROUND: The incidence of penile cancer in Europe lies in the range of 0.9 to 2.1 cases per 100 000 persons per year. Carcinogenesis is associated with human papilloma virus (HPV) infection and with chronic inflammation. METHODS: This review is based on publications (2010-2017) retrieved by a selective search in PubMed and EMBASE and on the guidelines of the European Association of Urology, the European Society of Medical Oncology, the National Comprehensive Cancer Network, and the National Institute for Health and Care Excellence (NICE). RESULTS: 95% of cases of penile cancer are accounted for by squamous cell carcinoma, whose numerous subtypes have different clinical courses. Chronic preputial inflammation due to phimosis or lichen sclerosus is often associated with penile cancer. Circumcision lowers the risk of penile cancer (hazard ratio: 0.33). Maximally organ-preserving surgery with safety margins of no more than a few millimeters is the current therapeutic standard, because a local recurrence, if it arises, can still be treated locally with curative intent. Local radiotherapy can be performed in early stages. Lymphogenic metastasis must be treated with radical lymphadenectomy and adjuvant chemotherapy. Patients with clinically unremarkable inguinal lymph nodes nonetheless need invasive lymph node staging because of the high rate of lymphogenic micrometastasis. CONCLUSION: Penile cancer is curable in all early stages with the appropriate treatment, but its prognosis depends crucially on the proper management of the regional (i.e., inguinal) lymph nodes. In many countries, the treatment of this rare disease entity has been centralized.",not_reported,https://doi.org/10.3238/arztebl.2018.0646,https://doi.org/10.3238/arztebl.2018.0646,Excluded,wrong outcome,clínico/quirúrgico/caso sin TIME/IT,Excluded,wrong outcome,Clinical review of diagnosis and treatment of penile cancer; mentions HPV as an aetiological factor but reports no TIME and no immune outcomes.,agreement,consensus_excluded,Excluded,not_required_after_initial_screening,Pending,wrong outcome,not_applicable
REC-HPVPSCC-000045,EGFR mono-antibody salvage therapy for locally advanced and distant metastatic penile cancer: Clinical outcomes and genetic analysis.,2019,Urol Oncol,"Huang, Kang-Bo; Liu, Ran-Yi; Peng, Qi-Hua; Li, Zai-Shang; Jiang, Li-Juan; Guo, Sheng-Jie; Zhou, Qiang-Hua; Liu, Ting-Yu; Deng, Chuang-Zhong; Yao, Kai; Qin, Zi-Ke; Liu, Zhuo-Wei; Li, Yong-Hong; Han, Hui; Zhou, Fang-Jian",10.1016/j.urolonc.2018.10.016,"PURPOSE: There are limited therapeutic options for patients with advanced penile squamous cell carcinoma (PSCC) after chemotherapy failure. Thus, we evaluated the feasibility of salvage treatment using the epidermal growth factor receptor (EGFR) mono-antibody nimotuzumab in chemotherapy-failed PSCC patients and explored potential response or resistance biomarkers. MATERIALS AND METHODS: Six chemotherapy-failed PSCC patients with locally advanced disease or distant metastasis were enrolled consecutively to nimotuzumab treatment. Clinical responses and side effects were evaluated, and genetic characteristics of cancer specimens were analyzed through the next-generation sequencing of hotspot regions in cancer-related genes. RESULTS: Two of 6 patients showed partial responses, one was identified as having stable disease, while the other 3 had disease progression after nimotuzumab therapy. Side effects were all welltolerated. Genetic analysis revealed that TP53, CDKN2A, RB1, SMAD4, FLT3, and PIK3CA were the most frequently mutated genes in PSCC specimens, while altered KRAS, HRAS, EGFR, ERBB2, and FLT3 may be correlated with nimotuzumab resistance. Furthermore, 3 patients that were human papillomavirus-positive each showed clinical response or stable disease. CONCLUSIONS: EGFR mono-antibody may be a potential modality for locally advanced PSCC patients after chemotherapy failure. Further large-scale clinical studies are needed to elucidate the role of human papillomavirus status and critical gene mutations in the clinical response to EGFR-targeted therapy.",not_reported,https://doi.org/10.1016/j.urolonc.2018.10.016,https://doi.org/10.1016/j.urolonc.2018.10.016,Excluded,wrong outcome,EGFR/targeteado sin eje inmune,Excluded,wrong intervention,Salvage nimotuzumab (anti-EGFR) with genetic analysis; no TIME and no HPV.,agreement,consensus_excluded,Excluded,not_required_after_initial_screening,Pending,wrong outcome,not_applicable
REC-HPVPSCC-000046,No Evidence of Microsatellite Instability and Loss of Mismatch-Repair-Protein Expression in Squamous Cell Carcinoma of the Penis.,2019,Pathobiology,"Stoehr, Robert; Wendler, Olaf; Giedl, Johannes; Gaisa, Nadine T; Richter, Georg; Campean, Valentina; Burger, Maximilian; Wullich, Bernd; Bertz, Simone; Hartmann, Arndt",10.1159/000495251,"OBJECTIVE: Microsatellite instability (MSI) and a defective mismatch repair (MMR) system were described as beneficial tumor features for response to immune checkpoint therapy (PD-1 blockade). Meanwhile, the FDA approved PD-1/PD-L1 inhibition treatment for any solid tumor showing MSI and/or defects in the MMR system. For squamous cell carcinoma (SCC) of the penis, no data on the frequency of MSI and altered MMR protein expression are available to date. Therefore, we investigated the MSI status and the expression of MMR proteins in a large cohort of penile SCCs. METHODS: The MSI status of 105 archival formalin-fixed, paraffin-embedded penile SCCs was analyzed using the 5 markers of the NCI consensus panel for MIS testing (BAT25, 26, D2S123, D17S250, and D5S346), or, in cases without representative nontumorous tissue using a validated panel of 5 quasimonomorphic mononucleotide repeat markers (BAT 25, 26 and NR21, 24, 27). The expression of the MMR proteins MLH1, MSH2, MSH6, and PMS2 was analyzed using immunohistochemistry and a tissue microarray of a subset of penile SCCs from our cohort (n = 75). RESULTS: Overall, in 96/105 cases, at least 4 microsatellite markers gave interpretable results. None of the cases showed MSI. Immunohistochemistry for MMR proteins was analyzable in 70/75 cases. All cases showed a regular expression of the MMR proteins. CONCLUSION: MSI and defects in MMR protein expression are not regular features of penile SCC and might not act as biomarkers for PD-1/PD-L1 blockade therapy in penile carcinoma.",not_reported,https://doi.org/10.1159/000495251,https://doi.org/10.1159/000495251,Excluded,wrong outcome,MSI/MMR sin composición TIME,Maybe,not_applicable,"MSI/MMR in 105 pSCC, framed as a biomarker of response to PD-1 blockade; does not assess TIME or HPV. Resolve by consensus.",conflict,consensus_excluded,Excluded,not_required_after_initial_screening,Pending,wrong outcome,not_applicable
REC-HPVPSCC-000047,Defining the Tumor Microenvironment of Penile Cancer by Means of the Cancer Immunogram.,2019,Eur Urol Focus,"de Vries, Hielke-Martijn; Ottenhof, Sarah R; Horenblas, Simon; van der Heijden, Michiel S; Jordanova, Ekaterina S",10.1016/j.euf.2019.02.019,"Current chemotherapeutic treatment for advanced penile squamous cell carcinoma has substantial side effects and no randomized data to support an overall survival benefit. Immunotherapy with checkpoint blockade is currently being tested in penile cancer patients in clinical trials. The high PD-L1 expression and CD8⁺ T-cell infiltration in penile cancer represent a promising prospect for immunotherapy response in the treatment of locally advanced disease. For efficacious immunotherapy treatment, a better understanding of the tumor microenvironment (TME) is critical. Here we use the structure revealed by cancer immunograms to define current knowledge of the penile cancer TME as a backbone for future research. PATIENT SUMMARY: Advanced penile cancer has a poor prognosis with a need for more effective therapy. In this manuscript we describe the potential of immunotherapy as a new treatment modality in penile cancer.",not_reported,https://doi.org/10.1016/j.euf.2019.02.019,https://doi.org/10.1016/j.euf.2019.02.019,Included,not_applicable,pending,Included,not_applicable,Defines the penile cancer tumour microenvironment using the cancer immunogram; PD-L1 and CD8.,agreement,consensus_included,Included,unavailable,Pending,not_applicable,not_applicable
REC-HPVPSCC-000048,Rare Genitourinary Malignancies: Current Status and Future Directions of Immunotherapy.,2020,Eur Urol Focus,"McGregor, Bradley A; Sonpavde, Guru P",10.1016/j.euf.2019.03.011,"Treatment options for rare genitourinary malignancies, including adrenocortical carcinoma, bladder/upper tract cancers of variant histology, penile squamous cell carcinoma, and chemotherapy-refractory germ cell tumors, are limited, often with a poor response to systemic therapy. Given preclinical data and efficacy across multiple malignancies, immunotherapy has been and continues to be explored in this challenging setting. In this report, we explore the data for immunotherapy in these tumors and highlight ongoing clinical trials. International collaborations and innovative trials will be critical to advancing treatment for these rare tumors. PATIENT SUMMARY: In this report, we explore the data for immunotherapy in rare genitourinary malignancies and highlight ongoing clinical trials. International collaborations and innovative trials will be critical to advancing treatment for these rare tumors.",not_reported,https://doi.org/10.1016/j.euf.2019.03.011,https://doi.org/10.1016/j.euf.2019.03.011,Excluded,wrong population,pase: rare GU IT; pene no es foco,Maybe,not_applicable,"Review of immunotherapy in rare genitourinary malignancies, with pSCC as one of several tumours; contextual value only.",conflict,consensus_excluded,Excluded,not_required_after_initial_screening,Pending,wrong population,not_applicable
REC-HPVPSCC-000049,PD-L1 Expression in Men with Penile Cancer and its Association with Clinical Outcomes.,2019,Eur Urol Oncol,"Davidsson, Sabina; Carlsson, Jessica; Giunchi, Francesca; Harlow, Alyssa; Kirrander, Peter; Rider, Jennifer; Fiorentino, Michelangelo; Andrén, Ove",10.1016/j.euo.2018.07.010,"BACKGROUND: It has been hypothesized that PD-L1 expression in tumor cells and tumor-infiltrating immune (TII) cells may contribute to tumor progression by inhibiting antitumor immunity. OBJECTIVE: To investigate the association between PD-L1 expression in tumor cells and TII cells and clinical outcomes in penile cancer. DESIGN, SETTING, AND PARTICIPANTS: A cohort of 222 men treated for penile squamous cell carcinoma (SqCC) at Örebro University Hospital between 1984 and 2008 with long-term follow-up (median 34 mo) was evaluated for PD-L1 expression in tumor cells and TII cells via immunohistochemistry. OUTCOME MEASUREMENTS AND STATISTICAL ANALYSIS: Association between clinicopathological features and PD-L1 expression was estimated using χ² and Fisher's exact tests. For survival analyses, Kaplan-Meier curves with log-rank tests and multivariate Cox proportional hazards regression models were used. RESULTS AND LIMITATIONS: We found that 32.1% of the tumors and 64.2% of the TII cells expressed PD-L1. Our data demonstrate that penile SqCC patients with PD-L1-positive tumor cells or TII cells are at significant risk of lower cancer-specific survival and that the prognostic value of PD-L1 expression was strongest for tumor cell positivity. The use of tissue microarrays rather than whole sections may be viewed as a limitation. CONCLUSIONS: Tumor PD-L1 expression independently identifies penile SqCC patients at risk of poor clinical outcomes. PATIENT SUMMARY: We investigated how many patients with penile cancer had tumors that manufactured PD-L1, a protein that decreases the ability of the immune system to fight cancer. We found that up to one-third of penile tumors make this protein. Patients whose tumors make PD-L1 have more aggressive penile cancer and worse clinical outcomes.",not_reported,https://doi.org/10.1016/j.euo.2018.07.010,https://doi.org/10.1016/j.euo.2018.07.010,Included,not_applicable,pending,Included,not_applicable,PD-L1 in tumour cells and tumour-infiltrating immune cells in 222 pSCC with clinical outcomes.,agreement,consensus_included,Included,unavailable,Pending,not_applicable,not_applicable
REC-HPVPSCC-000050,Treating Penile Cancer in the Immunotherapy and Targeted Therapy Era.,2019,Case Rep Oncol Med,"Hui, Gavin; Ghafouri, Sanaz N; Shen, John; Liu, Sandy; Drakaki, Alexandra",10.1155/2019/8349793,"While localized penile cancers are typically treated surgically and metastatic penile cancers benefit from standard chemotherapy, there have been studies on the horizon demonstrating immunotherapy as a novel approach to metastatic penile cancers that have failed standard chemotherapy. We report a case series of two patients who improved on immunotherapy after progressing with standard chemotherapy regimens. The first case describes a 64-year-old male with a penile mass and significant lymphadenopathy who had surgical resection and adjuvant chemotherapy prior to continued disease progression. He was started on anti-EGFR treatment and improved initially, but he eventually had progression of disease. The second case describes a 79-year-old male with a penile mass who was treated with surgical resection and started on adjuvant chemoradiation, but he developed recurrence and nodal involvement. Therefore, second-line therapy of the PD-L1 inhibitor was started in this patient. There were no available clinical trials for penile cancer patients who progressed beyond the standard surgical therapy and chemotherapy.",not_reported,https://doi.org/10.1155/2019/8349793,https://doi.org/10.1155/2019/8349793,Included,not_applicable,pending,Included,not_applicable,Two-case series of pSCC responding to immunotherapy (PD-L1 inhibitor) after chemotherapy failure.,agreement,consensus_included,Included,retrieved,Included,not_applicable,screening/full_text/REC-HPVPSCC-000050.pdf
REC-HPVPSCC-000051,Treating advanced penile cancer: where do we stand in 2019?,2019,Curr Opin Support Palliat Care,"Aydin, Ahmet Murat; Cheriyan, Salim; Spiess, Philippe E",10.1097/spc.0000000000000431,"PURPOSE OF REVIEW: Penile squamous cell carcinoma (PSCC) remains a challenging malignancy to treat and there is an urgent need of significant improvements at all levels of medical care. In the current review, we summarized the significant obstacles encountered during management of PSCC and discussed the clinical relevance of novel findings and their potential to address these obstacles. RECENT FINDINGS: The recent genetic and immunological advances suggest that patients with PSCC can benefit from available targeted therapy and immunotherapy options. Moreover, evidence has accumulated over time suggesting that majority of the patients diagnosed with PSCC suffer from psychosocial problems and impaired rehabilitation. SUMMARY: Effective prevention strategies against PSCC are urgently needed especially in developing countries given the limited therapeutic options. About a quarter of patients with metastatic PSCC appear to benefit from available targeted therapies and about half of the patients can be a suitable candidate for immune checkpoint blockade as half of the PSCC cases exhibit PD-L1 expression. Moreover, increased public awareness, healthcare provider education and social support programs may help patients suffering from PSCC coping with the psychosocial burdens of the disease.",not_reported,https://doi.org/10.1097/spc.0000000000000431,https://doi.org/10.1097/spc.0000000000000431,Included,not_applicable,revisión/contexto,Included,not_applicable,Review of advanced pSCC reporting PD-L1 expression in roughly half of cases and candidacy for checkpoint blockade (contextualisation).,agreement,consensus_included,Included,unavailable,Pending,not_applicable,not_applicable
REC-HPVPSCC-000052,Predictors of inguinal lymph node metastasis in penile cancer patients: a meta-analysis of retrospective studies.,2019,Cancer Manag Res,"Hu, Jiao; Cui, Yu; Liu, Peihua; Zhou, Xu; Ren, Wenbiao; Chen, Jinbo; Zu, Xiongbing",10.2147/cmar.s206579,"PURPOSE: Inguinal lymph node metastasis (LNM) is one of the most significant prognostic factors for patients with penile cancer. This study aimed to identify potential predictors of inguinal LNM. PATIENTS AND METHODS: A comprehensive search of the PubMed, Embase, and Cochrane Library databases for studies that reported predictors of inguinal LNM in penile cancer was performed. Finally, we selected 42 eligible studies with 4,802 patients. Accumulative analyses of odds ratios (ORs) and corresponding 95% confidence intervals (CIs) were performed. All analyses were performed by using Review Manager software version 5.3. RESULTS: Among the 4,802 patients, 1,706 (36%) were diagnosed with inguinal LNM. Predictors of LNM included two categories: tumor-associated biomarkers and invasive clinicopathologic characteristics. Biomarker-specific predictors: the program death ligand 1 (PD-L1) overexpression (OR=2.55, p=0.002), higher neutrophil-to-lymphocyte ratio (NLR) (OR=4.22, p=0.010), higher C-reactive protein (CRP) (OR=4.78, p<0.001), squamous cell carcinoma antigen (SCC-Ag) overexpression (OR=8.52, p<0.001), P53 protein overexpression (OR=3.57, p<0.001). Clinicopathological predictors: positive clinical lymph node (cN+) (OR=5.86, p<0.001), high-risk histopathological subtype (OR=14.63, p<0.001) and intermediate-risk subtype (OR=3.37, p<0.001), vertical growth pattern (OR=1.97, p=0.020), higher stage (AJCC: OR=3.66, p<0.001; UICC: OR=2.43, p<0.001), higher tumor grade (OR=3.37, p<0.001), tumor size (>3 cm) (OR=2.00, p=0.002), LVI (OR=3.37, p<0.001), invasion depth (>5 mm) (OR=2.58, p=0.002), nerve invasion (OR=2.84, p<0.001), corpora cavernosum invasion (OR=2.22, p<0.001), corpus spongiosum invasion (OR=1.73, p=0.002) and urethra invasion (OR=1.81, p=0.030). CONCLUSION: Current meta-analysis conclusively identified valuable predictors of inguinal LNM for patients with penile cancer. However, high-quality studies are warranted to further validate our conclusions. The intrinsic link between these predictors needs to be further investigated to create an accurate mathematical prediction model for LNM.",not_reported,https://doi.org/10.2147/cmar.s206579,https://doi.org/10.2147/cmar.s206579,Excluded,wrong outcome,predictores ganglio inguinal; sin TIME,Included,not_applicable,Meta-analysis of predictors of inguinal lymph node metastasis in penile cancer: includes PD-L1 overexpression and NLR with prognosis.,conflict,consensus_included,Included,retrieved,Included,not_applicable,screening/full_text/REC-HPVPSCC-000052.pdf
REC-HPVPSCC-000053,Risk factors and molecular characterization of penile cancer: impact on prognosis and potential targets for systemic therapy.,2020,Curr Opin Urol,"Thomas, Anita; Vanthoor, Joren; Vos, Gigi; Tsaur, Igor; Albersen, Maarten; ,",10.1097/mou.0000000000000712,"PURPOSE OF REVIEW: To provide a comprehensive summary of risk factors, molecular machinery as well as potential therapeutic targets with a particular focus on literature published in the last 2 years on prognosis and treatment of penile cancer (PeCa). RECENT FINDINGS: E2F, LAMC2, MAML2, ID1 and IGFBP2 proteins were demonstrated to play a critical role for aggressive tumor behavior and might predict poor survival in PeCa. PD-L1 axis was confirmed as a promising pathway to serve as a therapeutic target. A number of genetic alterations were illuminated. In clinical testing, pan-HER tyrosine kinase inhibitor dacomitinib provided promising results in chemo-naïve and EGFR monoantibody nimotuzumab in chemotherapy-failed PeCa patients. SUMMARY: Knowledge of prognosis-relevant altered molecular pathways in PeCa is expanding paving the way for identification of potential therapeutic targets. Multicenter clinical trials in the setting of centralized PeCa care are warranted to foster effective marker-based individualized treatment strategies.",not_reported,https://doi.org/10.1097/mou.0000000000000712,https://doi.org/10.1097/mou.0000000000000712,Included,not_applicable,revisión/contexto,Included,not_applicable,Review of molecular characterisation of penile cancer; confirms the PD-L1 axis as a therapeutic target (contextualisation).,agreement,consensus_included,Included,unavailable,Pending,not_applicable,not_applicable
REC-HPVPSCC-000054,Premalignant male genital dermatoses.,2019,Indian J Sex Transm Dis AIDS,"Singhal, Rochit Rajesh; Patel, Trusha Manoj; Pariath, Kira Antony; Vora, Rita Vipul",10.4103/ijstd.ijstd_106_17,"The spectrum of conditions affecting the penile skin is varied and ranges from simple, benign dermatoses to premalignant and malignant conditions. Anogenital malignancies and premalignancies are an important personal/public health problem due to their effects on individuals' physical, mental, and sexual health. Furthermore, due to their etiological association with human papillomavirus infection, anogenital malignancies, and premalignancies constitute an immense public health burden. Bowen's disease, Bowenoid papulosis, and erythroplasia of Queyrat are the most widely seen premalignancies of anogenital region and are all forms of squamous intraepithelial neoplasia. Histopathologically, these conditions share identical histologic features of squamous cell carcinoma in situ, but their clinical features differ. In this article, we explore the common precancerous states that can lead to penile carcinoma.",not_reported,https://doi.org/10.4103/ijstd.ijstd_106_17,https://doi.org/10.4103/ijstd.ijstd_106_17,Excluded,wrong outcome,dermatosis premaligna; sin TIME/IT,Excluded,wrong population,Dermatological review of premalignant male genital dermatoses; not invasive pSCC and no immune data.,agreement,consensus_excluded,Excluded,not_required_after_initial_screening,Pending,wrong outcome,not_applicable
REC-HPVPSCC-000055,An update on systemic therapy for penile cancer.,2020,Curr Opin Urol,"Resch, Irene; Abufaraj, Mohammad; Hübner, Nicolai A; Shariat, Shahrokh F",10.1097/mou.0000000000000733,"PURPOSE OF REVIEW: Whereas substantial advances have been made in systemic tumour therapy in the past decade, the prognosis of advanced squamous cell carcinoma (SCC) of the penis remains disproportionally poor. In this review, we aimed to present an update on systemic therapy of penile SCC highlighting the most recent data and future perspectives. RECENT FINDINGS: Lymph node metastases play a key role in treating and assessing the prognosis of patients with penile SCC. Data show longer overall survival with the use of adjuvant chemotherapy in patients with pelvic lymph node metastases and recent analyses lead to the development of a nomogramm predicting overall survival in connection with the use of perioperative chemotherapy. There are two pathways in the pathogenesis of penile cancer, including human papilloma virus related and unrelated, leading to many possible novel therapeutic targets. Other targeted therapies have been evaluated, which show promising results with the use of tyrosine kinase inhibitors. SUMMARY: Chemotherapy has shown moderate activity in advanced stages of the disease, however, the ideal timing of chemotherapy in patients with lymph node metastases is not entirely clear. Potential targets for future therapies exist, and are already being tested in other malignancies. Owing to the rarity of this condition, a robust evidence is lacking and it is of great importance to pursue further research to unveil several aspects of this disease, particularly in patients with recurrence, lymph node metastases or metastatic disease.",not_reported,https://doi.org/10.1097/mou.0000000000000733,https://doi.org/10.1097/mou.0000000000000733,Excluded,wrong outcome,molecular/clínico sin TIME/IT,Excluded,wrong outcome,Review of systemic therapy in pSCC focused on chemotherapy and TKIs; mentions HPV-dependent/independent pathways but has no immune content.,agreement,consensus_excluded,Excluded,not_required_after_initial_screening,Pending,wrong outcome,not_applicable
REC-HPVPSCC-000056,"Up-regulation of indoleamine 2,3-dioxygenase 1 (IDO1) expression and catalytic activity is associated with immunosuppression and poor prognosis in penile squamous cell carcinoma patients.",2020,Cancer Commun (Lond),"Zhou, Qiang-Hua; Han, Hui; Lu, Jia-Bin; Liu, Ting-Yu; Huang, Kang-Bo; Deng, Chuang-Zhong; Li, Zai-Shang; Chen, Jie-Ping; Yao, Kai; Qin, Zi-Ke; Liu, Zhuo-Wei; Li, Yong-Hong; Guo, Sheng-Jie; Ye, Yun-Lin; Zhou, Fang-Jian; Liu, Ran-Yi",10.1002/cac2.12001,"BACKGROUND: Indoleamine 2,3-dioxygenase 1 (IDO1) and tryptophan (Trp) catabolism have been demonstrated to play an important role in tumor immunosuppression. This study examined the expression and catalytic activity of IDO1 in penile squamous cell carcinoma (PSCC) and explored their clinical significance. METHODS: IDO1 expression level, serum concentrations of Trp and kynurenine (Kyn) were examined in 114 PSCC patients by immunohistonchemistry and solid-phase extraction-liquid chromatography-tandem mass spectrometry. The survival was analyzed using Kaplan-Meier method and the log-rank test. Hazard ratio of death was analyzed via univariate and multivariate Cox regression. Immune cell types were defined by principal component analysis. The correlativity was assessed by Pearson's correlation analysis. RESULTS: The expression level of IDO1 in PSCC cells was positively correlated with serum Kyn concentration and Kyn/Trp radio (KTR; both P < 0.001) but negatively correlated with serum Trp concentration (P = 0.001). Additionally, IDO1 up-regulation in cancer cells and the increase of serum KTR were significantly associated with advanced N stage (both P < 0.001) and high pathologic grade (P = 0.008 and 0.032, respectively). High expression level of IDO1 in cancer cells and serum KTR were associated with short disease-specific survival (both P < 0.001). However, besides N stage (hazard radio [HR], 6.926; 95% confidence interval [CI], 2.458-19.068; P < 0.001) and pathologic grade (HR, 2.194; 95% CI, 1.021-4.529; P = 0.038), only serum KTR (HR, 2.780; 95% CI, 1.066-7.215; P = 0.036) was an independent predictor for PSCC prognosis. IDO1 expression was positively correlated with the expression of interferon-γ (IFNγ, P < 0.001) and immunosuppressive markers (programmed cell death protein 1, cytotoxic T-lymphocyte-associated protein 4 and programmed death-ligand 1 and 2; all P < 0.05), and the infiltration of immune cells (including cytotoxic T lymphocytes, regulatory T lymphocytes, tumor-associated macrophages, and myeloid-derived suppressor cells; all P < 0.001) in PSCC tissues. Furthermore, the expression of IDO1 was induced by IFNγ in a dose-dependent manner in PSCC cells. CONCLUSIONS: IFNγ-induced IDO1 plays a crucial role in immunoediting and immunosuppression in PSCC. Additionally, serum KTR, an indicator of IDO1 catabolic activity, can be utilized as an independent prognostic factor for PSCC.",not_reported,https://doi.org/10.1002/cac2.12001,https://doi.org/10.1002/cac2.12001,Included,not_applicable,pending,Included,not_applicable,"IDO1 in 114 pSCC associated with immunosuppression, immune cell types and prognosis.",agreement,consensus_included,Included,retrieved,Included,not_applicable,screening/full_text/REC-HPVPSCC-000056.pdf
REC-HPVPSCC-000057,PD-L1 and p16 Expression in Penile Squamous Cell Carcinoma From an Endemic Region.,2020,Clin Genitourin Cancer,"De Bacco, Mateus W; Carvalhal, Gustavo F; MacGregor, Bradley; Marçal, Josenel M B; Wagner, Mario B; Sonpavde, Guru P; Fay, André P",10.1016/j.clgc.2019.10.014,"BACKGROUND: Penile squamous cell carcinoma (PSCC) is a rare malignancy with higher incidence in developing countries. Treatment options include surgery, radiation therapy, and systemic chemotherapy. However, effective treatments for advanced disease are lacking. To understand the biology underlying PSCC may help the development of new therapeutic strategies. The objective of this study was to evaluate immunohistochemical expression of programmed death-ligand 1 (PD-L1) and p16 in PSCC and its association with clinicopathologic features and outcomes. PATIENTS AND METHODS: A cohort of 40 patients with PSCC from an academic institution in Brazil was analyzed. Clinicopathologic features and outcomes were retrospectively collected. PD-L1 and p16 immunohistochemical expression were performed in formalin-fixed paraffin-embedded specimens. PD-L1 was positive with any staining in more than 1% of tumor, and p16 was positive in more than 10%. Associations were performed using the Mann-Whitney and Fisher exact test. Kaplan-Meier curves were used to estimate survival rates with log-rank. RESULTS: Of 35 patients, 5 were excluded, 4 owing to a lack of data and 1 owing to no tumor available; 18 (51.4%) patients were PD-L1-positive (PD-L1⁺). PD-L1⁺ was associated with larger tumors (P = .027). There was an association between PD-L1⁺ and p16 expression (P = .002). PD-L1⁺ was more frequent in grade II and III disease than grade I (77.8% vs. 22.2%) and was expressed in all patients with grade III disease. Lymph node involvement was associated with PD-L1 expression (69.2% PD-L1⁺ vs. 30.8% PD-L1-negative). The 5-year mortality was 37.1%. CONCLUSION: PD-L1 expression appears to be associated with p16 expression, larger tumors, and worse clinical outcomes in PSCC and may provide clinical data for new studies to evaluate anti-PD-L1 immune therapies.",not_reported,https://doi.org/10.1016/j.clgc.2019.10.014,https://doi.org/10.1016/j.clgc.2019.10.014,Included,not_applicable,pending,Included,not_applicable,"PD-L1 and p16 (HPV surrogate) in 40 pSCC from an endemic region, with outcomes.",agreement,consensus_included,Included,retrieved,Included,not_applicable,screening/full_text/REC-HPVPSCC-000057.pdf
REC-HPVPSCC-000058,PD1/PD-L1 Axis in Uro-oncology.,2020,Curr Drug Targets,"Junker, Kerstin; Eckstein, Markus; Fiorentino, Michelangelo; Montironi, Rodolfo",10.2174/1389450121666200326123700,"The immune system is important to control tumor development and progression in humans. However, tumor cells and cells of the tumor microenvironment can induce immune escape mechanisms including activation of immune checkpoints such as PD-1/PD-L1. Based on this knowledge, new immune therapies, including PD-1 and PD-L1 inhibition, have been developed and are already recommended as a standard treatment in metastatic bladder and kidney cancer patients. In addition to its role as a therapeutic target, PD-L1 seems to be a prognostic parameter although data are controversial. Only little is known about signaling pathways inducing PD-L1 expression in tumor cells on one hand and about its functional role for tumor cells itself. However, the understanding of the complex biological function of PD-L1 will improve therapeutic options in urological malignancies. This review is giving an overview of the current knowledge concerning the PD-1/PD-L1 axis in urological tumors including bladder, kidney, prostate, testicular and penile cancer.",not_reported,https://doi.org/10.2174/1389450121666200326123700,https://doi.org/10.2174/1389450121666200326123700,Included,not_applicable,revisión/contexto,Maybe,not_applicable,"Review of the PD1/PD-L1 axis in uro-oncology; includes penile cancer among five tumours, contextual contribution.",conflict,consensus_included,Included,unavailable,Pending,not_applicable,not_applicable
REC-HPVPSCC-000059,Effective combinatorial immunotherapy for penile squamous cell carcinoma.,2020,Nat Commun,"Huang, Tianhe; Cheng, Xi; Chahoud, Jad; Sarhan, Ahmed; Tamboli, Pheroze; Rao, Priya; Guo, Ming; Manyam, Ganiraju; Zhang, Li; Xiang, Yu; Han, Leng; Shang, Xiaoying; Deng, Pingna; Luo, Yanting; Lu, Xuemin; Feng, Shan; Ferrer, Magaly Martinez; Alan Wang, Y; DePinho, Ronald A; Pettaway, Curtis A; Lu, Xin",10.1038/s41467-020-15980-9,"Penile squamous cell carcinoma (PSCC) accounts for over 95% of penile malignancies and causes significant mortality and morbidity in developing countries. Molecular mechanisms and therapies of PSCC are understudied, owing to scarcity of laboratory models. Herein, we describe a genetically engineered mouse model of PSCC, by co-deletion of Smad4 and Apc in the androgen-responsive epithelium of the penis. Mouse PSCC fosters an immunosuppressive microenvironment with myeloid-derived suppressor cells (MDSCs) as a dominant population. Preclinical trials in the model demonstrate synergistic efficacy of immune checkpoint blockade with the MDSC-diminishing drugs cabozantinib or celecoxib. A critical clinical problem of PSCC is chemoresistance to cisplatin, which is induced by Pten deficiency on the backdrop of Smad4/Apc co-deletion. Drug screen studies informed by targeted proteomics identify a few potential therapeutic strategies for PSCC. Our studies have established what we believe to be essential resources for studying PSCC biology and developing therapeutic strategies.",not_reported,https://doi.org/10.1038/s41467-020-15980-9,https://doi.org/10.1038/s41467-020-15980-9,Excluded,wrong population,solo modelo animal,Excluded,wrong population,Genetically engineered mouse model of pSCC (Smad4/Apc); not human patients.,agreement,consensus_excluded,Excluded,not_required_after_initial_screening,Pending,wrong population,not_applicable
REC-HPVPSCC-000060,Recurrent Metastatic Penile Cancer Patient with Positive PD-L1 Expression Obtained Significant Benefit from Immunotherapy: A Case Report and Literature Review.,2020,Onco Targets Ther,"Su, Xiangyu; Zhang, Jing; Fu, Chenchun; Xiao, Mingzhe; Wang, Cailian",10.2147/ott.s231258,"BACKGROUND: Penile squamous cell carcinoma (PSCC) bears poor prognosis due to its rarity and limited treatment options, especially after failure of standard treatments. Effective therapeutic options were desperately needed. CASE PRESENTATION: We report a recurrent metastatic PSCC patient with positive programmed death ligand 1 (PD-L1) expression (≥10%) and tumor mutation burden (TMB) of 8.87 (Muts/Mb) who obtained significant response to immunotherapy, with progression-free survival (PFS) exceeding 10 months. CONCLUSION: This is the first case presenting remarkable response to immunotherapy in a Chinese PSCC patient. The remarkable response might be associated with PD-L1 expression, indicating that PD-L1 expression could be a promising biomarker for immunotherapy in PSCC. TMB ranking may also contribute to patient selection. However, large clinical trials are needed to validate these notions.",not_reported,https://doi.org/10.2147/ott.s231258,https://doi.org/10.2147/ott.s231258,Included,not_applicable,revisión/contexto,Included,not_applicable,Case of PD-L1-positive metastatic pSCC with sustained response to immunotherapy.,agreement,consensus_included,Included,retrieved,Included,not_applicable,screening/full_text/REC-HPVPSCC-000060.pdf
REC-HPVPSCC-000061,Immune checkpoint inhibitors in genitourinary malignancies.,2020,Curr Oncol,"Thana, M; Wood, L",10.3747/co.27.5121,"Although immune-mediated therapies have been used in genitourinary (gu) malignancies for decades, recent advances with monoclonal antibody checkpoint inhibitors (cpis) have led to a number of promising treatment options. In renal cell carcinoma (rcc), cpis have been shown to have benefit over conventional therapies in a number of settings, and they are the standard of care for many patients with metastatic disease. Based on recent data, combinations of cpis and antiangiogenic therapies are likely to become a new standard approach in rcc. In urothelial carcinoma, cpis have been shown to have a role in the second-line treatment of metastatic disease, and a number of clinical trials are actively investigating cpis for other indications. In other gu malignancies, such as prostate cancer, results to date have been less promising. Immunotherapies continue to be an area of active study for all gu disease sites, with several clinical trials ongoing. In this review, we summarize the current evidence for cpi use in rcc, urothelial carcinoma, prostate cancer, testicular germ-cell tumours, and penile carcinoma. Ongoing clinical trials of interest are highlighted, as are the challenges that clinicians and patients will potentially face as immune cpis become a prominent feature in the treatment of gu cancers.",not_reported,https://doi.org/10.3747/co.27.5121,https://doi.org/10.3747/co.27.5121,Included,not_applicable,revisión/contexto,Maybe,not_applicable,Review of checkpoint inhibitors in genitourinary malignancies; penile cancer is one section among several.,conflict,consensus_included,Included,retrieved,Excluded,wrong population,screening/full_text/REC-HPVPSCC-000061.pdf
REC-HPVPSCC-000062,Metastatic penile squamous cell carcinoma with dramatic response to combined checkpoint blockade with ipilimumab and nivolumab.,2021,J Oncol Pharm Pract,"Baweja, Abinav; Mar, Nataliya",10.1177/1078155220922602,"INTRODUCTION: Prognosis for patients with lymph node positive or metastatic penile squamous cell carcinoma remains poor. Chemotherapy with paclitaxel, ifosfamide, and cisplatin (TIP regimen) is recommended as a first-line option in this cohort of patients. No standard preferred subsequent-line therapy exists for patients with relapsed or refractory penile carcinoma following TIP chemotherapy. Molecular pathogenesis of penile cancer can be subdivided into human papilloma virus-dependent and human papilloma virus-independent pathways. Recent studies have demonstrated increased expression of programmed death ligand-1 in some penile tumors, commonly those that are human papilloma virus-negative. Given the rarity of penile carcinoma in industrialized countries and lack of effective therapies, checkpoint inhibitors may be an attractive treatment option for this subset of patients. CASE REPORT: We report a case of metastatic penile cancer refractory to TIP chemotherapy, with a dramatic treatment response to ipilimumab and nivolumab. Molecular profiling of this tumor showed a high programmed death ligand-1 expression, high tumor mutational burden, high microsatellite instability, and alterations in DNA mismatch repair genes. DISCUSSION: This case highlights another dimension of information that may be gained with molecular genomic profiling of penile tumors, providing insight into the biologic behavior of this neoplasm and assessing for predictive biomarkers of response to immune checkpoint inhibitors.",not_reported,https://doi.org/10.1177/1078155220922602,https://doi.org/10.1177/1078155220922602,Included,not_applicable,pending,Included,not_applicable,Case of metastatic pSCC responding to ipilimumab plus nivolumab; discusses PD-L1 and the HPV-dependent/independent pathways.,agreement,consensus_included,Included,unavailable,Pending,not_applicable,not_applicable
REC-HPVPSCC-000063,"A nomogram incorporating PD-L1, NLR, and clinicopathologic features to predict inguinal lymph node metastasis in penile squamous cell carcinoma.",2020,Urol Oncol,"Hu, Jiao; Li, Huihuang; He, Tongchen; Deng, Hao; Gong, Guanghui; Cui, Yu; Liu, Peihua; Ren, Wenbiao; Li, Chao; Chen, Jinbo; Zu, Xiongbing",10.1016/j.urolonc.2020.04.015,"BACKGROUND: Accurate preoperative prediction of inguinal lymph node metastasis (LNM) aids in clinical decision making, especially for patients with penile cancer with clinically negative lymph nodes. We aim to develop a nomogram to predict the preoperative risk of LNM by incorporating clinicopathologic features and tumor biomarkers. METHODS: Eighty-four patients with penile cancer with clinically negative lymph nodes were enrolled. The programmed death ligand 1 (PD-L1) expression profile was detected by immunohistochemistry. The neutrophil-to-lymphocyte ratio (NLR) was calculated based on parameters of a routine blood examination. Multivariate logistic regression analysis was utilized to construct predictive nomograms for LNM based on data of 64 patients. The nomogram performance was assessed for calibration, discrimination, and clinical use. RESULTS: Tumor grade, lymphovascular invasion, PD-L1, and NLR were independent predictors of LNM. Then, 4 prediction models were constructed. Clinical model included tumor grade and lymphovascular invasion. NLR model was built by adding the NLR to clinical model. PD-L1 model was built by adding the PD-L1 to clinical model. Finally, a combined model was built by adding both PD-L1 and NLR to clinical model. Combined model showed the best performance compared with other models. It showed good discrimination with a C-index of 0.89, and good calibration. In addition, decision curve analysis suggested that model 4 was clinically useful. CONCLUSIONS: We developed a nomogram that incorporated tumor grade, lymphovascular invasion, PD-L1, and NLR that could be conveniently used to predict the preoperative individualized risk of inguinal LNM in patients with penile cancer.",not_reported,https://doi.org/10.1016/j.urolonc.2020.04.015,https://doi.org/10.1016/j.urolonc.2020.04.015,Included,not_applicable,pending,Included,not_applicable,Nomogram incorporating PD-L1 and NLR to predict inguinal lymph node metastasis in pSCC.,agreement,consensus_included,Included,unavailable,Pending,not_applicable,not_applicable
REC-HPVPSCC-000064,Risks from Deferring Treatment for Genitourinary Cancers: A Collaborative Review to Aid Triage and Management During the COVID-19 Pandemic.,2020,Eur Urol,"Wallis, Christopher J D; Novara, Giacomo; Marandino, Laura; Bex, Axel; Kamat, Ashish M; Karnes, R Jeffrey; Morgan, Todd M; Mottet, Nicolas; Gillessen, Silke; Bossi, Alberto; Roupret, Morgan; Powles, Thomas; Necchi, Andrea; Catto, James W F; Klaassen, Zachary",10.1016/j.eururo.2020.04.063,"CONTEXT: The coronavirus disease 2019 (COVID-19) pandemic is leading to delays in the treatment of many urologic cancers. OBJECTIVE: To provide a contemporary picture of the risks from delayed treatment for urologic cancers to assist with triage. EVIDENCE ACQUISITION: A collaborative review using literature published as of April 2, 2020. EVIDENCE SYNTHESIS: Patients with low-grade non-muscle-invasive bladder cancer are unlikely to suffer from a 3-6-month delay. Patients with muscle-invasive bladder cancer are at risk of disease progression, with radical cystectomy delays beyond 12 wk from diagnosis or completion of neoadjuvant chemotherapy. Prioritization of these patients for surgery or management with radiochemotherapy is encouraged. Active surveillance should be used for low-risk prostate cancer (PCa). Treatment of most patients with intermediate- and high-risk PCa can be deferred 3-6 mo without change in outcomes. The same may be true for cancers with the highest risk of progression. With radiotherapy, neoadjuvant androgen deprivation therapy (ADT) is the standard of care. For surgery, although the added value of neoadjuvant ADT is questionable, it may be considered if a patient is interested in such an approach. Intervention may be safely deferred for T1/T2 renal masses, while locally advanced renal tumors (≥T3) should be treated expeditiously. Patients with metastatic renal cancer may consider vascular endothelial growth factor targeted therapy over immunotherapy. Risks for delay in the treatment of upper tract urothelial cancer depend on grade and stage. For patients with high-grade disease, delays of 12 wk in nephroureterectomy are not associated with adverse survival outcomes. Expert guidance recommends expedient local treatment of testis cancer. In penile cancer, adverse outcomes have been observed with delays of ≥3 mo before inguinal lymphadenectomy. Limitations include a paucity of data and methodologic variations for many cancers. CONCLUSIONS: Patients and clinicians should consider the oncologic risk of delayed cancer intervention versus the risks of COVID-19 to the patient, treating health care professionals, and the health care system. PATIENT SUMMARY: The coronavirus disease 2019 pandemic has led to delays in the treatment of patients with urologic malignancies. Based on a review of the literature, patients with high-grade urothelial carcinoma, advanced kidney cancer, testicular cancer, and penile cancer should be prioritized for treatment during these challenging times.",not_reported,https://doi.org/10.1016/j.eururo.2020.04.063,https://doi.org/10.1016/j.eururo.2020.04.063,Excluded,wrong outcome,pase: deferir tratamiento GU (COVID); no TIME,Excluded,wrong outcome,Collaborative review on deferring treatment for genitourinary cancers during COVID-19; no TIME and no HPV.,agreement,consensus_excluded,Excluded,not_required_after_initial_screening,Pending,wrong outcome,not_applicable
REC-HPVPSCC-000065,Penile cancer with visceral metastasis and p16/human papillomavirus positivity: An unusual case of long-term survival.,2020,Urol Case Rep,"Mehra, Nandini S; Ho, Thanh P; Herrera Hernandez, Loren; Quevedo, J Fernando; Costello, Brian A; Pagliaro, Lance C",10.1016/j.eucr.2020.101278,"Squamous cell carcinoma (SCC) of the penis is a rare cancer in the industrialized countries, including the United States. Risk factors for these cancers include inflammatory conditions as well as infection with the human papilloma virus (HPV). Treatment modalities are based on TNM staging and may include surgical management or chemoradiation. Patients with local or some regional disease can have a favorable prognosis; however, with extranodal metastasis, survival decreases sharply. Here, we present a case of long-term disease-free survival in a patient with widely metastatic SCC of the penis.",not_reported,https://doi.org/10.1016/j.eucr.2020.101278,https://doi.org/10.1016/j.eucr.2020.101278,Excluded,wrong outcome,clínico/quirúrgico/caso sin TIME/IT,Included,not_applicable,Case report of metastatic p16/HPV-positive pSCC with long-term survival (HPV status plus prognosis); limited contribution but admissible under the criterion.,conflict,consensus_included,Included,retrieved,Included,not_applicable,screening/full_text/REC-HPVPSCC-000065.pdf
REC-HPVPSCC-000066,[Systemic treatment of locally advanced or metastatic penile cancer].,2020,Bull Cancer,"Gassian, Noémie; Frontczak, Alexandre; El Kaddissi, Antoine; Calcagno, Fabien; Almotlak, Hamadi; Barkatz, Johann; Mouillet, Guillaume; Maurina, Tristan; Stein, Ulrich; Nguyen Tan Hon, T; Murez, Thibaut; Thiery-Vuillemin, Antoine",10.1016/s0007-4551(20)30274-5,"Penile cancers are rare, the vast majority is represented by squamous cell carcinoma, with HPV virus being found in 30 to 40% of cases. At a locally advanced or metastatic stage, first-line treatment relies on platinum and taxane based polychemotherapy. The prognosis for advanced or metastatic penile cancer remains poor, with overall survival ranging from 13.9 to 17.1 months. After the first line, guidelines recommend various chemotherapy treatments or targeted anti-EGFR therapies whose results as well as the level of evidence are limited. A better understanding of the oncogenic pathways involved in penile cancer and a frequent expression of PD-L1 are the rationale for the elaboration of new strategies. This review article presents the data, guidelines and ongoing studies in locally advanced or metastatic penile cancer.",not_reported,https://doi.org/10.1016/s0007-4551(20)30274-5,https://doi.org/10.1016/s0007-4551(20)30274-5,Included,not_applicable,revisión/contexto,Included,not_applicable,Review of systemic treatment in advanced pSCC; reports HPV frequency (30-40%) and PD-L1 expression as therapeutic rationale.,agreement,consensus_included,Included,unavailable,Pending,not_applicable,not_applicable
REC-HPVPSCC-000067,Activity and tolerability of maintenance avelumab immunotherapy after first line polychemotherapy including platinum in patients with locally advanced or metastatic squamous cell penile carcinoma: PULSE.,2020,Bull Cancer,"Gassian, Noémie; Frontczak, Alexandre; Mouillet, Guillaume; Vernerey, Dewi; Manseur, Ouiza; Goujon, Morgan; Meurisse, Aurelia; Berthod, Diane; Robert, Elise; Calcagno, Fabien; Thiery-Vuillemin, Antoine",10.1016/s0007-4551(20)30282-4,"Background Metastatic Squamous cell Penile Carcinoma (mSCPC) is an orphan disease with a virally induced oncogenesis. PD-L1 expression rate is around 60% with a strong correlation between PD-L1 in the primary tumour and metastases. The first line systemic treatment relies on platinum-based chemotherapies with a median progression free survival and overall survival around 7.5 and 16 months, respectively. Immunotherapies targeting PD-1/PD-L1 axis are effective in other squamous cell or HPV related cancers. Methods PULSE is a prospective multicenter open label single arm phase II study. Thirty-two patients will be enrolled after a radiological assessment showing a non-progressive disease after 3 to 6 cycles of a first line platinum-based polychemotherapy. Patients will receive Avelumab injections 10mg/ kg every two weeks until progression or unacceptable toxicity. The primary endpoint will be the progression free survival (PFS) according to RECIST v1.1 criteria. Secondary endpoints will include PFS according to iRECIST criteria, overall survival, quality of life, safety. Ancillary explorations will include assessing blood and tissue biomarkers for association with clinical benefit. Discussion After the first line, the prognosis remains poor with no consensus on a second line systemic treatment in locally advanced or mSCPC. PULSE trial is the first study that assess an anti PD-L1 immunotherapy in maintenance among patients with locally advanced or mSCPC. NCT NUMBER : NCT03774901.",not_reported,https://doi.org/10.1016/s0007-4551(20)30282-4,https://doi.org/10.1016/s0007-4551(20)30282-4,Included,not_applicable,pending,Included,not_applicable,PULSE phase II trial of maintenance avelumab in pSCC; reports PD-L1 rate (~60%). Protocol: check whether results have since been published.,agreement,consensus_included,Included,unavailable,Pending,not_applicable,not_applicable
REC-HPVPSCC-000068,Immunophenotypes Based on the Tumor Immune Microenvironment Allow for Unsupervised Penile Cancer Patient Stratification.,2020,Cancers (Basel),"Chu, Chengbiao; Yao, Kai; Lu, Jiangli; Zhang, Yijun; Chen, Keming; Lu, Jiabin; Zhang, Chris Zhiyi; Cao, Yun",10.3390/cancers12071796,"The tumor immune microenvironment (TIME) plays an important role in penile squamous cell carcinoma (peSCC) pathogenesis. Here, the immunophenotype of the TIME in peSCC was determined by integrating the expression patterns of immune checkpoints (programmed cell death-1 (PD-1)/programmed cell death ligand-1 (PD-L1), cytotoxic T lymphocyte antigen 4 (CTLA-4), and Siglec-15) and the components of tumor-infiltrating lymphocytes, including CD8⁺ or Granzyme B⁺ T cells, FOXP3⁺ regulatory T cells, and CD68⁺ or CD206⁺ macrophages, in 178 patients. A high density of Granzyme B, FOXP3, CD68, CD206, PD-1, and CTLA-4 was associated with better disease-specific survival (DSS). The patients with diffuse PD-L1 tumor cell expression had worse prognoses than those with marginal or negative PD-L1 expression. Four immunophenotypes were identified by unsupervised clustering analysis, based on certain immune markers, which were associated with DSS and lymph node metastasis (LNM) in peSCC. There was no significant relationship between the immunophenotypes and high-risk human papillomavirus (hrHPV) infection. However, the hrHPV-positive peSCC exhibited a higher density of stromal Granzyme B and intratumoral PD-1 than the hrHPV-negative tumors (p = 0.049 and 0.002, respectively). In conclusion, the immunophenotypes of peSCC were of great value in predicting LNM and prognosis, and may provide support for clinical stratification management and immunotherapy intervention.",not_reported,https://doi.org/10.3390/cancers12071796,https://doi.org/10.3390/cancers12071796,Included,not_applicable,pending,Included,not_applicable,"TIME immunophenotypes in 178 pSCC: PD-1/PD-L1, CTLA-4, Siglec-15, CD8, granzyme B, FOXP3, CD68/CD206 and relationship with hrHPV.",agreement,consensus_included,Included,retrieved,Included,not_applicable,screening/full_text/REC-HPVPSCC-000068.pdf
REC-HPVPSCC-000069,Human Papilloma Virus (HPV) status may impact treatment outcomes in patients with pre-cancerous penile lesions (an eUROGEN Study).,2021,Int J Impot Res,"Ashley, Sophie; Shanks, Jonathan H; Oliveira, Pedro; Lucky, Marc; Parnham, Arie; Lau, Maurice; Sangar, Vijay",10.1038/s41443-020-0327-4,"Penile intra-epithelial neoplasia (PeIN) is a known precursor for penile cancer. It may be undifferentiated or differentiated. The former is related to high-risk Human Papilloma Virus (HPV) and associated with p16 over-expression. Patients may present with red patches or lesions on the penis which on occasion may affect sexual activity.This study will assess associations between p16 status, patient parameters, treatment choice and outcomes. Data were collected on patients diagnosed with PeIN, who were referred to a single European Network, between 2008 and 2018. The following parameters were collected utilising patient records: demographics, smoking status, performance status, comorbidities, HPV/p16 status, lichen sclerosus (LS) status, treatment and clinical response. Log rank, Kaplan-Meier, Pearson Chi-Squared and Fishers Exact test were utilised to determine significance. One hundred thirty-seven patients were identified with PeIN and no invasive cancer. Staining for p16 was available in 91 patients and 74 patients were p16+. There were no significant differences in disease-free survival (DFS) for smoking status, performance status, comorbidities and lichen sclerosus, although patients with lichen sclerosus tended to recur sooner. Overall, p16+ patients showed significantly better DFS over p16- patients (n = 67; 10.4 vs 7.4 months; p = 0.023). In p16+ patients receiving treatment with imiquimod alone or with surgery, response rates were 100% vs 54% without imiquimod (n = 56; p = 0.017). In p16- patients receiving treatment with imiquimod alone or with surgery, response rates were 100% vs 56% without imiquimod (n = 17; p = 0.99). Overall 13.6% of patients progressed to cancer. The results indicate treatment combinations with immunotherapy tend to provide better responses despite p16 status. Patients with p16+ disease have a longer disease-free survival. Approximately 14% of patients progress to invasive disease. However, given the limitations in this study, further research is required to confirm these findings.",not_reported,https://doi.org/10.1038/s41443-020-0327-4,https://doi.org/10.1038/s41443-020-0327-4,Excluded,wrong outcome,pase: PeIN/pre-cancerous; no TIME en pSCC invasor,Maybe,not_applicable,"PeIN (precursor lesion, not invasive pSCC): HPV/p16 status and treatment outcomes. Decide whether the corpus admits precursor lesions.",conflict,consensus_excluded,Excluded,not_required_after_initial_screening,Pending,wrong population,not_applicable
REC-HPVPSCC-000070,Future directions in advanced penile cancer - mechanisms of carcinogenesis and a search for targeted therapy.,2020,Future Oncol,"Teh, Jiasian; O'Connor, Ellen; O'Brien, Jonathon; Lim, Wei Mou; Taylor, Michael; Heriot, Alexander; Ramsay, Robert; Lawrentschuk, Nathan",10.2217/fon-2020-0434,"Penile squamous cell carcinoma (SCC) is a rare and aggressive urological malignancy. Advanced penile SCC requires multimodal management, including surgery and systemic therapy. Given its rarity, there have been few substantial advances in our understanding of the molecular and genomic drivers of penile SCC, especially for patients with relapsed or advanced disease. In this review, we discuss the molecular and genomic landscape of penile SCC, clinical trials in progress and implications for novel therapeutic targets. Future work should focus on preclinical models to provide a platform for investigation and validation of new molecular pathways for testing of therapeutics.",not_reported,https://doi.org/10.2217/fon-2020-0434,https://doi.org/10.2217/fon-2020-0434,Excluded,wrong outcome,pSCC sin TIME/HPV/IT,Excluded,wrong outcome,Review of carcinogenesis mechanisms and targeted therapy in advanced pSCC; genomic focus with no immune content.,agreement,consensus_excluded,Excluded,not_required_after_initial_screening,Pending,wrong outcome,not_applicable
REC-HPVPSCC-000071,Current management and future perspectives of penile cancer: An updated review.,2020,Cancer Treat Rev,"Peyraud, Florent; Allenet, Clément; Gross-Goupil, Marine; Domblides, Charlotte; Lefort, Félix; Daste, Amaury; Yacoub, Mokrane; Haaser, Thibaud; Ferretti, Ludovic; Robert, Grégoire; Ravaud, Alain",10.1016/j.ctrv.2020.102087,"Penile cancer (PeCa) is a rare disease worldwide, accounting for less than one percent of all malignancies in men. It usually presents as a painless ulcer or lump on the head of the penis. Squamous cell carcinoma represents the most common histological subtype of PeCa, with pathogenesis intimately linked to chronic Human Papilloma Virus (HPV) infection. Surgery is the cornerstone for the treatment of primary PeCa with potential mutilating outcome depending on the nodal extension of the disease. However, in case of extensive lymph node involvement, multidisciplinary treatment including perioperative chemotherapy and inclusion in clinical trial should be considered. To date, advanced or metastatic disease still have poor prognosis and are a therapeutic challenge with limited options, highlighting the need of new treatments and further investigations. Growing efforts to identify molecular alterations, understand the role of HPV and characterize immune contexture have expanded over the past years, providing further perspectives in prognostication, predictive biomarkers and therapeutic intervention. In this review, we provide an updated overview of current management of PeCa focusing on perioperative strategy. We discuss about new insights of the biology of PeCa and comment future directions in the field.",not_reported,https://doi.org/10.1016/j.ctrv.2020.102087,https://doi.org/10.1016/j.ctrv.2020.102087,Excluded,wrong outcome,clínico/quirúrgico/caso sin TIME/IT,Included,not_applicable,Updated review of penile cancer addressing the role of HPV and characterisation of the immune contexture (contextualisation).,conflict,consensus_excluded,Excluded,not_required_after_initial_screening,Pending,wrong outcome,not_applicable
REC-HPVPSCC-000072,Understanding genomics and the immune environment of penile cancer to improve therapy.,2020,Nat Rev Urol,"Aydin, Ahmet Murat; Chahoud, Jad; Adashek, Jacob J; Azizi, Mounsif; Magliocco, Anthony; Ross, Jeffrey S; Necchi, Andrea; Spiess, Philippe E",10.1038/s41585-020-0359-z,"The incidence of penile squamous cell carcinoma (PSCC) has increased in developed countries over the past decades owing to increased human papilloma virus (HPV) exposure. Despite successful surgical treatment of locoregional PSCC, effective treatment options for advanced disease are limited. The prognosis of patients with bulky nodal and metastatic PSCC is dismal and new management approaches are urgently needed. Genomic analyses have provided transformative knowledge on the genomic and molecular landscape and tumour microenvironment of PSCC. Around one-quarter of patients with metastatic PSCC have clinically actionable genomic alterations in mechanistic target of rapamycin, DNA repair and receptor tyrosine kinase pathways. These patients might benefit from combined and sequential targeted therapies. HPV vaccination might be another therapeutic option as PSCC is genetically similar to other HPV-driven cancers. In addition, 40-60% of PSCC tumours show strong PDL1 expression, and the frequency of mutational signatures suggestive of immunotherapy resistance is low, pointing to potential utility of immunotherapy for PSCC. Finally, identification of the composition of the penile microbiota and its biological role might lead to new cancer prevention and treatment strategies.",not_reported,https://doi.org/10.1038/s41585-020-0359-z,https://doi.org/10.1038/s41585-020-0359-z,Included,not_applicable,pending,Included,not_applicable,Nat Rev Urol review on genomics and the immune environment of pSCC; PD-L1 in 40-60% and HPV.,agreement,consensus_included,Included,unavailable,Pending,not_applicable,not_applicable
REC-HPVPSCC-000073,Secondary NK/T cell lymphoma after radiotherapy for non-HPV-related squamous cell carcinoma of the penis: an early warning event and literature review.,2020,Int J Clin Exp Pathol,"Sun, Di; Yang, Ping; Zhang, Li; Jiang, Lei; Yu, Guohua",not_reported,"Squamous cell carcinoma is the most common malignant tumor of the penis. The new World Health Organization (WHO) classifies it into two types: non-HPV-related and HPV-related. There is a certain proportion of recurrence and metastasis after the first operation on the tumor. Radiotherapy is one of the effective methods to improve prognosis, but there is a risk of secondary primary malignant tumor. Primary NK/T cell lymphoma of the penis is rare, and secondary primary NK/T cell lymphoma of penile stump after radiotherapy for penile cancer has not been reported. Here we report a case of a 75-year-old man who was diagnosed with primary non-HPV-related squamous cell carcinoma of the penis five years after the operation of gastric adenocarcinoma. One year after the first penile operation, penile cancer recurred with multiple metastases in the left inguinal lymph nodes, and radiotherapy was performed after re-operation. Secondary primary penile NK/T cell lymphoma was induced 16 months after radiotherapy. Secondary lymphoma after radiotherapy for penile cancer is an accidental event, and the efficacy and risk of postoperative radiotherapy need to be further evaluated.",not_reported,unavailable,pending,Excluded,wrong population,"linfoma, no pSCC",Excluded,wrong outcome,Case of secondary NK/T lymphoma after radiotherapy; the outcome is neither immune nor related to the pSCC TIME.,agreement,consensus_excluded,Excluded,not_required_after_initial_screening,Pending,wrong population,not_applicable
REC-HPVPSCC-000074,Potential Receptors for Targeted Imaging of Lymph Node Metastases in Penile Cancer.,2020,Diagnostics (Basel),"van der Fels, Christa A M; Palthe, Selma; Buikema, Henk; van den Heuvel, Marius C; Leliveld, Annemarie; de Jong, Igle Jan",10.3390/diagnostics10090694,"Imaging modalities using tumor-directed monoclonal antibodies may be of value to improve the pre- and intraoperative detection and resection of lymph node (LN) metastatic disease in penile squamous cell carcinoma (PSCC). We investigated the expression of prostate-specific membrane antigen (PSMA), vascular endothelial growth factor (VEGF), epidermal growth factor receptor (EGFR) and epithelial cell adhesion molecule (EpCAM) to analyze their potency for diagnostic applications. Antigen expression was determined in primary tumors and LNs with and without metastases of 22 patients with PSCC. The total immunostaining score (TIS, 0-12) was determined as the product of a proportion score (PS, 0-4) and an intensity score (IS, 0-3). EGFR and VEGF expression were high in primary tumor (median TIS 8) and LN metastases (median TIS 6 and 8, respectively). No EGFR expression was seen in LNs without metastases. However, LNs without metastases did show VEGF expression (median TIS 6). No EpCAM or PSMA expression was seen in PSCC. This study shows that VEGF and EGFR expression is moderate to high in LN metastases of PSCC. Both VEGF and EGFR warrant further clinical evaluation to determine their value as a target for pre- and intraoperative imaging modalities in the detection of LN metastases in PSCC.",not_reported,https://doi.org/10.3390/diagnostics10090694,https://doi.org/10.3390/diagnostics10090694,Excluded,wrong outcome,EGFR/targeteado sin eje inmune,Excluded,wrong outcome,"Receptors for targeted imaging (PSMA, VEGF, EGFR, EpCAM) in lymph node metastases; non-immune markers.",agreement,consensus_excluded,Excluded,not_required_after_initial_screening,Pending,wrong outcome,not_applicable
REC-HPVPSCC-000075,The Immune Microenvironment in Penile Cancer and Rationale for Immunotherapy.,2020,J Clin Med,"Ahmed, Mohamed E; Falasiri, Shayan; Hajiran, Ali; Chahoud, Jad; Spiess, Philippe E",10.3390/jcm9103334,"Penile cancer is an extremely rare malignancy that accounts for approximately 1% of cancer deaths in the United States every year. While primary penile cancer can be managed surgically, advanced and metastatic forms of the disease require more aggressive management plans with systemic chemotherapy and/or radiotherapy. Despite the meaningful response to systemic treatments, the 2-year progression-free survival and disease-specific survival have shown disappointing results. Therefore, there is a crucial need for alternative treatment options with more favorable outcomes and a lower toxicity profile. There are currently extensive studies of tumor molecular biology and clinical trials with targeted molecular therapies, such as PD-1, PD-L1, and CTLA-4. In this review, we will describe the penile cancer microenvironment, and summarize the rationale for immunotherapy in penile cancer patients.",not_reported,https://doi.org/10.3390/jcm9103334,https://doi.org/10.3390/jcm9103334,Included,not_applicable,revisión/contexto,Included,not_applicable,Review specifically on the penile cancer immune microenvironment and the rationale for immunotherapy (PD-1/PD-L1/CTLA-4).,agreement,consensus_included,Included,retrieved,Included,not_applicable,screening/full_text/REC-HPVPSCC-000075.pdf
REC-HPVPSCC-000076,Equine Penile Squamous Cell Carcinomas as a Model for Human Disease: A Preliminary Investigation on Tumor Immune Microenvironment.,2020,Cells,"Porcellato, Ilaria; Mecocci, Samanta; Mechelli, Luca; Cappelli, Katia; Brachelente, Chiara; Pepe, Marco; Orlandi, Margherita; Gialletti, Rodolfo; Passeri, Benedetta; Ferrari, Angelo; Modesto, Paola; Ghelardi, Alessandro; Razzuoli, Elisabetta",10.3390/cells9112364,"Penile squamous cell carcinomas (SCCs) are common tumors in older horses, with poor prognosis mostly due to local invasion and recurrence. These tumors are thought to be mainly caused by Equus caballus papillomavirus type 2 (EcPV-2). The aim of this study is to characterize the tumor immune environment (TIME) in equine penile tumors. Equine penile epithelial tumors (17 epSCCs; 2 carcinomas in situ, CIS; 1 papilloma, P) were retrospectively selected; immune infiltrate was assessed by histology and immunohistochemistry; RT-qPCR tested the expression of selected chemokines and EcPV-2 DNA and RNA. The results confirmed EcPV-2-L1 DNA in 18/20 (90%) samples. L1 expression was instead retrieved in 13/20 cases (65%). The samples showed an increased infiltration of CD3⁺lymphocytes, macrophages (MAC387; IBA1), plasma cells (MUM1), and FoxP3⁺lymphocytes in the intra/peritumoral stroma when compared to extratumoral tissues (p < 0.05). Only MAC387⁺neutrophils were increased in EcPV-2^high viral load samples (p < 0.05). IL12/p35 was differentially expressed in EcPV^high and EcPV^low groups (p = 0.007). A significant decrease of IFNG and IL2 expression was highlighted in TGFB1-positive samples (p < 0.05). IBA1 and CD20 were intratumorally increased in cases where IL-10 was expressed (p < 0.005). EpSCCs may represent a good spontaneous model for the human counterpart. Further prospective studies are needed in order to confirm these preliminary results.",not_reported,https://doi.org/10.3390/cells9112364,https://doi.org/10.3390/cells9112364,Excluded,wrong population,especie no humana,Excluded,wrong population,EQUINE pSCC (horse): TIME characterisation with EcPV-2. Non-human species - criterion applied on title/abstract.,agreement,consensus_excluded,Excluded,not_required_after_initial_screening,Pending,wrong population,not_applicable
REC-HPVPSCC-000077,Penile cancer: potential target for immunotherapy?,2021,World J Urol,"Vanthoor, Joren; Vos, Gigi; Albersen, Maarten",10.1007/s00345-020-03510-7,"PURPOSE: Penile cancer (PeCa) is a rare malignancy with a poor prognosis in advanced disease. There is still a limited understanding of the biological mediators that are important in the prognosis and therapy of the disease. This review aims to provide a summary of the immune micro-environment, molecular oncogenesis and the role of HPV in the disease applying to the potential of the use of immunotherapy. METHODS: Narrative, non-systematic review based on publications retrieved by PubMed and EMBASE search. RESULTS: The molecular mechanisms underlying penile carcinogenesis are complex, and human papillomavirus (HPV) infection is a well-characterized driver of penile cancer. Up to 50% of the penile carcinomas are HPV related. There is potential to improve prevention, treatment and follow-up strategies pertaining to the role of HPV in penile cancer. Immune response modifiers such as toll-like receptor agonists are being used in a topical fashion for penile intraepithelial neoplasia while immune checkpoint inhibitors are currently under clinical investigation for its application in penile cancer. CONCLUSIONS: The knowledge of prognosis-relevant biological pathways in penile cancer is expanding. HPV plays an important role in the carcinogenesis. This can lead to the identification of therapeutic targets which could significantly influence the prognosis of advanced penile cancer. Clinical trials are being conducted to pave the way for immune-modifying treatment modalities.",not_reported,https://doi.org/10.1007/s00345-020-03510-7,https://doi.org/10.1007/s00345-020-03510-7,Included,not_applicable,revisión/contexto,Included,not_applicable,"Review of the immune microenvironment, molecular oncogenesis and role of HPV in penile cancer with a view to immunotherapy.",agreement,consensus_included,Included,unavailable,Pending,not_applicable,not_applicable
REC-HPVPSCC-000078,Urogenital Lesions in Nonhuman Primates at 2 National Primate Research Centers.,2021,Vet Pathol,"Kirejczyk, Shannon; Pinelli, Christopher; Gonzalez, Olga; Kumar, Shyamesh; Dick, Edward; Gumber, Sanjeev",10.1177/0300985820971752,"Given their genetic and anatomic similarities to humans, nonhuman primates (NHPs) may serve as animal models for urogenital diseases of humans. The purpose of this study was to examine the frequency of spontaneous urogenital lesions occurring over a 30-year period at the Yerkes and Southwest National Primate Research Centers and to compare and contrast lesions occurring in Old World versus New World primates. Lesions occurring in the chimpanzee (Pan troglodytes), baboon (Papio spp.), rhesus macaque (Macaca mulatta), cynomolgus macaque (Macaca fascicularis), pig-tailed macaque (Macaca nemestrina), sooty mangabey (Cercocebus atys), common marmoset (Callithrix jacchus), cotton-top tamarin (Sanguinus oedipus), and squirrel monkey (Saimiri sciureus) are discussed. The most common lesions of the kidney were medullary amyloidosis, renal cysts, renal tubular degeneration, glomerulonephritis or glomerulopathy, nephritis, nephrocalcinosis, pyelonephritis, and hydronephrosis. Specific causes of renal tubular disease included pigmentary nephrosis and tubular lipidosis. Renal tumors, including renal adenoma and carcinoma, lymphoma, and nephroblastoma, were infrequent diagnoses in all species. Endometriosis was the most frequently diagnosed lesion of the female genital tract. Of the animals examined in this study, it was most frequent in Old World primates. Leiomyoma was the most common uterine tumor. Granulosa cell tumor was the most frequently observed neoplasm of the ovaries, followed by teratoma. Of animals included in the study, most ovarian tumors occurred in baboons. Neoplasms of the male reproductive tract included interstitial cell tumor, seminoma, penile squamous cell carcinoma, penile papilloma, and histiocytoma. In New World monkeys, renal lesions were reported more frequently than genital lesions.",not_reported,https://doi.org/10.1177/0300985820971752,https://doi.org/10.1177/0300985820971752,Excluded,wrong population,especie no humana,Excluded,wrong population,Urogenital lesions in non-human primates; non-human species.,agreement,consensus_excluded,Excluded,not_required_after_initial_screening,Pending,wrong population,not_applicable
REC-HPVPSCC-000079,Immune responses against autologous tumor and human papilloma virus in lymph nodes from patients with penile cancer.,2021,Investig Clin Urol,"Zhang, Lu; Zirakzadeh, A Ali; Rosvall, Jesper; Hedlund, Mats; Hu, Ping Sheng; Riklund, Katrine; Sherif, Amir; Winqvist, Ola",10.4111/icu.20200116,"PURPOSE: Nearly half of penile cancers are related to human papillomavirus (HPV) infection. Investigations of tumor- and HPV-specific T cell reactivity in regional lymph nodes (LNs) from patients with penile cancer are warranted. MATERIALS AND METHODS: In this study, single-cell suspensions from LNs and peripheral blood from 11 patients with penile cancer were stained with antibodies for lymphocyte markers and analyzed by fluorescence-activated cell sorting (FACS). DNA was extracted from the tumor tissue and HPV status was investigated by PCR. RESULTS: T-cell reactivity against autologous tumor-extract and against the HPV-vaccine Gardasil® was tested by flow-cytometric assay of specific cell-mediated immune response in activated whole blood (FASCIA). CD4⁺/CD8⁺ ratios were significantly lower in HPV positive LNs (p<0.05). Immune responses to tumor extract assessed by blast transformation and expansion in vitro, of either CD4⁺ or CD8⁺ T-cells, were found in 9 of 13 LNs (69%). 5 of 6 tested patients demonstrated T cell recognition of tumor-associated antigen(s). In HPV-positive patients, dose-dependent T cell responses against L1 (late) HPV proteins (Gardasil vaccine) were demonstrated. CONCLUSIONS: LN-derived T cells from patients with penile cancer recognize tumor antigen(s) and in HPV-positive cases, there is a response against L1 (late) HPV proteins, being constituents of the Gardasil vaccine.",not_reported,https://doi.org/10.4111/icu.20200116,https://doi.org/10.4111/icu.20200116,Included,not_applicable,pending,Included,not_applicable,T-cell responses against autologous tumour and HPV in lymph nodes of penile cancer patients; CD4/CD8 ratio by HPV status.,agreement,consensus_included,Included,retrieved,Included,not_applicable,screening/full_text/REC-HPVPSCC-000079.pdf
REC-HPVPSCC-000080,Case Report: Two Cases of Chemotherapy Refractory Metastatic Penile Squamous Cell Carcinoma With Extreme Durable Response to Pembrolizumab.,2020,Front Oncol,"Chahoud, Jad; Skelton, William Paul; Spiess, Philippe E; Walko, Christine; Dhillon, Jasreman; Gage, Kenneth L; Johnstone, Peter A S; Jain, Rohit K",10.3389/fonc.2020.615298,"BACKGROUND: Penile squamous cell carcinoma (PSCC) is a rare malignancy, and those patients with metastatic disease have limited treatment options. Treatment is largely comprised of platinum-based chemotherapy; however, patients progressing after initial chemotherapy have a median overall survival (OS) of less than 6 months. Based on a high percentage of PD-L1 expression in patients with PSCC, and its biological similarities to other squamous cell carcinomas, we present two patient cases treated with pembrolizumab with extraordinary durable treatment response far beyond treatment with standard therapy. MAIN BODY: The first patient is a 64 year old male with PSCC who was treated with neoadjuvant chemotherapy, partial penectomy, and adjuvant radiation prior to developing metastatic disease. He had a high TMB (14 mutations/Mb) and was started on pembrolizumab with a complete response, which has been maintained for 38 months. The second patient is an 85 year old male with PSCC who was treated with partial penectomy and adjuvant chemotherapy and radiation prior to developing metastatic disease. He had positive PD-L1 expression CPS 130) and was started on pembrolizumab with a partial response, which has been maintained for 18 months after starting treatment. CONCLUSIONS: These two cases of extreme durable response with pembrolizumab (with molecular data including TMB and PD-L1 status) represent a significant clinical benefit in this patient population. With limited treatment options that result in a median OS of less than 6 months, along with the toxicity profile of chemotherapy which may not be tolerated in elderly patients with comorbidities, this survival benefit with pembrolizumab, along with advances in tumor sequencing and clinical trials shows that there is a potentially significant benefit with novel therapies in this patient population.",not_reported,https://doi.org/10.3389/fonc.2020.615298,https://doi.org/10.3389/fonc.2020.615298,Included,not_applicable,caso con IT,Included,not_applicable,Two cases of metastatic pSCC with durable response to pembrolizumab; PD-L1 and TMB.,agreement,consensus_included,Included,retrieved,Included,not_applicable,screening/full_text/REC-HPVPSCC-000080.pdf
REC-HPVPSCC-000081,Recent Advances in the Management of Penile Cancer: A Contemporary Review of the Literature.,2021,Oncol Ther,"Stecca, Carlos E; Alt, Marie; Jiang, Di Maria; Chung, Peter; Crook, Juanita M; Kulkarni, Girish S; Sridhar, Srikala S",10.1007/s40487-020-00135-z,"Penile cancer is a rare condition, which mostly affects men in their sixth decade of life. The most common histology is squamous cell carcinoma (SCC), with about half of the cases linked to human papilloma virus (HPV) infection. The lack of awareness and significant social and psychological stigma associated with penile cancer often leads to delays in presentation, diagnosis and management. Timely multidisciplinary care at experienced centers is therefore critical for improving outcomes. For patients with advanced disease, treatment options are limited and prognosis remains poor. Large international efforts are underway to further define the optimal standards of care. Targeted therapies and immune checkpoint inhibitors could potentially play a role in advanced disease and are under evaluation in clinical trials. In this review, we discuss the current management of penile cancer and future directions.",not_reported,https://doi.org/10.1007/s40487-020-00135-z,https://doi.org/10.1007/s40487-020-00135-z,Excluded,wrong outcome,pase: advances management; foco clínico general,Included,not_applicable,Review of penile cancer management: HPV in ~50% of cases and immune checkpoint inhibitors under evaluation (contextualisation).,conflict,consensus_excluded,Excluded,not_required_after_initial_screening,Pending,wrong outcome,not_applicable
REC-HPVPSCC-000082,Penile Lymphoepithelioma-Like Carcinoma: A Rare Case With PD-L1 Expression.,2021,Int J Surg Pathol,"Machado-Neves, Raquel; Teixeira, Bernardo; Fonseca, Elsa; Valente, Pedro; Lindoro, Joaquim; Vila, Fernando; Polónia, António",10.1177/1066896920988340,"Most malignant tumors of the penis are squamous cell carcinomas (SCC), being divided in 2 groups, one human papillomavirus (HPV)-related and another non-HPV-related, with lymphoepithelioma-like carcinoma (LELC) being one of the rarest HPV-related SCC. In this article, we report a case of a 50-year-old man who presented testicular swelling and pain for the past 3 months. A penile mass was identified, and the patient was submitted to a total penectomy. The penectomy specimen showed an ulcerated lesion at the glans reaching the cavernous bodies. Microscopic examination showed undifferentiated epithelial cells with syncytial growth pattern mix with a dense lymphoplasmacytic infiltrate, consistent with LELC. The tumor cells expressed p16 and all 3 different clones of PDL1 (22C3, SP263, and SP142). The patient is alive and well with a follow-up of 3 months. To our knowledge, this is the third LELC of the penis reported in literature and the first case reported with PDL1 expression.",not_reported,https://doi.org/10.1177/1066896920988340,https://doi.org/10.1177/1066896920988340,Included,not_applicable,pending,Included,not_applicable,Case of penile lymphoepithelioma-like carcinoma (HPV-related SCC) with p16 and PD-L1 expression across three clones.,agreement,consensus_included,Included,unavailable,Pending,not_applicable,not_applicable
REC-HPVPSCC-000083,Inguinal lymph node dissection for penile cancer: a contemporary review.,2020,Transl Androl Urol,"Teh, Jiasian; Duncan, Catriona; Qu, Liang; Guerra, Glen; Narasimhan, Vignesh; Pham, Toan; Lawrentschuk, Nathan",10.21037/tau.2019.08.37,"Penile cancer is an uncommon disease associated with significant psychological and physical morbidity. Penile cancer has an expectable pattern of spread in a stepwise fashion, from inguinal to pelvic lymph nodes (PLN) then distant spread. Patients with penile cancer have variable survival, with patients with a low burden of nodal metastatic disease having lasting survival with surgical management, however patients with a large amount of locoregional metastatic disease having a worse prognosis. The current management options for patients with metastatic lymph node disease in penile cancer aims to reduce the morbidity associated with radical inguinal lymph node (ILN) surgery with appropriate risk stratification to optimise oncological control of the disease. This article describes current challenges in managing the inguinal region in patients with penile squamous cell carcinoma (SCC).",not_reported,https://doi.org/10.21037/tau.2019.08.37,https://doi.org/10.21037/tau.2019.08.37,Excluded,wrong outcome,molecular/clínico sin TIME/IT,Excluded,wrong intervention,"Review of inguinal lymphadenectomy; surgical outcome, no TIME and no HPV.",agreement,consensus_excluded,Excluded,not_required_after_initial_screening,Pending,wrong outcome,not_applicable
REC-HPVPSCC-000084,TERT promoter mutations in penile squamous cell carcinoma: high frequency in non-HPV-related type and association with favorable clinicopathologic features.,2021,J Cancer Res Clin Oncol,"Kim, Sang Kyum; Kim, Jang-Hee; Han, Jae Ho; Cho, Nam Hoon; Kim, Se Joong; Kim, Sun Il; Choo, Seol Ho; Kim, Ji Su; Park, Bumhee; Kwon, Ji Eun",10.1007/s00432-021-03514-9,"PURPOSE: Penile carcinoma is a rare malignant neoplasm with a largely unknown molecular pathogenesis. Telomerase reverse transcriptase promoter (TERT-p) mutations have been detected in several types of human malignancies. The aim of this study was to investigate the presence of TERT-p mutations in penile squamous cell carcinomas (SCCs) and their associations with clinicopathologic features. METHODS: In this retrospective study, Sanger sequencing was performed to detect TERT-p mutations in formalin-fixed paraffin-embedded tissue samples from 37 patients with penile SCC, 16 patients with cutaneous SCC, and 4 patients with non-neoplastic penile/skin tissue. The expression of p16^INK4a and Ki-67 was investigated via immunohistochemistry. Associations of TERT-p mutation with clinicopathological factors, immunohistochemical results, and clinical outcome were statistically analyzed. RESULTS: Recurrent TERT-p mutations were identified in 18 out of 37 (48.6%) penile SCCs, including all 3 carcinoma in situ cases. TERT-p mutations were significantly more frequent in non-human papilloma virus (HPV)-related penile SCC types than in non-HPV-related penile SCC based on both histologic classification and p16^INK4a immunoreactivity. Furthermore, TERT-p mutation was associated with a low histologic grade, low mitotic count, absence of necrosis, low Ki-67/MIB-1 labeling index, and absence of lymph node or distant metastasis. CONCLUSION: Our study shows TERT-p mutations are the most frequent somatic mutations in penile SCC. In addition, TERT-p mutations are far more frequent in non-HPV-related penile SCC than in HPV-related penile SCC, indicating TERT-p mutations may have a role in tumorigenesis distinct from HPV-related penile SCC.",not_reported,https://doi.org/10.1007/s00432-021-03514-9,https://doi.org/10.1007/s00432-021-03514-9,Included,not_applicable,TERT/HPV subtype en pSCC — vía HPV-driven vs independent,Excluded,wrong outcome,"TERT promoter mutations in pSCC; molecular outcome, HPV used only as a stratifier.",conflict,consensus_included,Included,retrieved,Included,not_applicable,screening/full_text/REC-HPVPSCC-000084.pdf
REC-HPVPSCC-000085,Expansion of tumor-infiltrating lymphocytes (TIL) from penile cancer patients.,2021,Int Immunopharmacol,"Aydin, Ahmet Murat; Hall, MacLean; Bunch, Brittany L; Branthoover, Holly; Sannasardo, Zachary; Mackay, Amy; Beatty, Matthew; Sarnaik, Amod A; Mullinax, John E; Spiess, Philippe E; Pilon-Thomas, Shari",10.1016/j.intimp.2021.107481,"Penile cancer is a rare but highly lethal cancer, and therapeutic options for patients presenting with lymph nodal disease are very limited. Adoptive cell therapy (ACT) using tumor-infiltrating lymphocytes (TIL) was shown to provide durable objective response in patients with metastatic melanoma and TIL have been expanded from solid tumors at rates between 70 and 90% depending on the specific diagnosis. We evaluated whether TIL could be expanded from surgical specimens of patients with penile cancer. Tumor samples from metastatic lymph nodes obtained at the time of inguinal lymph node dissection were collected, minced into fragments, placed in individual wells of a 24-well plate, and propagated in high dose IL-2 for four weeks. The phenotype of expanded TILs was assessed by flow cytometry and their anti-tumor reactivity was assessed by IFN-γ ELISA. TIL were expanded from 11 out of 12 (91.6%) samples of metastatic lymph nodes. Expanded TIL were predominantly CD3⁺ (mean 67.5%, SD 19.4%) with a mean of 46.8% CD8⁺ T cells (SD 21.1%). Five out of 11 samples (45.4%) from expanded TIL secreted IFN-γ in response to autologous tumor. TIL expansion and phenotype of expanded T cell lymphocytes were independent of previous HPV infection and treatment with neoadjuvant chemotherapy. This is the first report demonstrating successful expansion of tumor-reactive TIL from penile cancer patients, which support development of ACT strategies using TIL for the treatment of advanced and recurrent penile cancer.",not_reported,https://doi.org/10.1016/j.intimp.2021.107481,https://doi.org/10.1016/j.intimp.2021.107481,Included,not_applicable,pending,Included,not_applicable,Expansion of TIL (CD3+/CD8+) from metastatic lymph nodes of penile cancer patients for adoptive cell therapy.,agreement,consensus_included,Included,retrieved,Included,not_applicable,screening/full_text/REC-HPVPSCC-000085.pdf
REC-HPVPSCC-000086,Prognostic predictors of lymph node metastasis in penile cancer: a systematic review.,2021,Int Braz J Urol,"Zekan, David S; Dahman, Ahmad; Hajiran, Ali J; Luchey, Adam M; Chahoud, Jad; Spiess, Philippe E",10.1590/s1677-5538.ibju.2020.0959,"PURPOSE: Squamous cell carcinoma (SCC) of the penis is a rare disease in developed countries but is associated with significant morbidity and mortality. A crucial prognostic factor is the presence of inguinal lymph node metastases (ILNM) at the time of diagnosis. At least 25% of cases have micrometastases at the time of diagnosis. Therefore, we performed a literature review of studies evaluating factors, both clinical and pathological, predictive of lymph node metastases in penile SCC. MATERIALS AND METHODS: Studies were identified using PubMed and search terms included the following: penile cancer, penile tumor, penile neoplasm, penile squamous cell carcinoma, inguinal lymph node metastasis, lymph node metastases, nodal metastasis, inguinal node metastasis, inguinal lymph node involvement, predictors, and predictive factor. The number of patients and predictive factors were identified for each study based on OR, HR, or RR in multivariate analyses, as well as their respective significance values. These were compiled to generate a single body of evidence supportive of factors predictive of ILNM in penile SCC. RESULTS: We identified 31 studies, both original articles and meta-analyses, which identified factors predictive of metastases in penile SCC. The following clinical factors were predictive of ILNM in penile SCC: lymphovascular invasion (LVI), increased grade, increased stage (both clinical and pathological), infiltrative and reticular invasion, increased depth of invasion, perineural invasion, and younger patient age at diagnosis. Biochemically, overexpression of p53, SOD2, Ki-67, and ID1 were associated with spread of SCC to inguinal lymph nodes. Diffuse PD-L1 expression, increased SCC-Ag expression, increased NLR, and CRP >20 were also associated with increased ILNM. CONCLUSIONS: A multitude of factors are associated with metastasis of SCC of the penis to inguinal lymph nodes, which is associated with poor clinical outcomes. The above factors, most strongly LVI, grade, and node positivity, may be considered when constructing a nomogram to risk-stratify patients and determine eligibility for prophylactic inguinal lymphadenectomy.",not_reported,https://doi.org/10.1590/s1677-5538.ibju.2020.0959,https://doi.org/10.1590/s1677-5538.ibju.2020.0959,Excluded,wrong outcome,predictores metástasis ganglionar; sin TIME,Excluded,wrong outcome,Systematic review of clinicopathological predictors of lymph node metastasis; no immune markers in the abstract.,agreement,consensus_excluded,Excluded,not_required_after_initial_screening,Pending,wrong outcome,not_applicable
REC-HPVPSCC-000087,Pembrolizumab for advanced penile cancer: a case series from a phase II basket trial.,2021,Invest New Drugs,"Hahn, Andrew W; Chahoud, Jad; Campbell, Matthew T; Karp, Daniel D; Wang, Jennifer; Stephen, Bettzy; Tu, Shi-Ming; Pettaway, Curtis A; Naing, Aung",10.1007/s10637-021-01100-x,"BACKGROUND: Treatment options for unresectable, locally advanced or metastatic penile squamous cell carcinoma (SCC) are limited. Previous studies have shown that 40-62% of patients with penile SCC express PD-L1. We report three cases of locally advanced or metastatic penile SCC treated with pembrolizumab. CASE PRESENTATIONS: Herein, we present three patients with recurrent, locally advanced or metastatic penile SCC who progressed on a platinum-based chemotherapy triplet and were treated with pembrolizumab, administered as part of a phase II clinical trial for rare tumors (NCT02721732). One patient with a microsatellite instability high (MSI-H) tumor experienced a durable partial response to pembrolizumab, underwent surgical consolidation, and remains disease-free 38.7 months later. Two patients experienced progressive disease within 3 months of beginning pembrolizumab. No one experienced a grade 3 or worse treatment-related adverse event. CONCLUSION: In sum, single-agent pembrolizumab was well tolerated as salvage therapy in a small cohort of patients with unresectable, locally advanced or metastatic penile SCC. Pembrolizumab produced an objective response in an MSI-H tumor, yet it did not control disease in two patients with MSS penile SCC. Rationale combination therapies, including pembrolizumab, warrant further investigation. TRIAL REGISTRATION: ClinicalTrials.gov identifier: NCT02721732 . Registered March 23, 2016.",not_reported,https://doi.org/10.1007/s10637-021-01100-x,https://doi.org/10.1007/s10637-021-01100-x,Included,not_applicable,pending,Included,not_applicable,Case series of pembrolizumab in advanced pSCC within a phase II basket trial; PD-L1 and MSI-H.,agreement,consensus_included,Included,retrieved,Included,not_applicable,screening/full_text/REC-HPVPSCC-000087.pdf
REC-HPVPSCC-000088,miRNA Expression Characterizes Histological Subtypes and Metastasis in Penile Squamous Cell Carcinoma.,2021,Cancers (Basel),"Ayoubian, Hiresh; Heinzelmann, Joana; Hölters, Sebastian; Khalmurzaev, Oybek; Pryalukhin, Alexey; Loertzer, Philine; Heinzelbecker, Julia; Lohse, Stefan; Geppert, Carol; Loertzer, Hagen; Wunderlich, Heiko; Bohle, Rainer M; Stöckle, Michael; Matveev, Vsevolod Borisovich; Hartmann, Arndt; Junker, Kerstin",10.3390/cancers13061480,"Although microRNAs are described as promising biomarkers in many tumor types, little is known about their role in PSCC. Thus, we attempted to identify miRNAs involved in tumor development and metastasis in distinct histological subtypes considering the impact of HPV infection. In a first step, microarray analyses were performed on RNA from formalin-fixed, paraffin-embedded tumor (22), and normal (8) tissue samples. Microarray data were validated for selected miRNAs by qRT-PCR on an enlarged cohort, including 27 tumor and 18 normal tissues. We found 876 significantly differentially expressed miRNAs (p ≤ 0.01) between HPV-positive and HPV-negative tumor samples by microarray analysis. Although no significant differences were detected between normal and tumor tissue in the whole cohort, specific expression patterns occurred in distinct histological subtypes, such as HPV-negative usual PSCC (95 differentially expressed miRNAs, p ≤ 0.05) and HPV-positive basaloid/warty subtypes (247 differentially expressed miRNAs, p ≤ 0.05). Selected miRNAs were confirmed by qRT-PCR. Furthermore, microarray data revealed 118 miRNAs (p ≤ 0.01) that were significantly differentially expressed in metastatic versus non-metastatic usual PSCC. The lower expression levels for miR-137 and miR-328-3p in metastatic usual PSCC were validated by qRT-PCR. The results of this study confirmed that specific miRNAs could serve as potential diagnostic and prognostic markers in single PSCC subtypes and are associated with HPV-dependent pathways.",not_reported,https://doi.org/10.3390/cancers13061480,https://doi.org/10.3390/cancers13061480,Excluded,wrong outcome,molecular/clínico sin TIME/IT,Excluded,wrong outcome,"miRNA profiling by histological subtype and HPV status; molecular, non-immune outcome.",agreement,consensus_excluded,Excluded,not_required_after_initial_screening,Pending,wrong outcome,not_applicable
REC-HPVPSCC-000089,Research and Clinical Significance of the Differentially Expressed Genes TP63 and LMO4 in Human Immunodeficiency Virus-Related Penile Squamous Cell Carcinoma.,2021,Am J Mens Health,"Xue, Wenrui; Zheng, Xin; Hu, Xiaopeng; Zhang, Yu",10.1177/15579883211011380,"To study the differential gene expression and clinical significance in human immunodeficiency virus-infected individuals (HIVIIs) with penile squamous cell carcinoma. At our hospital from 2019 to 2020, we selected six samples of HIV-related penile squamous cell carcinoma for the experimental group and six samples of non-HIV-related penile squamous cell carcinoma for the control group. Transcriptome sequencing of sample mRNAs was performed by high-throughput sequencing. Differential gene expression analysis, differential Gene Ontology (GO) enrichment analysis and differential Kyoto Encyclopedia of Genes and Genomes (KEGG) pathway analysis were carried out, and the reads per kilobase per million reads (RPKM) value was used as a measure of gene expression. A total of 2418 differentially expressed genes were obtained, of which 663 were upregulated and 1755 were downregulated (absolute value of logFC >1 and p value <.05). On the basis of the significance of the GO enrichment analysis, we found that the tumor protein p63 (TP63) gene was significantly upregulated and that the LIM domain only 4 (LMO4) gene was significantly downregulated in the experimental group compared with the control group. KEGG pathway analysis of the differentially expressed genes revealed that DNA replication was the most significant pathway associated with the upregulated genes and cell adhesion molecule (CAM) metabolism was the most significant pathway associated with the downregulated genes. The gene expression profiles of HIV-related penile squamous cell carcinoma and non-HIV-related penile squamous cell carcinoma are significantly different and involve significant GO enrichment and KEGG metabolic pathways, and this is very meaningful for the study of non-AIDS-defining cancers (NADCs). Differential expression of genes may be an important target for the prevention of penile squamous cell carcinoma in HIVIIs.",not_reported,https://doi.org/10.1177/15579883211011380,https://doi.org/10.1177/15579883211011380,Excluded,wrong outcome,pSCC sin TIME/HPV/IT,Excluded,wrong outcome,"Differential expression of TP63/LMO4 in HIV-related pSCC; transcriptomic, non-immune outcome.",agreement,consensus_excluded,Excluded,not_required_after_initial_screening,Pending,wrong outcome,not_applicable
REC-HPVPSCC-000090,Single-cell Transcriptomics Uncover a Novel Role of Myeloid Cells and T-lymphocytes in the Fibrotic Microenvironment in Peyronie's Disease.,2022,Eur Urol Focus,"Milenkovic, Uros; Boeckx, Bram; Lambrechts, Diether; Janky, Rekin's; Hatzichristodoulou, Georgios; van Renterghem, Koen; Gevaert, Thomas; Cellek, Selim; Bivalacqua, Trinity J; De Ridder, Dirk; Albersen, Maarten",10.1016/j.euf.2021.04.012,"BACKGROUND: Peyronie's disease (PD) is an acquired fibrotic disease affecting the penile tunica albuginea that can lead to curvature and deformities, shortening, and erectile dysfunction. Although immunological mechanisms have been suggested for the pathophysiology of PD, these have not been investigated using single-cell transcriptomics. OBJECTIVE: To investigate the immunological signature of plaques from PD patients using immunohistochemistry (IHC) and single-cell RNA sequencing (scRNA-Seq). DESIGN, SETTING, AND PARTICIPANTS: Tunica albuginea biopsy was performed in patients undergoing penile surgery for either PD (n = 12) or plication or penile cancer (control, n = 6). The inclusion criteria for PD patients were stable chronic disease (≥12 mo in duration) and no previous penile surgery or intralesional injection therapy. OUTCOME MEASUREMENTS AND STATISTICAL ANALYSIS: IHC was performed on surgical samples from ten patients with PD and five control subjects. An additional two PD and one control sample were used for scRNA-Seq (droplet-based; 10X Genomics). Cell clusters were visualised using heatmaps and t-distributed stochastic neighbour embedding plots (BioTuring v2.7.5). RESULTS AND LIMITATIONS: IHC revealed the presence of myeloid dendritic cells (DCs; CD68⁺, TLR4⁺, CD206⁺), cytotoxic T lymphocytes (CTLs; CD3⁺, CD8⁺), and B lymphocytes (CD20⁺) in PD plaques, which were absent in controls. scRNA-Seq yielded results for 3312 PD and 5658 control cells. Cell clusters contained fibroblasts (COL1A2⁺), myofibroblasts (COL1A2⁺, ACTA2⁺), smooth muscle cells (ACTA2⁺, DES⁺), endothelial cells (VWF⁺), myeloid cells (CD14⁺), T lymphocytes (CD3D⁺), and neutrophils (ALPL⁺). Myeloid cell subclustering showed infiltration of monocyte-derived cells; control tissue contained classical DCs and resident macrophages. Lymphocyte subclustering revealed mucosal-associated invariant T (MAIT) cells and CTLs in PD. Differential gene expression suggests an increase in inflammatory and immune responses in chronic PD. The study is limited by the small scRNA-seq sample size (n = 3) for IHC, mitigated by a larger cohort of historic paraffin-embedded samples (n = 15), which showed largely parallel findings. Owing to tissue stiffness and extracellular matrix adhesion, our single-cell yield was lower for PD than for the control sample. CONCLUSIONS: Our data suggest that even in the chronic PD stage (painless and stable curvature) there is a sustained inflammatory reaction. While vascularisation and collagen production are elevated, the inflammation is driven by specialised monocyte-derived CTL and MAIT cells. These findings could uncover new avenues for medical treatment of PD. PATIENT SUMMARY: We looked at the role of the immune system in patients suffering from Peyronie's disease, a condition causing shortening and curvature of the penis. We found that even in a stable, chronic stage of the disease, there is activation of the immune system. Our results suggest that there is potential for novel treatments for this condition.",not_reported,https://doi.org/10.1016/j.euf.2021.04.012,https://doi.org/10.1016/j.euf.2021.04.012,Included,not_applicable,pending,Excluded,wrong population,Peyronie's disease (tunica albuginea fibrosis); penile cancer contributes controls only.,conflict,consensus_excluded,Excluded,not_required_after_initial_screening,Pending,wrong population,not_applicable
REC-HPVPSCC-000091,Tumor Microenvironment in Penile Cancer.,2020,Adv Exp Med Biol,"Walter, Matthias",10.1007/978-3-030-59038-3_18,"Penile cancer is rare but associated with a high morbidity and mortality once metastasized. Besides presenting a fundamental overview of penile cancer, the current literature on key players associated with the pathogenesis of penile cancer including common labor chemistry parameters [neutrophil to lymphocyte ratio (NLR) and C-reactive protein CrP)], programmed cell death 1 (PD1)/PD ligand 1 (PD-L1), regulatory T cells (Tregs), forkhead box protein 3 (FoxP3, also known as scurfin), Ki-67 (also known as MKI67), protein 53 (p53), and pericytes has been reviewed and summarized. Furthermore, future directions and an overview of ongoing clinical trials are provided to highlight potential avenues that could improve cancer-specific and overall survival.",not_reported,https://doi.org/10.1007/978-3-030-59038-3_18,https://doi.org/10.1007/978-3-030-59038-3_18,Included,not_applicable,pending,Included,not_applicable,"Review of the penile cancer tumour microenvironment: PD-1/PD-L1, Tregs, FoxP3, NLR, Ki-67.",agreement,consensus_included,Included,unavailable,Pending,not_applicable,not_applicable
REC-HPVPSCC-000092,Distinct Patterns of Myeloid Cell Infiltration in Patients With hrHPV-Positive and hrHPV-Negative Penile Squamous Cell Carcinoma: The Importance of Assessing Myeloid Cell Densities Within the Spatial Context of the Tumor.,2021,Front Immunol,"Rafael, Tynisha S; de Vries, Hielke M; Ottenhof, Sarah R; Hofland, Ingrid; Broeks, Annegien; de Jong, Jeroen; Bekers, Elise; Horenblas, Simon; de Menezes, Renée X; Jordanova, Ekaterina S; Brouwer, Oscar R",10.3389/fimmu.2021.682030,"Comprehensive analysis of tumor infiltrating myeloid cells in the tumor microenvironment of penile squamous cell carcinoma (PSCC) is lacking. In this retrospective study, for the first time, PSCC resection specimens (N = 103) were annotated into the following compartments: intratumoral tumor (IT Tumor), intratumoral stroma (IT Stroma), peritumoral tumor (PT Tumor) and peritumoral stroma (PT Stroma) compartments. We then quantified CD14+, CD68+ and CD163+ myeloid cells within these compartments using an image analysis software and assessed their association with various clinical parameters, including high-risk human papillomavirus (hrHPV) status. In the total cohort, hrHPV status, grade of differentiation, age and tumor size were associated with myeloid cell densities. hrHPV⁺ tumors had higher infiltration rates of CD14+, CD68+ and CD163+ myeloid cells in the IT tumor compartment (p < 0.001, for all) compared to hrHPV⁻ tumors. Furthermore, when examining the association between compartment-specific infiltration and differentiation grade, increased myeloid cell densities in the IT tumor compartment were associated with a more advanced histological grade (p < 0.001, for all). This association remained significant when the hrHPV⁻ cohort (N = 60) was analyzed (CD14+ p = 0.001; CD68+ p < 0.001; CD163+ p = 0.004). Subgroup analysis in the hrHPV⁺ group (N = 43) showed that high infiltration rates of CD68+ and CD163+ cells in the PT tumor compartment were associated with lymph node (LN) metastasis (p = 0.031 and p = 0.026, respectively). Regarding the association between myeloid cell densities and disease-specific survival, the risk of death was found to decrease slightly as the number of myeloid cells in the IT tumor compartment increased (CD14+ p = 0.04; CD68+ p = 0.05; CD163+ p = 0.02). However, after adjusting for hrHPV, no independent association between myeloid densities and disease-specific survival were found. Altogether, these findings demonstrate the importance of assessing myeloid cell densities within the spatial context of the tumor. Further studies are needed to unravel the specific phenotype of myeloid cells residing in the different compartments, their effect on clinical parameters and the impact of hrHPV on the recruitment of myeloid cell populations in PSCC.",not_reported,https://doi.org/10.3389/fimmu.2021.682030,https://doi.org/10.3389/fimmu.2021.682030,Included,not_applicable,pending,Included,not_applicable,"Myeloid cell infiltration (CD14/CD68/CD163) by spatial compartment in 103 pSCC, comparing hrHPV+ vs hrHPV- tumours.",agreement,consensus_included,Included,retrieved,Included,not_applicable,screening/full_text/REC-HPVPSCC-000092.pdf
REC-HPVPSCC-000093,Development and Validation of a Nomogram for the Prediction of Inguinal Lymph Node Metastasis Extranodal Extension in Penile Cancer.,2021,Front Oncol,"Wu, Chong; Li, Zaishang; Guo, Shengjie; Zhou, Fangjian; Han, Hui",10.3389/fonc.2021.675565,"PURPOSE: To determine whether a clinicopathologic and laboratory-based nomogram is capable of predicting the risk of lymph node extranodal extension (ENE) in patients with penile cancer. MATERIALS AND METHODS: From June 2006 to January 2021, 234 patients who underwent bilateral inguinal lymph node dissection (ILND) surgery were included in the analysis. A Lasso regression model was utilized to select the most useful predictive features from among 46 laboratory variables. Then, a logistic regression analysis was used to develop the prediction model. Calibration curves, concordance index (C-index) and Areas under the receiver-operating characteristic curves (AUCs) were performed to evaluate the performance of the nomogram. We also investigated model fit using changes in Akaike Information Criteria (AICs). Decision curve analyses (DCAs) were applied to assess the clinical usefulness of this nomograms. Its internal validation was confirmed. RESULTS: Among the 234 patients, 53 were confirmed to have ENE. The platelet-lymphocyte ratio (PLR) and Squamous cell carcinoma antigen (SCC-Ag) were significantly associated with ENE (P<0.05). The individualized prediction nomogram, including the PLR, SCC-Ag, lymphovascular invasion (LVI), and pathologic tumor stage(pT-stage), showed good discrimination, with a C-index of 0.817 (95% CI, 0.745 to 0.890) and good calibration. Clinical-laboratory nomogram (AIC, 180.034) become the best-fitting model. DCA findings revealed that the clinical-laboratory nomogram was more clinically useful than the pT-stage or tumor grade. CONCLUSIONS: This study presents a clinicopathologic and laboratory-based nomogram that incorporates PLR, SCC-Ag, lymphovascular invasion (LVI), and pT-stage, which can be conveniently utilized to facilitate the individualized prediction of lymph node metastasis ENE in patients with penile cancer.",not_reported,https://doi.org/10.3389/fonc.2021.675565,https://doi.org/10.3389/fonc.2021.675565,Excluded,wrong outcome,molecular/clínico sin TIME/IT,Excluded,wrong outcome,"Nomogram for extranodal extension based on PLR and SCC-Ag; systemic markers, not TIME.",agreement,consensus_excluded,Excluded,not_required_after_initial_screening,Pending,wrong outcome,not_applicable
REC-HPVPSCC-000094,Molecular mechanism of microRNA-26a regulation of phosphatase and tensin homolog gene in condyloma acuminatum and penile squamous cell carcinoma.,2021,J Int Med Res,"Hu, Yayu; Hu, Enping; Su, Xiangchuan; Chen, Xiangen; Tao, Xiulin; Ren, Xiaoli",10.1177/03000605211014379,"OBJECTIVE: To investigate the expression levels and mechanisms of microRNA (miRNA) 26a (miR-26a) and phosphatase and tensin homolog (PTEN) in patients with human papillomavirus (HPV)-induced condyloma acuminatum (CA) and penile squamous cell carcinoma (PSCC). METHODS: Thirty-one patients with HPV-positive CA and 28 with HPV-positive PSCC were included in this retrospective, cross-sectional study. PTEN mRNA and miR-26a levels in lesion tissues, blood, and urine were analyzed by quantitative reverse transcription polymerase chain reaction, and PTEN protein was detected by western blot and enzyme-linked immunosorbent assay. Cell proliferation was assessed by MTT assay. The interaction between miR-26a and PTEN was predicted by bioinformatics analysis and confirmed by dual luciferase reporter assay. RESULTS: PTEN mRNA and protein levels were significantly lower and miR-26a levels were significantly higher in all samples from patients with PSCC compared with the CA group. Bioinformatics analysis and luciferase reporter assay confirmed PTEN as a target gene of miR-26a. Up-regulation of miR-26a significantly increased the proliferation of Penl1 PSCC cells. CONCLUSIONS: PTEN expression is down-regulated and miR-26a levels are up-regulated in PSCC compared with CA. PTEN is a direct target gene of miR-26a. These results suggest that miR-26a might regulate HPV-positive progression from CA to PSCC through modulating PTEN.",not_reported,https://doi.org/10.1177/03000605211014379,https://doi.org/10.1177/03000605211014379,Excluded,wrong outcome,PeIN/BLT sin TIME,Excluded,wrong outcome,"miR-26a/PTEN in condyloma and pSCC; molecular mechanism, non-immune.",agreement,consensus_excluded,Excluded,not_required_after_initial_screening,Pending,wrong outcome,not_applicable
REC-HPVPSCC-000095,Immune checkpoint inhibitors in penile cancer.,2021,Future Sci OA,"Buonerba, Carlo; Scafuri, Luca; Costabile, Ferdinando; D'Ambrosio, Bruno; Gatani, Simona; Verolino, Pasquale; Trolio, Rossella Di; Cosimato, Vincenzo; Verde, Antonio; Lorenzo, Giuseppe Di",10.2144/fsoa-2021-0044,[Resumen no disponible],not_reported,https://doi.org/10.2144/fsoa-2021-0044,https://doi.org/10.2144/fsoa-2021-0044,Included,not_applicable,sin abstract; por título,Maybe,not_applicable,Title on topic (checkpoint inhibitors in penile cancer) but no abstract; verify publication type at full text.,conflict,consensus_included,Included,retrieved,Included,not_applicable,screening/full_text/REC-HPVPSCC-000095.pdf
REC-HPVPSCC-000096,Cemiplimab for Cisplatin Resistant Metastatic Penile Cancer.,2021,Case Rep Oncol,"Denis, Chloé; Sakalihasan, Sarah; Frères, Pierre; Withofs, Nadia; Sautois, Brieuc",10.1159/000517008,"We report on a 75-year old man who presented with metastatic, squamous-cell carcinoma (SCC) of the penis whose disease had progressed after radiotherapy (RT) and cisplatin-based chemotherapy (CT). A strong PD-L1 expression as well as a CDKN2A mutation was documented, and he was given cemiplimab every 3 weeks at time of disease progression. Complete response (CR) was demonstrated after 10 cycles, and no toxicity was reported. However, this treatment was stopped after 13 cycles when the patient developed moderate severe acute respiratory syndrome coronavirus-2 (SARS-CoV-2) pneumonitis which required a 2-week hospitalization for oxygen support. Six months later, he remains in CR. To our knowledge, this is the first demonstration of a CR with cemiplimab in a metastatic penile SCC patient previously treated with CT and RT for relapse. Furthermore, the patient remains disease-free despite cemiplimab was withdrawn due to SARS-CoV-2 pneumonitis.",not_reported,https://doi.org/10.1159/000517008,https://doi.org/10.1159/000517008,Included,not_applicable,pending,Included,not_applicable,Case of metastatic pSCC with strong PD-L1 positivity and complete response to cemiplimab.,agreement,consensus_included,Included,retrieved,Included,not_applicable,screening/full_text/REC-HPVPSCC-000096.pdf
REC-HPVPSCC-000097,PD-L1/PD-1 and CTLA-4 Expression in Equine Penile Squamous Cell Carcinomas.,2021,Animals (Basel),"Porcellato, Ilaria; Mecocci, Samanta; Brachelente, Chiara; Cappelli, Katia; Armando, Federico; Tognoloni, Alessia; Chiaradia, Elisabetta; Stefanetti, Valentina; Mechelli, Luca; Pepe, Marco; Gialletti, Rodolfo; Passeri, Benedetta; Ghelardi, Alessandro; Razzuoli, Elisabetta",10.3390/ani11072121,"In horses, penile squamous cell carcinomas (epSCCs) are among the most common cutaneous neoplastic lesions. These tumors usually arise in benign lesions such as viral plaques and papillomas frequently induced by Equus caballus papillomavirus type 2 (EcPV2) infection. In the last decade, the introduction of immune checkpoint inhibitors (ICI) for the treatment of human cancers has demonstrated promising results. Among the most commonly targeted pathways, there is PD-1/PD-L1 and CTLA-4. The aim of this study is to investigate the expression of the PD-1/PD-L1 pathway and CTLA-4 in the tumor microenvironment of epSCCs to assess the feasibility of an immunotherapeutic approach. Twenty equine epithelial tumors were retrospectively selected and submitted to RT-qPCR for PD-1 and PD-L1 genes. After testing antibodies cross-reactivity by western blotting, immunohistochemistry for PD-L1 and CTLA-4 was performed. Results from RT-qPCR demonstrated that 3/20 cases expressed the PD-L1 gene, whereas the PD-1 gene was not detected. Immunohistochemical positivity for PD-L1 was found only in one case. CTLA-4-positive cells were observe in all cases but were few (Mdn = 4.8; IQR = 2.3-7.1 cells/HPF). In this study group, PD-1/PD-L1 and CTLA-4 do not appear to be highly expressed and therefore the use of ICI in epSCCs may not have promising rates of response.",not_reported,https://doi.org/10.3390/ani11072121,https://doi.org/10.3390/ani11072121,Excluded,wrong population,especie no humana,Excluded,wrong population,EQUINE pSCC: PD-L1/PD-1 and CTLA-4 with EcPV-2. Non-human species.,agreement,consensus_excluded,Excluded,not_required_after_initial_screening,Pending,wrong population,not_applicable
REC-HPVPSCC-000098,The peri- and intratumoral immune cell infiltrate and PD-L1 status in invasive squamous cell carcinomas of the penis.,2022,Clin Transl Oncol,"Müller, T; Demes, M; Lehn, A; Köllermann, J; Vallo, S; Wild, P J; Winkelmann, R",10.1007/s12094-021-02694-7,"INTRODUCTION: Penile carcinomas are rare tumors throughout Europe. Therefore, little attention is drawn to this disease. That makes it important to study tumor-associated key metrics and relate these to known data on penile neoplasias. MATERIALS AND METHODS: A cohort of 60 well-defined penile invasive carcinomas with known human papillomavirus (HPV) infection status was investigated. Data on tumor type, grading and staging were recorded. Additionally, data on the peri- and intratumoral immune cell infiltrate in a semiquanititave manner applying an HE stain were assessed. RESULTS: Our study showed a significant correlation of immune cell infiltrate and pT stage with overall survival. Therefore, in a subset of tumors, PD-L1 staining was applied. For tumor proportion score (TPS), 26 of 30 samples (87%) were scored >0%. For the immune cell score (IC), 28 of 30 samples (93%) were defined as >0% and for CPS, 29 of 30 samples (97%) scored >0. PD-L1 expression was not associated with overall survival. CONCLUSION: PD-L1 is expressed in penile carcinomas, providing a rationale for targeted therapy with checkpoint inhibitors. We were able to show that immune reaction appears to be prognostically relevant. These data enhance the need for further studies on the immune cell infiltrate in penile neoplasias and show that PD-L1 expression is existent in our cohort, which may be a potential target for checkpoint inhibitor therapy.",not_reported,https://doi.org/10.1007/s12094-021-02694-7,https://doi.org/10.1007/s12094-021-02694-7,Included,not_applicable,pending,Included,not_applicable,Peri- and intratumoral immune infiltrate and PD-L1 in 60 invasive pSCC with known HPV status.,agreement,consensus_included,Included,retrieved,Included,not_applicable,screening/full_text/REC-HPVPSCC-000098.pdf
REC-HPVPSCC-000099,Squamous cell carcinoma with sarcomatous transformation of the penis.,2021,Autops Case Rep,"Dos Santos, Joana; Cabrebra, Rafael; Neves, Beatriz; Silva, Eduardo; Polónia, António",10.4322/acr.2021.303,"Malignant tumors of the penis are rare, most of them being squamous cell carcinomas (SCCs). We report the case of a 75-year-old man with a large penile mass submitted to partial penectomy. The specimen showed an exophytic mass involving the glans, coronal sulcus, and prepuce. Microscopic examination showed a carcinoma with two distinct areas: a mixed SCC and a sarcomatoid carcinoma. The SCC component had areas of verrucous carcinoma and areas of classical invasive SCC. The tumor cells expressed p63 with the absence of p16 expression. Vimentin and p53 were positive in the sarcomatous component. The morphology and immunohistochemistry were compatible with mixed SCC (verrucous hybrid-sarcomatoid carcinoma). Additionally, the tumor cells also expressed 3 different clones of PDL1 (22C3, SP263, and SP142). Two months later, the patient presented local recurrence with multiple lymph nodes and lung metastases, dying 7 weeks later. Mixed tumors represent diagnostic challenges. The correct identification of adverse prognostic factors can be the first step to implement the treatment with a higher probability of success.",not_reported,https://doi.org/10.4322/acr.2021.303,https://doi.org/10.4322/acr.2021.303,Excluded,wrong population,transformación sarcomatosa; sin TIME,Included,not_applicable,Case of SCC with sarcomatoid transformation: p16-negative with PD-L1 expression across three clones.,conflict,consensus_included,Included,retrieved,Included,not_applicable,screening/full_text/REC-HPVPSCC-000099.pdf
REC-HPVPSCC-000100,Multimodal Treatment Combining Salvage Surgery-Assisted Chemotherapy and Checkpoints Blockade Immunotherapy Achieves Complete Remission on a Recurrent Penile Cancer Patient: A Case Report.,2021,Onco Targets Ther,"Hu, Linjun; Shan, Xingli; Han, Dongdong; Guo, Zhaoxia; Wang, Huina; Xiao, Zejun",10.2147/ott.s319932,"Penile squamous cell carcinoma (pSCC) is a rare disease in developed countries. pSCC causes a severe health problem and social burden in developing countries. We reported a 49-year-old male recurrent pSCC patient with medium PD-L1 expression and low TMB. The patient obtained complete response after multimodal therapy (MMT). The clinical manifestation is a recurrence in the right groin with nearly ruptured pSCC. He had partial resection of penile cancer plus bilateral groin lymph node dissection and pelvic lymph node dissection during the first operation. Pathology of the recurrent tumor showed fibrous tissue with cancer infiltration and necrosis. We used MMT, including resection of palliative right inguinal metastases, four cycles of paclitaxel+bleomycin+cisplatin, and continuous sintilimab to treat the patient. The patient had a complete response (CR) after four cycles of therapy and sustained CR for 18 months with continuous sintilimab, showing a good tolerance and acceptable toxicity. This is the first case presenting a complete response in a relapsed pSCC patient. These results suggest that MMT is worth exploring.",not_reported,https://doi.org/10.2147/ott.s319932,https://doi.org/10.2147/ott.s319932,Included,not_applicable,pending,Included,not_applicable,Case of recurrent pSCC achieving complete remission under checkpoint blockade (sintilimab); PD-L1 and TMB.,agreement,consensus_included,Included,retrieved,Included,not_applicable,screening/full_text/REC-HPVPSCC-000100.pdf
REC-HPVPSCC-000101,National trends and survival outcomes of penile squamous cell carcinoma based on human papillomavirus status.,2021,Cancer Med,"Chipollini, Juan; Pollock, Grant; Hsu, Chiu-Hsieh; Batai, Ken; Recio-Boiles, Alejandro; Lee, Benjamin R",10.1002/cam4.4258,"BACKGROUND: There are no series evaluating penile squamous cell carcinoma (pSCC) based on human papillomavirus (HPV) infection. Herein, we present national registry data on clinical and survival outcomes for pSCC based on HPV status. METHODS: We performed a retrospective review of 1224 pSCC patients with known HPV staining from the National Cancer Database. Patients with cM1 disease, those who did not receive treatment, or had missing follow-up data were excluded. Logistic regression identified factors associated with locally aggressive disease. Univariable, multivariable, and inverse probability of treatment weighting (IPTW)-Cox proportional hazard modeling were used to assess hazard ratios (HR) associated with overall survival (OS). RESULTS: After exclusion criteria, we identified 825 cases of which 321 (38.9%) were HPV positive. The HPV-positivity rate did not significantly change by year. HPV-positive patients were younger, had lower Charlson-Deyo performance score, and resided in areas with both lower median household income and lower school education completion. HPV-positive tumors presented with lower American Joint Committee on Cancer clinical T-stage (cT), poorer differentiation, lower rates of lymphovascular invasion (LVI), but more node-positive disease (cN+). For those who underwent lymph node surgery, there were no differences in final pathologic stage, upstaging, or presence of extranodal extension. Only tumor differentiation, LVI, and performance score were independent predictors for locally aggressive disease. HPV status was not a predictor of OS (IPTW-HR:0.89, p = 0.13). CONCLUSIONS: In the largest series evaluating pSCC based on HPV status, HPV-positive tumors were associated with lower cT stages, less LVI, but more cN + disease. More studies on prognostic factors are needed, and time may still be immature to use HPV information for risk stratification.",not_reported,https://doi.org/10.1002/cam4.4258,https://doi.org/10.1002/cam4.4258,Included,not_applicable,HPV/p16 en pSCC — vía etiopatogénica/pronóstico,Included,not_applicable,National registry series (1224 pSCC) of outcomes and survival by HPV status: prognostic implication of the HPV-driven/HPV-independent dichotomy.,agreement,consensus_included,Included,retrieved,Included,not_applicable,screening/full_text/REC-HPVPSCC-000101.pdf
REC-HPVPSCC-000102,Investigation of the Epithelial to Mesenchymal Transition (EMT) Process in Equine Papillomavirus-2 (EcPV-2)-Positive Penile Squamous Cell Carcinomas.,2021,Int J Mol Sci,"Armando, Federico; Mecocci, Samanta; Orlandi, Virginia; Porcellato, Ilaria; Cappelli, Katia; Mechelli, Luca; Brachelente, Chiara; Pepe, Marco; Gialletti, Rodolfo; Ghelardi, Alessandro; Passeri, Benedetta; Razzuoli, Elisabetta",10.3390/ijms221910588,"Equine penile squamous cell carcinoma (epSCC) is the most frequent tumor of the external male genitalia, representing 67.5% of equine genital cancers. epSCC is associated with papilloma virus (PV) infection and has been recently proposed as a model for human PV-induced squamous cell carcinomas. It has already been suggested that epSCC might undergo epithelial-to-mesenchymal transition (EMT). This work aims to investigate in detail this process and the possible role of PV oncoproteins in epSCC. For this purpose, 18 penile SCCs were retrospectively selected and tested for both EcPV2 presence and oncoproteins (EcPV2 E6 and EcPV2 E7) expression. Moreover, immunohistochemical EMT characterization was carried out by analyzing the main epithelial markers (E-cadherin, β-catenin, and pan-cytokeratin AE3/AE1), the main mesenchymal markers (N-cadherin and vimentin), and the main EMT-related transcription factors (TWIST-1, ZEB-1). PCR analysis was positive for EcPV2 in 16 out of 18 samples. EMT was investigated in epSCC positive for EcPV2. The immunohistochemistry results suggested the presence of EMT processes in the neoplastic cells at the tumor invasive front. Moreover, the significant upregulation of RANKL, together with BCATN1, LEF1, and FOSL1 genes, might suggest a canonical Wnt pathway activation, similarly to what is reported in human penile squamous cell carcinomas.",not_reported,https://doi.org/10.3390/ijms221910588,https://doi.org/10.3390/ijms221910588,Excluded,wrong population,especie no humana,Excluded,wrong population,EQUINE pSCC with EcPV-2 (epithelial-to-mesenchymal transition). Non-human species.,agreement,consensus_excluded,Excluded,not_required_after_initial_screening,Pending,wrong population,not_applicable
REC-HPVPSCC-000103,Immunotherapies in Genitourinary Oncology: Where Are We Now? Where Are We Going?,2021,Cancers (Basel),"Jang, Albert; Adler, David M; Rauterkus, Grant P; Bilen, Mehmet A; Barata, Pedro C",10.3390/cancers13205065,"For decades, limited options existed to treat metastatic genitourinary cancers, including treatment options that could be classified as immunotherapy. Historically, immunotherapy centered on systemic cytokines for the treatment of metastatic kidney cancer, which had several adverse effects, as well as the Bacillus Calmette-Guérin vaccine for non-metastatic bladder cancer. Within the past decade, advances in immunotherapy have led to several approvals from the United States Food and Drug Administration, particularly in the field of immune checkpoint inhibition. Immune checkpoint inhibitors (ICIs) are now being used extensively to treat multiple solid tumors, including kidney and bladder cancers, and they are also being tested in many other cancers. Despite encouraging data from phase 2/3 clinical trials, less is known about biomarkers that may predict better response to ICIs. The effect of ICIs in genitourinary cancers is heterogeneous, with some tumor types having little clinical data available, or ICIs having limited activity in other tumors. In this review, we briefly discuss approved immunotherapy agents prior to the time of ICIs. Then, given the emergence of this class of agents, we summarize the several important ICIs and the clinical trials that led to their approval. Finally, we mention ongoing and future clinical trials.",not_reported,https://doi.org/10.3390/cancers13205065,https://doi.org/10.3390/cancers13205065,Excluded,wrong population,TIME/IT sin pSCC,Maybe,not_applicable,"Broad review of immunotherapy in genitourinary oncology; penile cancer is not the focus, contextual contribution.",conflict,consensus_excluded,Excluded,not_required_after_initial_screening,Pending,wrong population,not_applicable
REC-HPVPSCC-000104,Innovative systemic therapies for penile cancer.,2022,Curr Opin Urol,"Chahoud, Jad; Pham, Rachel; Sonpavde, Guru",10.1097/mou.0000000000000941,"PURPOSE OF REVIEW: The purpose of this review is to look at recent advancements and treatment options of systemic therapies to treat penile squamous cell carcinoma (PSCC). PSCC is a rare cancer that remains with limited funding for research and systemic therapy development. This review aims to discuss the most recent advancements in systemic treatments and our understanding of PSCC. RECENT FINDINGS: Neoadjuvant chemotherapy (NAC) and adjuvant therapy remain integral parts of treatment in locally advanced PSCC. New potential drug regimens are being studied to expand on the availability of first-line regimen options. There has been a large development in discoveries of cellular pathways and immune system targets as potential treatment options but these therapies as of today have limited trial evidence and currently have no support to be used in a clinical setting. SUMMARY: PSCC is a rare genitourinary cancer with limited treatment options for patients with advanced disease that is refractory to chemotherapy. Although many new therapies targeting the immune system and cellular pathways are being developed for other studies, clinical and translational research for PSCC are still understudied and underfunded.",not_reported,https://doi.org/10.1097/mou.0000000000000941,https://doi.org/10.1097/mou.0000000000000941,Excluded,wrong outcome,pSCC sin TIME/HPV/IT,Included,not_applicable,Review of innovative systemic therapies in pSCC addressing immune system targets (contextualisation).,conflict,consensus_excluded,Excluded,not_required_after_initial_screening,Pending,wrong outcome,not_applicable
REC-HPVPSCC-000105,Primary high-grade diffuse large B-cell lymphoma of the glans penis.,2021,BMJ Case Rep,"Fenech, Marylou; Pisani, David; Camilleri, David James",10.1136/bcr-2021-243844,"Diffuse large B-cell lymphoma (DLBCL) of the penis is a rare haematological malignancy, with less than 30 cases being reported in the literature. Our case mentions a 57-year-old man who presented with a penile lesion that was diagnosed as DLBCL on histological biopsy. Targeted investigation and proper diagnosis are essential to distinguish it from squamous cell carcinoma (SCC) of the glans, which presents similarly. Since guidelines are not available, the author compared different management mentioned in case reports and the outcome was noted. Chemotherapy, radiotherapy and surgery were the treatment modalities most used; out of which, chemotherapy had the most successful outcome. On the other hand, surgery is the preferred modality in SCC of the penis. This further consolidates the need for guidelines with regard to proper diagnosis and management of this malignancy.",not_reported,https://doi.org/10.1136/bcr-2021-243844,https://doi.org/10.1136/bcr-2021-243844,Excluded,wrong population,"linfoma, no pSCC",Excluded,wrong population,Diffuse large B-cell lymphoma of the glans; not squamous cell carcinoma.,agreement,consensus_excluded,Excluded,not_required_after_initial_screening,Pending,wrong population,not_applicable
REC-HPVPSCC-000106,Systemic treatment of penile squamous cell carcinoma-hurdles and hopes of preclinical models and clinical regimens: a narrative review.,2021,Transl Androl Urol,"Thomas, Anita; do Canto Alvim, Luisa Matos; Rainho, Claudia Aparecida; Juengel, Eva; Blaheta, Roman Alexander; Spiess, Philippe E; Rogatto, Silvia Regina; Tsaur, Igor",10.21037/tau-20-945,"Despite contemporary research efforts, the prognosis of penile squamous cell carcinoma (PeSCC) has not significantly improved over the past decade. Despite frequently encountered patient-related delayed medical consultations impairing outcomes, several other aspects contribute to the lack of advancement in the treatment of this condition. One essential reason is that translational research, a prerequisite for the clinically successful disease management, is still at an early stage in PeSCC as compared to many other malignancies. Preclinical experimental models are indispensable for the evaluation of tumor biology and identification of genomic alterations. However, since neither commercial PeSCC cell lines are available nor xenograft models sustainably established, such analyses are challenging in this field of research. In addition, systemic therapies are less effective and toxic without decisive breakthroughs over recent years. Current systemic management of PeSCC is based on protocols that have been investigated in small series of only up to 30 patients. Thus, there is an unmet medical need for new approaches necessitating research efforts to develop more efficacious systemic strategies. This review aims to highlight the current state of knowledge in the molecular alterations involved in the etiology and ensuing steps for cancer progression, existing preclinical models of translational research, clinically relevant systemic protocols, and ongoing clinical trials.",not_reported,https://doi.org/10.21037/tau-20-945,https://doi.org/10.21037/tau-20-945,Excluded,wrong outcome,pSCC sin TIME/HPV/IT,Maybe,not_applicable,Narrative review of systemic treatment of pSCC and preclinical models; the abstract does not specify immune content - verify at full text.,conflict,consensus_excluded,Excluded,not_required_after_initial_screening,Pending,wrong outcome,not_applicable
REC-HPVPSCC-000107,Pathogenesis of Penile Squamous Cell Carcinoma: Molecular Update and Systematic Review.,2021,Int J Mol Sci,"Ribera-Cortada, Inmaculada; Guerrero-Pineda, José; Trias, Isabel; Veloza, Luis; Garcia, Adriana; Marimon, Lorena; Diaz-Mercedes, Sherley; Alamo, José Ramon; Rodrigo-Calvo, Maria Teresa; Vega, Naiara; López Del Campo, Ricardo; Parra-Medina, Rafael; Ajami, Tarek; Martínez, Antonio; Reig, Oscar; Ribal, Maria J; Corral-Molina, Juan Manuel; Jares, Pedro; Ordi, Jaume; Rakislova, Natalia",10.3390/ijms23010251,"Penile squamous cell carcinoma (PSCC) is a rare but aggressive neoplasm with dual pathogenesis (human papillomavirus (HPV)-associated and HPV-independent). The development of targeted treatment is hindered by poor knowledge of the molecular landscape of PSCC. We performed a thorough review of genetic alterations of PSCC focused on somatic mutations and/or copy number alterations. A total of seven articles have been identified which, overall, include 268 PSCC. However, the series are heterogeneous regarding methodologies employed for DNA sequencing and HPV detection together with HPV prevalence, and include, in general, a limited number of cases, which results in markedly different findings. Reported top-ranked mutations involve TP53, CDKN2A, FAT1, NOTCH-1 and PIK3CA. Numerical alterations involve gains in MYC and EGFR, as well as amplifications in HPV integration loci. A few genes including TP53, CDKN2A, PIK3CA and CCND1 harbor both somatic mutations and copy number alterations. Notch, RTK-RAS and Hippo pathways are frequently deregulated. Nevertheless, the relevance of the identified alterations, their role in signaling pathways or their association with HPV status remain elusive. Combined targeting of different pathways might represent a valid therapeutic approach in PSCC. This work calls for large-scale sequencing studies with robust HPV testing to improve the genomic understanding of PSCC.",not_reported,https://doi.org/10.3390/ijms23010251,https://doi.org/10.3390/ijms23010251,Excluded,wrong outcome,EGFR/targeteado sin eje inmune,Maybe,not_applicable,"Systematic review of the pSCC molecular landscape with HPV-associated/HPV-independent dual pathogenesis; no explicit immune component, possible contextual value.",conflict,consensus_included,Included,retrieved,Included,not_applicable,screening/full_text/REC-HPVPSCC-000107.pdf
REC-HPVPSCC-000108,Tumor-associated immune cell infiltrate density in penile squamous cell carcinomas.,2022,Virchows Arch,"Hladek, Luca; Bankov, Katrin; von der Grün, Jens; Filmann, Natalie; Demes, Melanie; Vallo, Stefan; Wild, Peter J; Winkelmann, Ria",10.1007/s00428-022-03271-1,"Penile squamous cell carcinomas are rare tumor entities throughout Europe. Early lymphonodal spread urges for aggressive therapeutic approaches in advanced tumor stages. Therefore, understanding tumor biology and its microenvironment and correlation with known survival data is of substantial interest in order to establish treatment strategies adapted to the individual patient. Fifty-five therapy naïve squamous cell carcinomas, age range between 41 and 85 years with known clinicopathological data, were investigated with the use of tissue microarrays (TMA) regarding the tumor-associated immune cell infiltrate density (ICID). Slides were stained with antibodies against CD3, CD8 and CD20. An image analysis software was applied for evaluation. Data were correlated with clinicopathological characteristics and overall survival. There was a significant increase of ICID in squamous cell carcinomas of the penis in relation to tumor adjacent physiological tissue. Higher CD3-positive ICID was significantly associated with lower tumor stage in our cohort. The ICID was not associated with overall survival. Our data sharpens the view on tumor-associated immune cell infiltrate in penile squamous cell carcinomas with an unbiased digital and automated cell count. Further investigations on the immune cell infiltrate and its prognostic and possible therapeutic impact are needed.",not_reported,https://doi.org/10.1007/s00428-022-03271-1,https://doi.org/10.1007/s00428-022-03271-1,Included,not_applicable,pending,Included,not_applicable,"Immune cell infiltrate density (CD3, CD8, CD20) in 55 pSCC correlated with stage and survival.",agreement,consensus_included,Included,retrieved,Included,not_applicable,screening/full_text/REC-HPVPSCC-000108.pdf
REC-HPVPSCC-000109,Immune checkpoint blockade with anti-programmed cell death 1 (PD-1) monoclonal antibody (mAb) cemiplimab: ongoing and future perspectives in rare genital cancers treatment.,2022,J Immunother Cancer,"Gambale, Elisabetta; Fancelli, Sara; Caliman, Enrico; Petrella, Maria Cristina; Doni, Laura; Pillozzi, Serena; Antonuzzo, Lorenzo",10.1136/jitc-2021-003540,"Cemiplimab is a highly potent, hinge-stabilized human IgG4 monoclonal antibody (mAb) targeting programmed cell death 1 (PD-1) receptor approved for patients with locally advanced or metastatic cutaneous squamous cell carcinoma (SCC) who are not candidates for curative surgery or curative radiation. Recently, the phase 3 trial EMPOWER-Cervical 1 has investigated cemiplimab in patients with recurrent/metastatic cervical cancer. At interim analysis, overall survival (OS), progression free survival (PFS) and objective response rate (ORR) in overall and SCC populations favored cemiplimab over single agent chemotherapy. Cervical SCCs are the first for incidence among Human Papilloma Virus (HPV) related neoplasms and are highly correlated (about 95%) with the viral infection. Similarly, penile and vulvar SCC may develop on chronic HPV infections or on dermatological chronic conditions (ie, lichen). The molecular and viral similarities between external genital SCC and SCC originating from the cervical epithelium could be the rationale for using cemiplimab to treat locally advanced or metastatic penile and vulvar SCC as well. Some retrospective data have shown that cemiplimab may provide objective response and clinical benefit to some patients with penile or vulvar SCC and is overall safe to utilize in this population. Given the complexity of the immune activation and the considerable variability in tumor biology across patients and tumor types, the identification of biomarkers to warrant patient selection needs to be further explored. Ongoing clinical trials will hopefully shed light on the treatment paradigm of these rare tumors too, with special regard to the ideal combination and sequencing of immunotherapeutic strategies.",not_reported,https://doi.org/10.1136/jitc-2021-003540,https://doi.org/10.1136/jitc-2021-003540,Included,not_applicable,pending,Included,not_applicable,Perspective on cemiplimab (anti-PD-1) in rare genital cancers including HPV-related pSCC.,agreement,consensus_included,Included,retrieved,Included,not_applicable,screening/full_text/REC-HPVPSCC-000109.pdf
REC-HPVPSCC-000110,"Immunotherapeutic Approaches for the Treatment of HPV-Associated (Pre-)Cancer of the Cervix, Vulva and Penis.",2022,J Clin Med,"Rafael, Tynisha S; Rotman, Jossie; Brouwer, Oscar R; van der Poel, Henk G; Mom, Constantijne H; Kenter, Gemma G; de Gruijl, Tanja D; Jordanova, Ekaterina S",10.3390/jcm11041101,"Human papillomavirus (HPV) infection drives tumorigenesis in almost all cervical cancers and a fraction of vulvar and penile cancers. Due to increasing incidence and low vaccination rates, many will still have to face HPV-related morbidity and mortality in the upcoming years. Current treatment options (i.e., surgery and/or chemoradiation) for urogenital (pre-)malignancies can have profound psychosocial and psychosexual effects on patients. Moreover, in the setting of advanced disease, responses to current therapies remain poor and nondurable, highlighting the unmet need for novel therapies that prevent recurrent disease and improve clinical outcome. Immunotherapy can be a useful addition to the current therapeutic strategies in various settings of disease, offering relatively fewer adverse effects and potential improvement in survival. This review discusses immune evasion mechanisms accompanying HPV infection and HPV-related tumorigenesis and summarizes current immunotherapeutic approaches for the treatment of HPV-related (pre-)malignant lesions of the uterine cervix, vulva, and penis.",not_reported,https://doi.org/10.3390/jcm11041101,https://doi.org/10.3390/jcm11041101,Excluded,wrong population,pase: foco cérvix/vulva/vagina HPV; pene periférico,Included,not_applicable,"Review of immunotherapeutic strategies in HPV-associated (pre)cancer of the cervix, vulva and PENIS, with immune evasion mechanisms.",conflict,consensus_included,Included,retrieved,Included,not_applicable,screening/full_text/REC-HPVPSCC-000110.pdf
REC-HPVPSCC-000111,Case report of penile cancer recurrence treated with cetuximab combined with anlotinib.,2022,Clin Case Rep,"Dai, Shuang; Liu, Yan-Yang; Liu, Tao; Zhang, Yu; Luo, De-Yun",10.1002/ccr3.5443,Penile squamous cell carcinoma with pelvic lymph node metastases/recurrence has a poor prognosis. We reported a case with recurrent pSCC was administered cetuximab and anlotinib after failure of first-line treatment and achieved an effective response. Cetuximab combined with anlotinib may be a new choice for relapsed pSCC.,not_reported,https://doi.org/10.1002/ccr3.5443,https://doi.org/10.1002/ccr3.5443,Excluded,wrong outcome,clínico/quirúrgico/caso sin TIME/IT,Excluded,wrong intervention,Case of cetuximab plus anlotinib; targeted therapy with no immune component and no HPV.,agreement,consensus_excluded,Excluded,not_required_after_initial_screening,Pending,wrong outcome,not_applicable
REC-HPVPSCC-000112,Enhancing immune checkpoint blockade therapy of genitourinary malignancies by co-targeting PMN-MDSCs.,2022,Biochim Biophys Acta Rev Cancer,"Lu, Xuemin; Lu, Xin",10.1016/j.bbcan.2022.188702,"Immune checkpoint blockade (ICB) as a powerful immunotherapy has transformed cancer treatment. The application of ICB to genitourinary malignancies has generated substantial clinical benefits for patients with advanced kidney cancer or bladder cancer, yet very limited response to ICB therapy was observed from metastatic castration-resistant prostate cancer. The efficacy of ICB in rare genitourinary tumors (e.g. penile cancer) awaits results from ongoing clinical trials. A potential barrier for ICB is tumor-infiltrating polymorphonuclear myeloid-derived suppressor cells (PMN-MDSCs) with their functions and mechanisms recently revealed. Preclinical studies suggest that successful therapeutic inhibition of PMN-MDSCs synergizes effectively with ICB to eradicate ICB-refractory genitourinary malignancies.",not_reported,https://doi.org/10.1016/j.bbcan.2022.188702,https://doi.org/10.1016/j.bbcan.2022.188702,Included,not_applicable,pending,Maybe,not_applicable,Mechanistic review of PMN-MDSCs as a barrier to checkpoint blockade in genitourinary tumours; penile cancer mentioned only marginally.,conflict,consensus_excluded,Excluded,not_required_after_initial_screening,Pending,wrong population,not_applicable
REC-HPVPSCC-000113,Mutations in the telomerase reverse transcriptase promoter and PIK3CA gene are common events in penile squamous cell carcinoma of Italian and Ugandan patients.,2022,Int J Cancer,"Starita, Noemy; Pezzuto, Francesca; Sarno, Sabrina; Losito, Nunzia Simona; Perdonà, Sisto; Buonaguro, Luigi; Buonaguro, Franco M; Tornesello, Maria Lina",10.1002/ijc.33990,"Penile carcinoma develops either through human papillomavirus (HPV) related or unrelated carcinogenic pathways. Genetic alterations and nucleotide changes in coding regions (ie, TP53, CDKN2A, PIK3CA and NOTCH1) are main cancer driver events either in HPV positive or in HPV negative tumours. We investigated the presence of hotspot nucleotide mutations in TERT promoter (TERTp) and PIK3CA exon 9 and their relationship with HPV status in 69 penile cancer cases from Italian and Ugandan patients. Genetic variations and viral sequences have been characterised by end-point polymerase chain reaction (PCR) and Sanger sequencing. The mutant allele frequencies (MAFs) of TERTp -124A/-146A and PIK3CA E545K have been determined by droplet digital PCR (ddPCR) assays. The results showed that TERTp mutations are highly prevalent in penile carcinoma (53.6%) and significantly more frequent in HPV negative (67.6%) than HPV positive (32.4%) cases (P = .0482). PIK3CA mutations were similarly distributed in virus-related and unrelated cases (25.9% and 26.7%, respectively) and coexisted with TERTp changes in 15.8% of penile carcinoma samples. Notably, MAFs of co-occurring mutations were frequently discordant indicating that PIK3CA E545K nucleotide changes are subsequent genetic events occurring in subclones of TERTp mutated cells. The frequencies of TERTp and PIK3CA mutations were higher among Italian compared to Ugandan cases and inversely correlated with the HPV status. In conclusion, TERTp mutations are very common in penile carcinoma and their coexistence with PIK3CA in a substantial number of cases may represent a novel oncogenic synergy relevant for patient stratification and use of therapeutic strategies against new actionable targets.",not_reported,https://doi.org/10.1002/ijc.33990,https://doi.org/10.1002/ijc.33990,Excluded,wrong outcome,molecular/clínico sin TIME/IT,Excluded,wrong outcome,"TERTp/PIK3CA mutations by HPV status; molecular, non-immune outcome.",agreement,consensus_excluded,Excluded,not_required_after_initial_screening,Pending,wrong outcome,not_applicable
REC-HPVPSCC-000114,Pembrolizumab as a promising intervention for advanced penile cancer.,2022,Int Braz J Urol,"Vinueza-Obando, Daniela; Spiess, Philippe E; García-Perdomo, Herney Andrés",10.1590/s1677-5538.ibju.2022.99.17,[Resumen no disponible],not_reported,https://doi.org/10.1590/s1677-5538.ibju.2022.99.17,https://doi.org/10.1590/s1677-5538.ibju.2022.99.17,Included,not_applicable,sin abstract; por título,Excluded,wrong publication type,Editorial commentary without abstract on pembrolizumab in penile cancer; no primary data.,conflict,consensus_excluded,Excluded,not_required_after_initial_screening,Pending,wrong publication type,not_applicable
REC-HPVPSCC-000115,Immunotherapy Combined With Chemotherapy for Postoperative Recurrent Penile Squamous Cell Carcinoma: A Case Report and Literature Review.,2022,Front Oncol,"Li, Na; Xu, Tangpeng; Zhou, Zhen; Li, Ping; Jia, Guohua; Li, Xiangpan",10.3389/fonc.2022.837547,"Penile squamous cell carcinoma (SCC) is a rare malignant tumor in males with a poor prognosis. Currently, the primary treatment is surgery. Recurrent cases have limited treatment options after failed radiotherapy and chemotherapy. The therapeutic effect of immunotherapy in penile SCCs has not been reported. Tislelizumab, a new PD1 inhibitor, has shown a satisfactory impact in treating head and neck SCC and lung SCC combined with chemotherapy. However, there is currently no report on its efficacy in penile SCC. Here, a 76-year-old man with multiple enlarged inguinal lymph nodes 11 months after radical surgery for penile SCC was administered immunotherapy (tislelizumab) combined with chemotherapy (albumin paclitaxel plus nedaplatin) for 2 cycles. Pelvic Magnetic resonance imaging (MRI) showed that the multiple lymph nodes in the groin area disappeared. To our knowledge, this is the first case report of immunotherapy combined with chemotherapy showing promising results in recurrent penile SCC. It provides a basis for developing a new treatment option combining immunotherapy and chemotherapy, whose efficacy needs to be further evaluated in penile SCC.",not_reported,https://doi.org/10.3389/fonc.2022.837547,https://doi.org/10.3389/fonc.2022.837547,Included,not_applicable,revisión/contexto,Included,not_applicable,Case of recurrent pSCC treated with tislelizumab (anti-PD-1) plus chemotherapy.,agreement,consensus_included,Included,retrieved,Included,not_applicable,screening/full_text/REC-HPVPSCC-000115.pdf
REC-HPVPSCC-000116,Efficacy and Biomarker Exploration of Sintilimab Combined With Chemotherapy in the Treatment of Advanced Penile Squamous Cell Carcinoma-A Report of Two Cases.,2022,Front Oncol,"Mei, Xinkuan; Zhao, Yanyan; Zhang, Yiruo; Liao, Jinhua; Jiang, Chen; Qian, Hesheng; Du, Yingying",10.3389/fonc.2022.823459,Penile squamous cell carcinoma is a rare malignant tumor of the male reproductive system. We report two cases of advanced penile squamous cell carcinoma with persistent partial response/complete response after sintilimab combined with chemotherapy and analyze the relevant tumor biomarkers.,not_reported,https://doi.org/10.3389/fonc.2022.823459,https://doi.org/10.3389/fonc.2022.823459,Included,not_applicable,pending,Included,not_applicable,Two cases of advanced pSCC treated with sintilimab plus chemotherapy with biomarker exploration.,agreement,consensus_included,Included,retrieved,Included,not_applicable,screening/full_text/REC-HPVPSCC-000116.pdf
REC-HPVPSCC-000117,Use of immunotherapy in clinical management of genitourinary cancers - a review.,2022,Cancer Treat Res Commun,"Mar, Nataliya; Uchio, Edward; Kalebasty, Arash Rezazadeh",10.1016/j.ctarc.2022.100564,"Checkpoint inhibitors targeting PD-1/PD-L1 and CTLA-4 have revolutionized oncologic care delivery, including clinical management of genitourinary malignancies. Despite significant associated improvement in patient outcomes, molecular heterogeneity of tumors, variable tumor engagement with the immune response, and unique patient factors likely account for different clinical responses to immunotherapy agents. A search for predictive biomarkers of treatment response to checkpoint inhibitors is underway and several candidates, although imperfect, have been identified. Multiple checkpoint inhibitors have received approval as monotherapies or in combination with other agents in genitourinary cancers and clinical trial data continues to rapidly evolve. This review summarizes key published evidence involving use of checkpoint inhibitors in management of urothelial carcinoma, renal cell carcinoma, prostate adenocarcinoma, and penile squamous cell carcinoma. This review aims to help oncology practitioners develop an up-to-date, evidence-based approach to using these agents when managing patients with genitourinary cancers in clinical practice.",not_reported,https://doi.org/10.1016/j.ctarc.2022.100564,https://doi.org/10.1016/j.ctarc.2022.100564,Excluded,wrong population,pase: IT GU amplio; sin foco pSCC,Maybe,not_applicable,"Review of immunotherapy in genitourinary cancers; includes a section on pSCC, contextual contribution.",conflict,consensus_excluded,Excluded,not_required_after_initial_screening,Pending,wrong population,not_applicable
REC-HPVPSCC-000118,Detection of Equus caballus papillomavirus-2 in equine penile/preputial papillomas and squamous cell carcinomas in southern Brazil.,2022,Braz J Microbiol,"da Silva, Tanara Raquel de Oliveira; Gonçalves, Paula Nitiana Campos; Marcus, Valentina Berté; Mucellini, Carolina Isabela; Dos Santos, Igor Ribeiro; Kommers, Glaucia; Driemeier, David; Flores, Eduardo Furtado; Cargnelutti, Juliana Felipetto; Flores, Mariana M",10.1007/s42770-022-00769-3,"For approximately one decade, a novel papillomavirus termed Equus caballus papillomavirus-2 (EcPV-2) has been associated with equine penile/preputial papillomas and squamous cell carcinomas (SCCs). It is currently believed that the virus has a carcinogenic activity, being able to induce such neoplastic lesions. After being first described, EcPV-2 has been detected in many countries from North America, Europe, and Asia; however, to date, it has not been reported in Brazil. The aim of this research was to investigate the presence of EcPV-2 in penile/preputial papillomas and SCCs of Brazilian horses. Forty samples diagnosed as equine penile and/or preputial papillomas, carcinomas in situ (CIS), or SCCs in two veterinary anatomic pathology services from southern Brazil were investigated. Histologic evaluation and immunohistochemistry (IHC) using a BPV-1 antibody were performed. Posteriorly, the samples were submitted to polymerase chain reaction using two broad-spectrum (MY09/11 and FAP) and one EcPV-2-specific primer sets. Positive samples were sequenced. PV antigen expression was detected in one papilloma, one CIS, and two SCCs by IHC. Five SCCs, one papilloma, and one CIS were PV-positive on PCR. Sequencing of the seven PCR products revealed homology with EcPV-2. This study confirms the occurrence of EcPV-2 infection in Brazilian horses. Moreover, the results presented here provide useful information concerning the phylogeny from the viruses detected in our samples. We hope to encourage further studies on this novel agent, contributing to its characterization, and, possibly, to the eventual development of preventive measurements, including a possible vaccine.",not_reported,https://doi.org/10.1007/s42770-022-00769-3,https://doi.org/10.1007/s42770-022-00769-3,Excluded,wrong population,especie no humana,Excluded,wrong population,EQUINE penile papillomas and SCC with EcPV-2. Non-human species.,agreement,consensus_excluded,Excluded,not_required_after_initial_screening,Pending,wrong population,not_applicable
REC-HPVPSCC-000119,Immunotherapy in Penile Squamous Cell Carcinoma: Present or Future? Multi-Target Analysis of Programmed Cell Death Ligand 1 Expression and Microsatellite Instability.,2022,Front Med (Lausanne),"Montella, Marco; Sabetta, Rosalaura; Ronchi, Andrea; De Sio, Marco; Arcaniolo, Davide; De Vita, Ferdinando; Tirino, Giuseppe; Caputo, Alessandro; D'Antonio, Antonio; Fiorentino, Francesco; Facchini, Gaetano; Lauro, Giovanni Di; Perdonà, Sisto; Ventriglia, Jole; Aquino, Gabriella; Feroce, Florinda; Borges Dos Reis, Rodolfo; Neder, Luciano; Brunelli, Matteo; Franco, Renato; Zito Marino, Federica",10.3389/fmed.2022.874213,"BACKGROUND: Penile cancer (PC) is an extremely rare malignancy, and the patients at advanced stages have currently limited treatment options with disappointing results. Immune checkpoint inhibitors anti-programmed cell death 1 (PD-1)/programmed cell death ligand 1 (PD-L1) are currently changing the treatment of several tumors. Furthermore, the microsatellite instability (MSI) and the deficient mismatch repair system (dMMR) proteins represent predictive biomarkers for response to immune checkpoint therapy. Until present, few data have been reported related to PD-L1 expression and MSI in PC. The main aim of our study was the evaluation of PD-L1 expression in tumor cells (TCs) and tumor-infiltrating lymphocytes (TILs) in immune cells and the analysis of dMMR/MSI status in a large series of PCs. METHODS: A series of 72 PC, including 65 usual squamous cell carcinoma (USCC), 1 verrucous, 4 basaloid, 1 warty, and 1 mixed (warty-basaloid), was collected. Immunohistochemistry (IHC) was performed to assess PD-L1 expression using two different anti-PD-L1 antibodies (clone SP263 and SP142 Ventana) and MMR proteins expression using anti-MLH1, anti-PMS2, anti-MSH2, and anti-MSH6 antibodies. PCR analysis was performed for the detection of MSI status. RESULTS: Of the 72 PC cases analyzed by IHC, 45 (62.5%) cases were TC positive and 57 (79%) cases were combined positive score (CPS) using PDL1 SP263. In our cohort, TILs were present in 62 out of 72 cases (86.1%), 47 (75.8%) out of 62 cases showed positivity to PDL1 clone SP142. In our series, 59 cases (82%) had pMMR, 12 cases (16.7%) had lo-paMMR, and only 1 case (1.3%) had MMR. PCR results showed that only one case lo-paMMR was MSI-H, and the case dMMR by IHC not confirmed MSI status. CONCLUSION: Our findings showed that PD-L1 expression and MSI status represent frequent biological events in this tumor suggesting a rationale for a new frontier in the treatment of patients with PC based on the immune checkpoint inhibitors.",not_reported,https://doi.org/10.3389/fmed.2022.874213,https://doi.org/10.3389/fmed.2022.874213,Included,not_applicable,pending,Included,not_applicable,PD-L1 in tumour cells and TILs plus MSI/dMMR status in 72 penile cancers.,agreement,consensus_included,Included,retrieved,Included,not_applicable,screening/full_text/REC-HPVPSCC-000119.pdf
REC-HPVPSCC-000120,"First-line programmed death receptor-1 (PD-1) inhibitor and epidermal growth factor receptor (EGFR) blockade, combined with platinum-based chemotherapy, for stage IV penile cancer.",2023,BJU Int,"Yan, Ru; Ma, Huali; Jiang, Lijuan; Guo, Shengjie; Shi, Yanxia; Sheng, Xinan; Zhang, Yijun; Spiess, Philippe E; Liu, Tingyu; Xue, Ting; Chen, Xiaofeng; Li, Zhiyong; An, Xin; Yao, Kai; Zhou, Fangjian; Han, Hui",10.1111/bju.15828,"OBJECTIVES: To evaluate the anti-tumour activity and safety of anti-programmed death receptor-1 (PD-1) antibody plus epidermal growth factor receptor blockade combined with platinum-based chemotherapy (PEP) as first-line therapy for stage IV penile squamous cell carcinoma (PSCC). PATIENTS AND METHODS: We conducted a retrospective review of 17 patients with stage IV PSCC undergoing first-line PEP at Sun Yat-sen University Cancer Center between January 2018 and September 2021. Clinical responses were assessed using the Response Evaluation Criteria in Solid Tumours (RECIST) version 1.1. Progression-free survival (PFS) and overall survival (OS) were estimated using the Kaplan-Meier method. Adverse events (AEs) were graded according to Common Terminology Criteria for Adverse Events version 5.0. RESULTS: Of 17 patients who received first-line PEP, 13 were observed to have partial responses. Twelve patients subsequently received consolidated surgery. Nine of these achieved pN0 status, of whom six with locally advanced PSCC achieved pathological complete response. The median (range) follow-up time was 24.87 (3.63-29.40) months. Median PFS and median OS were not reached, with 2-year PFS and OS rates being 68.4% (95% confidence interval [CI] 48.7-96.1) and 62.9% (95% CI 41.6-95), respectively. Eight patients experienced Grade 3 or 4 treatment-related AEs. No Grade 5 AEs or death associated with treatment was observed. CONCLUSIONS: Anti-PD-1 antibody plus epidermal growth factor receptor blockade and platinum-based chemotherapy showed promising anti-tumour activity, acceptable toxicity, and satisfying long-term survival for stage IV PSCC. Larger clinical trials are needed to validate our findings.",not_reported,https://doi.org/10.1111/bju.15828,https://doi.org/10.1111/bju.15828,Included,not_applicable,revisión/contexto,Included,not_applicable,PD-1 inhibitor plus EGFR blockade plus platinum in stage IV pSCC; response to immunotherapy.,agreement,consensus_included,Included,unavailable,Pending,not_applicable,not_applicable
REC-HPVPSCC-000121,Emerging Therapies in Penile Cancer.,2022,Front Oncol,"Alencar, Antonio Machado; Sonpavde, Guru",10.3389/fonc.2022.910335,"Advances in the treatment of rare tumors like penile cancer were always hampered by the lack of deep comprehension of the molecular biology and genomic and epigenomic alterations involved in carcinogenesis and tumor progression, as well as by the difficulty in recruitment of patients for prospective clinical trials. Despite the high rates of cure in early localized penile cancers with surgery or other local procedures, locally advanced and metastatic tumors require systemic treatment, with chemotherapy being the current standard, but with high toxicity and no proven real impact on survival. Recent important findings of frequent genomic alterations and mutation signatures in penile cancer have motivated several trials in new modalities of systemic treatments, especially immunotherapy. This review aims to present the most recent advances and the prospect of new modalities of systemic therapies with ongoing studies in penile cancer.",not_reported,https://doi.org/10.3389/fonc.2022.910335,https://doi.org/10.3389/fonc.2022.910335,Included,not_applicable,revisión/contexto,Included,not_applicable,Review of emerging therapies in penile cancer with emphasis on immunotherapy (contextualisation).,agreement,consensus_included,Included,retrieved,Included,not_applicable,screening/full_text/REC-HPVPSCC-000121.pdf
REC-HPVPSCC-000122,miRNA and mRNA Expression Profiles Associated with Lymph Node Metastasis and Prognosis in Penile Carcinoma.,2022,Int J Mol Sci,"Murta, Claudio B; Furuya, Tatiane K; Carrasco, Alexis G M; Uno, Miyuki; Sichero, Laura; Villa, Luisa L; Faraj, Sheila F; Coelho, Rafael F; Guglielmetti, Giuliano B; Cordeiro, Mauricio D; Leite, Katia R M; Nahas, William C; Chammas, Roger; Pontes, José",10.3390/ijms23137103,"Penile cancer (PeC) is a rare disease, and no prognostic biomarkers have been adopted in clinical practice yet. The objective of the present study was to identify differentially expressed miRNAs (DEmiRs) and genes (DEGs) as potential biomarkers for lymph node metastasis and other prognostic factors in PeC. Tumor samples were prospectively obtained from 24 patients with squamous cell carcinoma of the penis. miRNA microarray analysis was performed comparing tumors from patients with inguinal lymph node metastatic and localized disease, and the results were validated by qRT-PCR. Eighty-three gene expression levels were also compared between groups through qRT-PCR. Moreover, DEmiRs and DEGs expression levels were correlated with clinicopathological variables, cancer-specific (CSS), and overall survival (OS). TAC software, TM4 MeV 4.9 software, SPSS v.25.0, and R software v.4.0.2 were used for statistical analyses. We identified 21 DEmiRs in microarray analysis, and seven were selected for validation. miR-744-5p and miR-421 were overexpressed in tissue samples of metastatic patients, and high expression of miR-421 was also associated with lower OS. We found seven DEGs (CCND1, EGFR, ENTPD5, HOXA10, IGF1R, MYC, and SNAI2) related to metastatic disease. A significant association was found between increased MMP1 expression and tumor size, grade, pathological T stage, and perineural invasion. Other genes were also associated with clinicopathological variables, CSS and OS. Finally, we found changes in mRNA-miRNA regulation that contribute to understanding the mechanisms involved in tumor progression. Therefore, we identified miRNA and mRNA expression profiles as potential biomarkers associated with lymph node metastasis and prognosis in PeC, in addition to disruption in mRNA-miRNA regulation during disease progression.",not_reported,https://doi.org/10.3390/ijms23137103,https://doi.org/10.3390/ijms23137103,Excluded,wrong outcome,EGFR/targeteado sin eje inmune,Excluded,wrong outcome,"miRNA/mRNA profiles associated with lymph node metastasis; molecular, non-immune outcome.",agreement,consensus_excluded,Excluded,not_required_after_initial_screening,Pending,wrong outcome,not_applicable
REC-HPVPSCC-000123,Immune-based therapies in penile cancer.,2022,Nat Rev Urol,"Joshi, Vidhu B; Spiess, Philippe E; Necchi, Andrea; Pettaway, Curtis A; Chahoud, Jad",10.1038/s41585-022-00617-x,"Penile cancer is a rare genitourinary malignancy that is associated with poor outcomes and severely limited therapeutic options that are generally non-curative when used to treat localized disease with high-risk features or advanced disease. To address the unmet need for treatment modalities with increased effectiveness, immune-based therapies such as immune-checkpoint blockade, human papilloma virus (HPV)-directed vaccines and adoptive T cell therapies have emerged as potential treatment options for advanced penile cancer. A diverse array of immune cells such as cytotoxic T lymphocytes (CTLs), tumour-associated macrophages and myeloid-derived suppressor cells have been shown to infiltrate penile cancer tumours, with distinct immune landscapes being demonstrated in HPV-positive compared with HPV-negative tumours. Study results have also demonstrated the prognostic value of immune cells such as tumour-associated macrophages, immune markers such as programmed death ligand-1, and HPV-status in penile cancer. Taken together, these findings underscore the clinical relevance of the tumour immune microenvironment as a source of both prognostic indicators and potential therapeutic targets for immune-based therapies. Current evidence regarding the safety and efficacy of immune-based therapies is limited in penile cancer, but a number of clinical and preclinical studies are ongoing to evaluate these therapies in this disease based on promising results from studies in other malignancies, including other squamous cell carcinomas. In addition, an opportunity exists to combine immune-based therapies with existing lines of systemic therapy to offer the most benefit to patients with advanced penile cancer. Future work should focus on expansion of preclinical models for immune-based drug discovery.",not_reported,https://doi.org/10.1038/s41585-022-00617-x,https://doi.org/10.1038/s41585-022-00617-x,Included,not_applicable,pending,Included,not_applicable,"Nat Rev Urol review on immune-based therapies in penile cancer: CTLs, TAMs, MDSCs and distinct immune landscapes in HPV+ vs HPV- tumours.",agreement,consensus_included,Included,unavailable,Pending,not_applicable,not_applicable
REC-HPVPSCC-000124,Advanced Squamous Cell Carcinomas of the Pelvic and Perineal Region: A Comprehensive Genomic Profiling Study.,2022,Oncologist,"Necchi, Andrea; Spiess, Philippe E; Bandini, Marco; Basile, Giuseppe; Grivas, Petros; Bratslavsky, Gennady; Jacob, Joseph; Danziger, Natalie; Lin, Douglas; Decker, Brennan; Sokol, Ethan S; Huang, Richard S P; Kulkarni, Sanjay B; Ross, Jeffrey S",10.1093/oncolo/oyac144,"BACKGROUND: Advanced pelvic squamous cell carcinoma (pSCC) is a broad category of cancers affecting different pelvic organs and usually featuring unfavorable clinical outcomes. Thus, we aimed to assess genomic differences among pSCC cases and learn whether pSCC could potentially benefit from targeted therapies and/or immunotherapy. MATERIALS AND METHODS: A total of 1917 advanced pSCCs, including penile (penSCC), male urethral (murthSCC), male anal (manSCC), female urethral (furthSCC), vulvar (vulSCC), cervical (crvSCC), female anal (fanSCC), and vaginal (vagSCC), underwent comprehensive genomic profiling (CGP). We used hybrid capture-based CGP to evaluate recurrent genomic alterations (GAs). Tumor mutational burden (TMB) was determined on up to 1.1 Mb of sequenced DNA and microsatellite instability (MSI) was determined on up to 95 loci. Programmed cell-death-ligand-1 (PD-L1) expression was determined by immunohistochemistry (IHC; Dako 22C3). RESULTS: PIK3CA was the most frequently identified potentially ""actionable"" GA (22%-43%), followed by mTOR pathway [PTEN (0%-18%), FBXW7 (7%-29%)], and cell-cycle GAs. DNA-damage response (DDR) GAs and receptor-tyrosine kinase (RTK) targeted options were uncommon. NOTCH1 GAs were present in >15% of penSCC and vulvSCC. TMB ≥10 mut/Mb was >15% in manSCC, fanSCC, crvSCC, and vagSCC. PD-L1 high expression was >18% in all pSCC except urthSCC, manSCC, and vagSCC. HPV-16/18 detection was highest in manSCC, fanSCC, and crvSCC. CONCLUSION: Despite similar histology, pSCCs can differ in GAs and HPV status. Overall, PIK3CA is the most frequent potentially ""targetable"" GA followed by mTOR and cell cycle pathway. RTK and DDR GAs are rare in pSCC. Immunotherapy could be considered for pSCC management based on TMB and PD-L1 expression.",not_reported,https://doi.org/10.1093/oncolo/oyac144,https://doi.org/10.1093/oncolo/oyac144,Included,not_applicable,pending,Included,not_applicable,"Genomic profiling of pelvic/perineal SCC (1917 cases) with a penile subgroup; reports PD-L1 by IHC, TMB and MSI. Mixed cohort: extract the penSCC subgroup only.",agreement,consensus_included,Included,retrieved,Included,not_applicable,screening/full_text/REC-HPVPSCC-000124.pdf
REC-HPVPSCC-000125,Mutational Signature and Integrative Genomic Analysis of Human Papillomavirus-Associated Penile Squamous Cell Carcinomas from Latin American Patients.,2022,Cancers (Basel),"Canto, Luisa Matos; da Silva, Jenilson Mota; Castelo-Branco, Patrícia Valèria; da Silva, Ingrid Monteiro; Nogueira, Leudivan; Fonseca-Alves, Carlos Eduardo; Khayat, André; Birbrair, Alexander; Pereira, Silma Regina",10.3390/cancers14143514,"High-throughput DNA sequencing has allowed for the identification of genomic alterations and their impact on tumor development, progression, and therapeutic responses. In PSCC, for which the incidence has progressively increased worldwide, there are still limited data on the molecular mechanisms involved in the disease pathogenesis. In this study, we characterized the mutational signature of 30 human papillomavirus (HPV)-associated PSCC cases from Latin Americans, using whole-exome sequencing. Copy number variations (CNVs) were also identified and compared to previous array-generated data. Enrichment analyses were performed to reveal disrupted pathways and to identify alterations mapped to HPV integration sites (HPVis) and miRNA-mRNA hybridization regions. Among the most frequently mutated genes were NOTCH1, TERT, TTN, FAT1, TP53, CDKN2A, RYR2, CASP8, FBXW7, HMCN2, and ITGA8. Of note, 92% of these altered genes were localized at HPVis. We also found mutations in ten novel genes (KMT2C, SMARCA4, PTPRB, AJUBA, CR1, KMT2D, NBEA, FAM135B, GTF2I, and CIC), thus increasing our understanding of the potential HPV-disrupted pathways. Therefore, our study reveals innovative targets with potential therapeutic benefits for HPV-associated PSCCs. The CNV analysis by sequencing (CNV-seq) revealed five cancer-associated genes as the most frequent with gains (NOTCH1, MYC, NUMA1, PLAG1, and RAD21), while 30% of the tumors showed SMARCA4 with loss. Additionally, four cancer-associated genes (CARD11, CSMD3, KDR, and TLX3) carried untranslated regions (UTRs) variants, which may impact gene regulation by affecting the miRNAs hybridization regions. Altogether, these data contribute to the characterization of the mutational spectrum and its impact on cellular signaling pathways in PSCC, thus reinforcing the pivotal role of HPV infection in the molecular pathogenesis of these tumors.",not_reported,https://doi.org/10.3390/cancers14143514,https://doi.org/10.3390/cancers14143514,Excluded,wrong outcome,molecular/clínico sin TIME/IT,Excluded,wrong outcome,"Mutational signature and integrative genomics of HPV-associated pSCC; molecular, non-immune outcome.",agreement,consensus_excluded,Excluded,not_required_after_initial_screening,Pending,wrong outcome,not_applicable
REC-HPVPSCC-000126,"Prognostic utility of SOX2, STAT3, and CD44^high/CD24^low expression in penile cancer.",2023,J Cancer Res Clin Oncol,"de Barros, Felipe Dubourcq; Torres, Leuridan Cavalcante; Araujo, Carolline; da Silva Marinho, Felipe; Dubourcq, Beatriz Cavalcanti; Dubourcq, Luís Cavalcanti; Guimarães, Gustavo Cardoso",10.1007/s00432-022-04222-8,"PURPOSE: Penile cancer has a high incidence in developing countries. The standard treatment is removal of the primary tumor and, when necessary, inguinal lymphadenectomy. Currently, the most important prognostic factor is lymph node disease, however, the available staging methods are inaccurate, and the high morbidity rate of lymphadenectomy has stimulated the study of predictive biomarkers of lymph node metastasis for selecting the patients who need lymphadenectomy. SOX2, STAT3 and CD44^high/CD24^low were chosen because they have provided good predictive results in other squamous cell carcinoma (SCC), although there are no studies for penile cancer. Thus, the expression of SOX2, STAT3, CD24+, and CD44+ in the penile cancer tumor microenvironment was investigated for correlation with tumor behavior in SCC. METHODS: This observational, prospective, translational study included 34 men and investigated the expression of SOX2, STAT3, CD24+, and CD44+ in tumor tissue by flow cytometry. RESULTS: The median age of the 38 evaluated patients with penile cancer was 61 (37-80) years. Most patients presented a tumor located on the glans penis (82.3%), with the usual histological type (79.4%) and 61.7% of patients presented stage pT2. No metastasis was found in 85.3% of patients. The expression of SOX2, STAT3 and CD44^high/CD24^low in the microenvironment of penile SCC treated with lymphadenectomy was significantly associated with aggressive tumor behavior (p < 0.05). STAT3 expression shows discrepant points when evaluated in context of angiolymphatic vascular invasion. CONCLUSION: SOX2, STAT3 and CD44^high/CD24^low in penile SCC can be indicators of prognosis, allowing for selection of more aggressive treatment when necessary.",not_reported,https://doi.org/10.1007/s00432-022-04222-8,https://doi.org/10.1007/s00432-022-04222-8,Included,not_applicable,pending,Excluded,wrong outcome,"SOX2, STAT3 and CD44/CD24 (cancer stem cell markers); despite the term microenvironment, no immune populations are assessed.",conflict,consensus_excluded,Excluded,not_required_after_initial_screening,Pending,wrong outcome,not_applicable
REC-HPVPSCC-000127,Male Perineal Carcinoma: Experience in 4 Cases and Literature Review.,2022,Case Rep Urol,"Poblador, Agustín Fraile; Palacios, Manuel Hevia; Vegas, Manuel Rodríguez; Medina, Alberto Artiles; Mayayo, Enrique Sanz; Barreras, Silvia García; Conejo, Guillermo Fernández; Patrón, Rafael Rodríguez; Constatino, Varona Crespo; González, Ana Saiz; Revilla, Javier Burgos",10.1155/2022/4466602,"Perineal carcinoma of unknown origin is a rare and aggressive disease, so an early diagnosis and adequate treatment are essential to prevent its progression. We report the first series of cases of perineal carcinoma of unknown origin: (I) a 62-year-old male patient being followed up for a urethral stricture treated with periodic dilations with subsequent development of perineal abscesses and perineal carcinoma; (II) a 67-year-old male patient who consults for urinary discomfort associated with a perineal abscess. Recurrence of the abscess in the first month revealed the presence of an underlying perineal carcinoma; (III) a 78-year-old male patient that underwent urethroplasty with graft with subsequent regimen of periodical dilations. Recurrent formation of perianal abscesses revealed the presence of an underlying perineal carcinoma; and (IV) a 78-year-old male patient with history of in situ penile carcinoma treated by glans resurfacing. He consulted for penile pain, and imaging tests revealed a perineal abscess adjacent to the left corpus cavernosum. The core needle biopsy revealed a squamous cell carcinoma. Penile exploration and negative glans biopsy ruled out possible recurrence of penile carcinoma. The form of presentation of the disease has been very similar in all patients, demonstrating the presence of perineal abscess in all cases. Two patients had inguinal lymph node disease at diagnosis. All patients were treated by surgery, and three of them required adjuvant systemic treatment. Surgery combined with systemic treatment is probably the best option if the patient's conditions allow it.",not_reported,https://doi.org/10.1155/2022/4466602,https://doi.org/10.1155/2022/4466602,Excluded,wrong outcome,clínico/quirúrgico/caso sin TIME/IT,Excluded,wrong population,Perineal carcinoma of unknown origin; not pSCC.,agreement,consensus_excluded,Excluded,not_required_after_initial_screening,Pending,wrong outcome,not_applicable
REC-HPVPSCC-000128,Molecular Pathogenesis of Penile Squamous Cell Carcinoma: Current Understanding and Potential Treatment Implications.,2023,Arch Pathol Lab Med,"Keller, Brian A; Pastukhova, Elena; Lo, Bryan; Sekhon, Harman S; Flood, Trevor A",10.5858/arpa.2021-0592-ra,"CONTEXT.—: Penile squamous cell carcinomas (PSCCs) are divided into tumors that are human papillomavirus (HPV) associated and those that are non-HPV associated. HPV and non-HPV PSCCs each display unique pathogenic mechanisms, histologic subtypes, and clinical behaviors. Treatment of localized PSCC tumors is linked to significant physical and psychological morbidity, and management of advanced disease is often treatment refractory. The identification of novel actionable mutations is of critical importance so that translational scientists and clinicians alike can pursue additional therapeutic options. OBJECTIVE.—: To provide an update on the molecular pathogenesis associated with PSCC. A special emphasis is placed on next-generation sequencing data and its role in identifying potential therapeutic targets. DATA SOURCES.—: A literature review using the PubMed search engine to access peer-reviewed literature published on PSCC. CONCLUSIONS.—: Our understanding of the genetic and molecular mechanisms that underlie PSCC pathogenesis continues to evolve. PSCC tumorigenesis is mediated by multiple pathways, and mutations of oncogenic significance have been identified that may represent targets for personalized therapy. Preliminary results of treatment with immune checkpoint inhibition and tyrosine kinase inhibitors have produced variable clinical results. Further insight into the pathogenesis of PSCC will help guide clinical trials and develop additional precision medicine approaches.",not_reported,https://doi.org/10.5858/arpa.2021-0592-ra,https://doi.org/10.5858/arpa.2021-0592-ra,Included,not_applicable,revisión/contexto,Maybe,not_applicable,Review of pSCC molecular pathogenesis with the HPV/non-HPV dichotomy; NGS focus with no explicit immune component - possible contextual value.,conflict,consensus_included,Included,retrieved,Included,not_applicable,screening/full_text/REC-HPVPSCC-000128.pdf
REC-HPVPSCC-000129,Clinical and Novel Biomarkers in Penile Carcinoma: A Prospective Review.,2022,J Pers Med,"Pekarek, Leonel; Ortega, Miguel A; Fraile-Martinez, Oscar; García-Montero, Cielo; Casanova, Carlos; Saez, Miguel A; García-Honduvilla, Natalio; Alvarez-Mon, Melchor; Buján, Julia; Diez-Nicolas, Victor; Burgos, Javier F; Gomez Dos Santos, Victoria",10.3390/jpm12091364,"Penile carcinoma is a rare urological neoplasia in men compared to other more common tumors, such as prostate, kidney, or bladder tumors. However, this neoplasm continues to affect a large number of patients worldwide, with developing countries presenting the highest incidence and mortality rates. Important risk factors such as the human papilloma virus, a factor affecting a large number of patients, have been described; however, few studies have evaluated screening programs in populations at risk for this disease, which severely affects the quality of life of older men. The management of these patients is usually complex, requiring surgical interventions that are not without risk and that have a great impact on the functionality of the male reproductive system. In addition, in cases of disseminated disease or with significant locoregional involvement, patients are evaluated by multidisciplinary oncological committees that can adjust the application of aggressive neoadjuvant or adjuvant chemotherapy on numerous occasions without clear improvement in survival. Chemotherapy regimens are usually aggressive, and unlike in other urological neoplasms, few advances have been made in the use of immunotherapy in these patients. The study of serological and histological biomarkers may help to better understand the underlying pathophysiology of these tumors and select patients who have a higher risk of metastatic progression. Similarly, the analysis of molecular markers will improve the availability of targeted therapies for the management of patients with disseminated disease that would benefit prognosis. Therefore, the purpose of this article is to summarize the main advances that have occurred in the development of serological and histological markers and their therapeutic implications in patients diagnosed with penile carcinoma, explaining the limitations that have been observed and analyzing future perspectives in the management of this disease.",not_reported,https://doi.org/10.3390/jpm12091364,https://doi.org/10.3390/jpm12091364,Included,not_applicable,revisión/contexto,Maybe,not_applicable,Review of clinical and novel biomarkers in penile carcinoma; the abstract does not specify whether immune markers are covered.,conflict,consensus_included,Included,retrieved,Included,not_applicable,screening/full_text/REC-HPVPSCC-000129.pdf
REC-HPVPSCC-000130,PD-1 inhibitor treatment in a penile cancer patient with MMR/MSI status heterogeneity: A case report.,2022,Hum Vaccin Immunother,"Du, YunYi; Zhang, XiaoLing; Zhang, Ying; Li, WeiLing; Hu, WenQing; Zong, Liang; Zhao, Jun",10.1080/21645515.2022.2121122,"Penile cancer is a rare malignant disease. Paclitaxel combined with platinum is often used as a first-line chemotherapeutic regimen for late-stage penile cancer, and there is no standard second-line treatment. Clinical trials of immunotherapy for penile cancer are ongoing. There are no reports on PD1 inhibitor treatment in metastatic penile carcinoma patients with MMR/MSI status heterogeneity. A 68-year-old patient was hospitalized with bilateral inguinal lymph node metastasis and local penile recurrence after penile cancer surgery. The lesion of the right inguinal lymph node showed a mismatch-repair-deficient (dMMR)/microsatellite instability-low (MSI-L) status. After 3 cycles of sintilimab (a PD1 inhibitor) combined with paclitaxel and cisplatin, the partial response of the tumor was evaluated. Subsequently, sintilimab monotherapy was used as maintenance treatment for 2 months. However, The lesion of local penile recurrence showed mismatch repair proficient (pMMR)/microsatellite stability (MSS) status by secondary biopsy when progressed rapidly. Interestingly, after continued treatment with sintilimab combined with gemcitabine, the patient achieved a partial response again. We should be aware of the importance of secondary biopsy for different lesions to confirm the heterogeneity of MMR/MSI status. For penile cancer patients with MMR/MSI status heterogeneity, PD1 inhibitors combined with chemotherapy are safe and effective. Due to oligometastatic lesion progression caused only by the heterogeneity of MMR/MSI status, PD1 inhibitor cross-line therapy can also be considered an appropriate treatment.",not_reported,https://doi.org/10.1080/21645515.2022.2121122,https://doi.org/10.1080/21645515.2022.2121122,Included,not_applicable,pending,Included,not_applicable,Case of penile cancer treated with a PD-1 inhibitor (sintilimab) with MMR/MSI status heterogeneity.,agreement,consensus_included,Included,retrieved,Included,not_applicable,screening/full_text/REC-HPVPSCC-000130.pdf
REC-HPVPSCC-000131,An update on treatment of penile cancer.,2022,Ther Adv Med Oncol,"Chadha, Juskaran; Chahoud, Jad; Spiess, Philippe E",10.1177/17588359221127254,"Penile cancer is a rare malignancy, particularly in industrialized nations. In the United States, rates are approximately less than 1 per 100,000 men per year with just over 2000 new cases per year. However, there is significantly increased prevalence in developing nations, with limited treatment expertise and reduced access to care, further driving an unmet clinical need. The most noteworthy risk factor for penile cancer is the association with human papillomavirus infection, which may be present in up to 50% of all penile carcinomas. In addition to local primary tumor approaches, multimodality treatment strategies are vital to patients with clinical regional nodal disease, locally advanced disease. Presence and degree of lymph node involvement remains the most important prognostic factor and patients may benefit from multiple treatment strategies. Interim analysis data from the first randomized clinical trial is expected to yield results in mid/late 2024-early 2025. These treatment approaches include neoadjuvant chemotherapy, adjuvant therapy, including chemotherapy and radiation. Systemic therapy for distant recurrent or metastatic disease is primarily a platinum-based chemotherapy, however with poor overall response. As poor outcomes remain high, particularly in indigent populations, there remains an unmet need for these patients, particularly for high level randomized trials and novel therapeutics. In this review, we will highlight treatment updates for penile cancer. In addition to standard of care, we will review novel lines of therapies including immunotherapies and targeted therapies as well as sequencing approaches.",not_reported,https://doi.org/10.1177/17588359221127254,https://doi.org/10.1177/17588359221127254,Excluded,wrong outcome,pase: update treatment general,Maybe,not_applicable,Review of penile cancer treatment focused on chemotherapy/radiotherapy; mentions HPV in up to 50% but immune content unclear.,conflict,consensus_excluded,Excluded,not_required_after_initial_screening,Pending,wrong outcome,not_applicable
REC-HPVPSCC-000132,Penile cancer with bilateral inguinal lymph node metastases surviving for more than 4 years: A case report.,2023,Asian J Surg,"Zhu, Mingkai; Yin, Huaqi; Dong, Bingqi; Yang, Tiejun",10.1016/j.asjsur.2022.10.015,[Resumen no disponible],not_reported,https://doi.org/10.1016/j.asjsur.2022.10.015,https://doi.org/10.1016/j.asjsur.2022.10.015,Excluded,wrong outcome,clínico/quirúrgico/caso sin TIME/IT,Excluded,wrong outcome,Case report without abstract on survival with inguinal metastases; no indication of immune or HPV data.,agreement,consensus_excluded,Excluded,not_required_after_initial_screening,Pending,wrong outcome,not_applicable
REC-HPVPSCC-000133,Sintilimab-Induced Diabetic Ketoacidosis in a Patient with Radiation and Multichemorefractory Penile Cancer: A Case Report and Literature Review.,2022,Curr Oncol,"Lv, Chuan; Wu, Can; Zhang, Yan; Li, Wendong; Wang, Xuesong; Liang, Li",10.3390/curroncol29110632,"Penile squamous cell carcinoma (PSCC) is a rare disease. The treatment options for advanced penile cancer are often limited, and the prognosis remains poor. We reported a 52-year-old male recurrent and metastatic PSCC patient with high PD-L1 expression (90%) and TMB (14.4 muts/Mb). He had undergone penectomy, bilateral inguinal lymph node dissection, and excision of the abdominal wall mass. Despite cisplatin-based concurrent chemoradiotherapy and sequential chemotherapy with docetaxel plus cisplatin then being carried out, the carcinoma still progressed. The patient then obtained progression-free survival with continuous sintilimab, although he experienced the new onset of ICI-induced diabetes after 24 cycles of sintilimab and required sustained insulin treatment. He had negative type 1 diabetes-associated autoantibodies and the susceptible HLA genotype DR3-DQ2 haplotype. This is the first patient with radiation and multichemorefractory PSCC who has obtained the remarkable anti-tumor effect of partial regression exceeding 32 months during continuous sintilimab and anlotinib treatment.",not_reported,https://doi.org/10.3390/curroncol29110632,https://doi.org/10.3390/curroncol29110632,Included,not_applicable,revisión/contexto,Included,not_applicable,Case of refractory pSCC with PD-L1 90% and high TMB on prolonged sintilimab (ketoacidosis as an immune-related adverse event).,agreement,consensus_included,Included,retrieved,Included,not_applicable,screening/full_text/REC-HPVPSCC-000133.pdf
REC-HPVPSCC-000134,Combination of radiation and immunotherapy in the treatment of genitourinary malignancies: A systematic review and meta-analysis.,2023,Urol Oncol,"Maisch, Philipp; Koll, Florestan; Bolenz, Christian; Chun, Felix K-H; Gschwend, Jürgen E; Schmid, Sebastian C",10.1016/j.urolonc.2022.10.009,"BACKGROUND: Due to possible synergistic effects, the combination of radiation therapy (RT) and immune checkpoint inhibitors (ICI) represents an interesting therapeutic option. An increasing number of clinical trials are ongoing to investigate this combination in genitourinary malignancies and the first results are available. OBJECTIVES: To review and summarize available data on the combination of RT and ICI in genitourinary malignancies and update the evidence for this potential therapeutic approach. EVIDENCE ACQUISITION: A study protocol was registered in the PROSPERO-Database. Terms of search were prostate cancer, bladder cancer, renal cell carcinoma, penile cancer, testicular cancer, radiotherapy, and immunotherapy in multiple literature databases and study registers. Clinical studies reporting on the combination treatment of RT and ICI were included. A systematic review of ongoing trials according to the PRISMA statement and a meta-analysis of available trials were performed. EVIDENCE SYNTHESIS: Overall, 43 studies met the inclusion criteria examining the therapeutic effect of combined RT and ICI. For bladder cancer, renal cell carcinoma, prostate cancer, and penile cancer 28, 9, 5, and 1 trial could be identified, respectively. No study was found for testicular cancer. Three phases III trials were identified, all other trials were phase I or II. Twelve studies have been completed so far. The meta-analysis of available data indicates comparable toxicity of RT plus ICI vs. ICI alone for grade 3/4 AEs. Mature efficacy data is limited with interesting early results. CONCLUSION: This article reviews the clinical trial landscape investigating RT and ICI in genitourinary malignancies. It provides an overview of ongoing trials and discusses available results. Actual data regarding efficacy is limited, while toxicities seem comparable to ICI alone. Especially in bladder and kidney cancer, further trial results might impact on the clinical use of the combination therapy.",not_reported,https://doi.org/10.1016/j.urolonc.2022.10.009,https://doi.org/10.1016/j.urolonc.2022.10.009,Excluded,wrong population,pase: RT+IT GU; sin foco pSCC,Maybe,not_applicable,Systematic review and meta-analysis of radiotherapy plus ICI in genitourinary tumours; penile cancer is one of several sites.,conflict,consensus_excluded,Excluded,not_required_after_initial_screening,Pending,wrong population,not_applicable
REC-HPVPSCC-000135,Penile cancer: Updates in systemic therapy.,2022,Asian J Urol,"Joshi, Vidhu B; Chadha, Juskaran; Chahoud, Jad",10.1016/j.ajur.2022.03.006,"Penile cancer is a rare genitourinary malignancy with a greater incidence in parts of Asia, South America, and Africa. Outcomes are very poor in patients with advanced disease and in those who do not respond to first-line multimodal therapy. Among systemic therapy options, platinum-based chemotherapy is used in the first-line; however, approximately half of patients do not benefit. Response rates to systemic therapy as subsequent line treatment are historically dismal. There is also a paucity of prognostic and predictive tools within the context of penile cancer. As such, there remains an urgent need to expand systemic treatment options for patients with advanced penile cancer. The purpose of this review is to summarize the existing evidence for standard-of-care lines of systemic treatment, examine the potential of novel lines of systemic therapy, and provide an update as to the status of these new therapies within the context of penile cancer.",not_reported,https://doi.org/10.1016/j.ajur.2022.03.006,https://doi.org/10.1016/j.ajur.2022.03.006,Excluded,wrong outcome,pSCC sin TIME/HPV/IT,Maybe,not_applicable,Review of systemic therapy in penile cancer; the abstract does not specify the weight of the immunotherapy component.,conflict,consensus_excluded,Excluded,not_required_after_initial_screening,Pending,wrong outcome,not_applicable
REC-HPVPSCC-000136,"The Evolving Landscape of Viral, Immune, and Molecular Biomarkers in Penile Cancer.",2023,Urol Clin North Am,"Yu, Alice; Chahoud, Jad; Necchi, Andrea; Spiess, Philippe E",10.1016/j.ucl.2022.09.013,"Penile cancer is relatively rare in North America and Europe (<1% of all malignant neoplasms); however, it remains a significant health concern with a higher propensity of cases in many African, South American, and Asian countries. It occurs primarily in older men with a peak incidence in the 6th decade of life. The etiology of penile cancer is multifactorial and there are many risk factors including lack of neonatal circumcision, chronic inflammation, lichen sclerosis, tobacco use, obesity, poor hygiene, exposure to ultraviolet radiation, history of sexually transmitted diseases, and human papillomavirus (HPV) infection. Pathogenesis of penile squamous cell carcinoma (PSCC) can be broadly dichotomized into HPV related and non-HPV-related pathways which will be discussed in detail in this review.",not_reported,https://doi.org/10.1016/j.ucl.2022.09.013,https://doi.org/10.1016/j.ucl.2022.09.013,Included,not_applicable,revisión viral/inmune/biomarcadores en penile cancer,Included,not_applicable,"Review of viral, IMMUNE and molecular biomarkers in penile cancer with the HPV/non-HPV dichotomy.",agreement,consensus_included,Included,unavailable,Pending,not_applicable,not_applicable
REC-HPVPSCC-000137,Conversion therapy for advanced penile cancer with tislelizumab combined with chemotherapy: A case report and review of literature.,2022,World J Clin Cases,"Long, Xiang-Yu; Zhang, Shuang; Tang, Lian-Sha; Li, Xiang; Liu, Ji-Yan",10.12998/wjcc.v10.i33.12305,"BACKGROUND: Locally advanced penile squamous cell carcinoma with unresectable inguinal lymph node metastasis has a poor prognosis, and surgical treatment alone offers limited benefits. Effective conversion therapy regimens are urgently needed. CASE SUMMARY: We describe a locally advanced penile squamous cell carcinoma patient with bulky, fixed inguinal lymph node metastasis complicated with genital skin ulcers who underwent inguinal lymph node dissection and achieved a pathological complete response with conversion therapy comprising immunotherapy plus chemotherapy. CONCLUSION: For unresectable locally advanced penile squamous cell carcinoma, neoadjuvant immunotherapy combined with chemotherapy is a potential treatment approach. Biomarkers of immunotherapy efficacy need to be explored, and clinical trials are needed to test these strategies.",not_reported,https://doi.org/10.12998/wjcc.v10.i33.12305,https://doi.org/10.12998/wjcc.v10.i33.12305,Included,not_applicable,revisión/contexto,Included,not_applicable,Case of conversion therapy with tislelizumab (anti-PD-1) plus chemotherapy in locally advanced pSCC.,agreement,consensus_included,Included,retrieved,Included,not_applicable,screening/full_text/REC-HPVPSCC-000137.pdf
REC-HPVPSCC-000138,Immune landscape and immunotherapy for penile cancer.,2022,Front Immunol,"Tang, Yaxiong; Hu, Xu; Wu, Kan; Li, Xiang",10.3389/fimmu.2022.1055235,"Penile cancer is a rare malignancy and usually refers to penile squamous cell carcinoma (PSCC), which accounts for more than 95% of all penile malignancies. Although organ-sparing surgery is an effective treatment for early-stage PSCC, surgical intervention alone is often not curative for advanced PSCC with metastases to the inguinal and/or pelvic lymph nodes; thus, systemic therapy is required (usually platinum-based chemotherapy and surgery combined). However, chemotherapy for PSCC has proven to be of limited efficacy and is often accompanied by high toxicity, and patients with advanced PSCC usually have poor prognosis. The limited treatment options and poor prognosis indicate the unmet need for advanced PSCC. Immune-based therapies have been approved for a variety of genitourinary and squamous cell carcinomas but are rarely reported in PSCC. To date, several studies have reported high expression of PDL1 in PSCC, supporting the potential application of immune checkpoint inhibitors in PSCC. In addition, human papillomavirus (HPV) infection is highly prevalent in PSCC and plays a key role in the carcinogenesis of HPV-positive PSCC, suggesting that therapeutic HPV vaccine may also be a potential treatment modality. Moreover, adoptive T cell therapy (ATC) has also shown efficacy in treating advanced penile cancer in some early clinical trials. The development of new therapeutics relies on understanding the underlying biological mechanisms and processes of tumor initiation, progression and metastasis. Therefore, based on the interest, we reviewed the tumor immune microenvironment and the emerging immunotherapy for penile cancer.",not_reported,https://doi.org/10.3389/fimmu.2022.1055235,https://doi.org/10.3389/fimmu.2022.1055235,Included,not_applicable,pending,Included,not_applicable,Review of the immune landscape and immunotherapy in pSCC: PD-L1 and the role of HPV.,agreement,consensus_included,Included,retrieved,Included,not_applicable,screening/full_text/REC-HPVPSCC-000138.pdf
REC-HPVPSCC-000139,PD-L1 is associated with the prognosis of penile cancer: A systematic review and meta-analysis.,2022,Front Oncol,"Lu, Yi; Wang, Yutao; Su, Hao; Li, Hongjun",10.3389/fonc.2022.1013806,"BACKGROUND: Previous studies have explored the role of PD-L1 in the survival outcomes of penile cancer patients with controversies existed. Thus, the meta-analysis was conducted to report and review the association between PD-L1 and survival in penile cancer patients. METHODS: PubMed, Cochrane Library, EMBASE, and Web of Science were all searched, screened, and reviewed by June 1, 2022. Hazard ratio (HR) was used to evaluate the relationship between PD-L1 and survival outcome, and odds ratio (OR) was for tumor features. RESULTS: Nine retrospective studies (1,003 patients) were incorporated. The prevalence of PD-L1 in patients with penile cancer was 51.4% (95% CI = 42.1%-60.8%, I ² = 88.5%). Higher PD-L1 on tumor cells was related to shorter cancer-specific survival (CSS) in patients (HR = 1.578, 95% CI = 1.227-2.029, I ² = 23.3%), but had no associations with overall survival (OS) (HR = 1.123, 95% CI = 0.511-2.465, I ² = 0.0%). Subgroup analysis indicated that higher PD-L1 was related to shorter CSS in Caucasus (HR = 1.827, 95% CI = 1.355-2.465, I ² = 0.0%) only. Furthermore, PD-L1 had associations with tumor stage (pT1 vs. pT2-4, OR = 0.480, 95% CI = 0.346-0.667, P = 0.001) and tumor grade (Well and moderate vs. Poor, OR = 0.377, 95% CI = 0.264-0.538, P < 0.001). PD-L1 positivity was also related to lymph node (LN) status (pN0/NX vs. pN1-3, OR = 0.541, 95% CI = 0.385-0.759, P = 0.001) and HPV status (Positive vs. Negative, OR = 0.510, 95% CI = 0.322-0.810, P = 0.003). A trend toward statistical significance between PD-L1 and histological types was also observed (Usual SCC vs. Others, OR = 1.754, 95% CI = 0.984-3.124, P = 0.070). CONCLUSIONS: PD-L1 over-expression was related to worse survival outcomes and several clinicopathological features of penile cancer. PD-L1 expression can be applied to select appropriate treatment strategies for penile malignancies. SYSTEMATIC REVIEW REGISTRATION: https://www.crd.york.ac.uk/prospero/display_record.php?RecordID=343041, identifier CRD42022343041.",not_reported,https://doi.org/10.3389/fonc.2022.1013806,https://doi.org/10.3389/fonc.2022.1013806,Included,not_applicable,revisión/contexto,Included,not_applicable,"Systematic review and meta-analysis (9 studies, 1003 patients) of PD-L1 and prognosis in penile cancer.",agreement,consensus_included,Included,retrieved,Included,not_applicable,screening/full_text/REC-HPVPSCC-000139.pdf
REC-HPVPSCC-000140,Combination of Pembrolizumab and Stereotactic Body Radiation Therapy in Recurrent Metastatic Penile Squamous Cell Carcinoma: A Case Study.,2022,Biomedicines,"Kaakour, Dalia; Seyedin, Steven; Houshyar, Roozbeh; Mar, Nataliya",10.3390/biomedicines10123033,"The prognosis for patients with penile squamous cell carcinoma metastatic to regional lymph nodes or distant sites remains poor with limited treatment options, especially after the failure of first-line chemotherapy. Clinical trials evaluating the use of checkpoint inhibitor therapy, or the use of checkpoint inhibitor therapy with stereotactic body radiation therapy for the treatment of metastatic penile squamous cell carcinoma, are currently unavailable. In this case report, we present a patient with relapsed advanced penile squamous cell carcinoma and an unknown (human papilloma virus) HPV status and borderline programmed death-ligand 1 (PD-L)1 status who was treated with pembrolizumab and stereotactic body radiation therapy. This patient achieved a complete durable treatment response despite having genomic features of an immunologically ""cold"" tumor. This case highlights the importance of investigating more into the treatment of these tumors that lack genomic features that classically have been observed to be susceptible to treatment with immunotherapy or immunotherapy augmented with stereotactic body radiation therapy in solid tumors, particularly in metastatic penile squamous cell carcinoma.",not_reported,https://doi.org/10.3390/biomedicines10123033,https://doi.org/10.3390/biomedicines10123033,Included,not_applicable,pending,Included,not_applicable,Case of metastatic pSCC treated with pembrolizumab plus SBRT; HPV status and PD-L1 reported.,agreement,consensus_included,Included,retrieved,Included,not_applicable,screening/full_text/REC-HPVPSCC-000140.pdf
REC-HPVPSCC-000141,Increased HRD score in cisplatin resistant penile cancer cells.,2022,BMC Cancer,"Winkelmann, Ria; Bankov, Katrin; Döring, Claudia; Cinatl, Jaroslav; Grothe, Sebastian; Rothweiler, Florian; Michaelis, Martin; Schmitt, Christina; Wild, Peter J; Demes, Melanie; Cinatl, Jindrich; Vallo, Stefan",10.1186/s12885-022-10432-7,"BACKGROUND/INTRODUCTION: Penile cancer is a rare disease in demand for new therapeutic options. Frequently used combination chemotherapy with 5 fluorouracil (5-FU) and cisplatin (CDDP) in patients with metastatic penile cancer mostly results in the development of acquired drug resistance. Availability of cell culture models with acquired resistance against standard therapy could help to understand molecular mechanisms underlying chemotherapy resistance and to identify candidate treatments for an efficient second line therapy. METHODS: We generated a cell line from a humanpapilloma virus (HPV) negative penile squamous cell carcinoma (UKF-PEC-1). This cell line was subject to chronic exposure to chemotherapy with CDDP and / or 5-FU to induce acquired resistance in the newly established chemo-resistant sublines (PEC-1^rCDDP²⁵⁰⁰, adapted to 2500 ng/ml CDDP; UKF-PEC-1^r5-FU⁵⁰⁰, adapted to 500 ng/ml 5- FU; UKF-PEC1^rCDDP²⁵⁰⁰/^r5-FU⁵⁰⁰, adapted to 2500 ng/ml CDDP and 500 ng/ml 5 -FU). Afterwards cell line pellets were formalin-fixed, paraffin embedded and subject to sequencing as well as testing for homologous recombination deficiency (HRD). Additionally, exemplary immunohistochemical stainings for p53 and gammaH2AX were applied for verification purposes. Finally, UKF-PEC-1^rCDDP²⁵⁰⁰, UKF-PEC-1^r5-FU⁵⁰⁰, UKF-PEC1^rCDDP²⁵⁰⁰/^r5-FU⁵⁰⁰, and UKF-PEC-3 (an alternative penis cancer cell line) were tested for sensitivity to paclitaxel, docetaxel, olaparib, and rucaparib. RESULTS AND CONCLUSIONS: The chemo-resistant sublines differed in their mutational landscapes. UKF-PEC-1^rCDDP²⁵⁰⁰ was characterized by an increased HRD score, which is supposed to be associated with increased PARP inhibitor and immune checkpoint inhibitor sensitivity in cancer. However, UKF-PEC-1^rCDDP²⁵⁰⁰ did not display sensitivity to PARP inhibitors.",not_reported,https://doi.org/10.1186/s12885-022-10432-7,https://doi.org/10.1186/s12885-022-10432-7,Excluded,wrong outcome,HRD/cisplatino in vitro; sin TIME,Excluded,wrong population,Cisplatin-resistant penile cancer cell lines; not patients.,agreement,consensus_excluded,Excluded,not_required_after_initial_screening,Pending,wrong outcome,not_applicable
REC-HPVPSCC-000142,An Analysis of Nectin-4 (PVRL4) in Penile Squamous Cell Carcinoma.,2023,Eur Urol Open Sci,"Grass, G Daniel; Chahoud, Jad; Lopez, Alex; Dhillon, Jasreman; Eschrich, Steven A; Johnstone, Peter A S; Spiess, Philippe E",10.1016/j.euros.2022.12.008,"UNLABELLED: Penile squamous cell carcinoma (PSCC) remains a worldwide healthcare concern with poor outcomes and inadequate therapeutic options. Molecular characterization continues to describe the intricacies of PSCC biology, which vary by human papillomavirus (HPV) infection. Despite these advancements in our understanding, utilization of targeted therapies remains limited and underexplored. In this study, we evaluated the transcript and protein expression of Nectin-4 (PVRL4) in PSCC tumors and evaluated whether this is related to tumor features or clinical outcomes. Using two separate PSCC cohorts, we demonstrate that the majority of tumors have active transcription of Nectin-4. We then validated our findings using immunohistochemistry in a tissue microarray representing 57 patients with PSCC. We identified that Nectin-4 was expressed at higher levels in patients with high-risk HPV infection. No significant differences were identified in tumor characteristics or various clinical endpoints when comparing tumors with high and low Nectin-4 expression. This study demonstrates that Nectin-4 is expressed in PSCC and may represent a novel therapeutic target. PATIENT SUMMARY: In this study, we evaluated the expression of Nectin-4, a cell surface protein, in tumors from patients with nonmetastatic penile squamous cell carcinoma (PSCC). To our knowledge, this is the first study to describe elevated expression of Nectin-4 in PSCC, which may suggest its utility as a therapeutic target.",not_reported,https://doi.org/10.1016/j.euros.2022.12.008,https://doi.org/10.1016/j.euros.2022.12.008,Excluded,wrong outcome,molecular/clínico sin TIME/IT,Excluded,wrong outcome,Nectin-4 (PVRL4) as a therapeutic target in pSCC; non-immune marker despite the association with hrHPV.,agreement,consensus_excluded,Excluded,not_required_after_initial_screening,Pending,wrong outcome,not_applicable
REC-HPVPSCC-000143,Combination of Durvalumab and Chemotherapy to Potentially Convert Unresectable Stage IV Penile Squamous Cell Carcinoma to Resectable Disease: A Case Report.,2022,Curr Oncol,"Chen, Hao Xiang; Lin, Ching-Chan; Lin, Che-Hung; Yang, Chi-Rei",10.3390/curroncol30010026,"Penile squamous cell carcinoma is a rare disease entity with poor overall survival in an advanced stage. Few studies have investigated the role of immunotherapy in advanced penile squamous cell carcinoma. Herein, we report a case of stage IV unresectable penile squamous cell carcinoma presenting with anal bleeding and urethra obstruction who responded dramatically to combination therapy of durvalumab and cisplatin-based chemotherapy. The patient had HPV-positive penile squamous cell carcinoma, cT3N3M0, with concomitant anus squamous cell carcinoma. After 2 months of the combination treatment, almost all bulky inguinal lymph nodes shrank, and the main tumor of the anus and penis responded completely. A durable response was seen 16 months after initiating the combination therapy. This case report highlights the potential role of the combination of immunotherapy and chemotherapy in patients with advanced penile cancer. The promising results of this combination resulted in the conversion of unresectable disease to a potentially curable disease.",not_reported,https://doi.org/10.3390/curroncol30010026,https://doi.org/10.3390/curroncol30010026,Included,not_applicable,pending,Included,not_applicable,Case of stage IV HPV-positive pSCC responding to durvalumab plus chemotherapy.,agreement,consensus_included,Included,retrieved,Included,not_applicable,screening/full_text/REC-HPVPSCC-000143.pdf
REC-HPVPSCC-000144,Global research trends in penile cancer: Bibliometric and visualized analysis.,2022,Front Oncol,"Deng, Sheng; Xuan, Zhihua; Feng, Junlong; Li, Haisong; Wang, Bin; Yang, Zhen; Xuan, Lihua; Meng, Fanchao; Wang, Lu; Xiao, Yangchun; Wang, Jisheng",10.3389/fonc.2022.1091816,"BACKGROUND: Penile cancer is a malignant tumor of the genitourinary system that mostly occurs in middle-aged and elderly men aged 50-70 years, which can seriously affect physical, psychological, and sexual health. Hundreds of original articles and reviews on penile cancer are published each year. However, a bibliometric analysis of these publications has not been performed. OBJECTIVE: This study aimed to systematically analyze and visualize penile cancer-related publications through bibliometrics and reveal identified topics, hotspots, and knowledge gaps in related fields. METHODS: Based on the Web of Science core collection database, we first analyzed the quantity and quality of publications in the field of penile cancer. Second, we profiled the publishing groups in terms of country, institution, author's publication, and cooperation network. Then, we systematized and summarized the hot topics of research. RESULTS: This bibliometric analysis was conducted from 2001 to 2022. The analysis identified 1,687 articles and reviews, which were published in 432 journals. The number of publications and citations on penile cancer-related research has steadily increased over the last two decades. Furthermore, academic institutions in Europe and the United States play a leading role in penile cancer research. The country, institution, journal, and author with the most publications were the United States (507), H Lee Moffitt Cancer Research Center (96), Journal of Urology (83), and Spiess P (87), respectively. The most frequently used keywords were penile cancer (743), squamous-cell carcinoma (717), cancer (380), carcinoma (232), lymphadenectomy (229). 16 keyword clustering information was obtained, including #0 male circumcision, #1 lichen sclerosus, #2 chemotherapy, #3 penile neoplasms, #4 targeted therapy, #5 resection margin, #6 cervical cancer, #7 lymph node dissection, #8 prognostic factor, #9 prostate cancer, #10 inguinal lymph node dissection, #11 human papillomavirus DNA, #12 gene, #13 penile intraepithelial neoplasia, #14 male sexual function, and #15 penile cancer. CONCLUSION: More and more scholars are devoted to the research on penile cancer. This bibliometric analysis revealed that the main research topics and hotspots in penile cancer included risk factors and surgical treatment plans.",not_reported,https://doi.org/10.3389/fonc.2022.1091816,https://doi.org/10.3389/fonc.2022.1091816,Excluded,wrong outcome,PeIN/BLT sin TIME,Excluded,wrong study design,Bibliometric analysis of scientific output on penile cancer; provides no clinical or immune data.,agreement,consensus_excluded,Excluded,not_required_after_initial_screening,Pending,wrong outcome,not_applicable
REC-HPVPSCC-000145,Treatment of Severe Atopic Dermatitis with Dupilumab in Patients with Advanced Cancer.,2023,J Clin Med,"Tanczosova, Milena; Hugo, Jan; Gkalpakiotis, Spyridon",10.3390/jcm12031191,"Atopic dermatitis is a chronic inflammatory intensively pruritic skin disease. Patients with moderate-to-severe atopic dermatitis or with difficult-to-treat areas are candidates for systemic therapy, especially when topical therapy is inadequate. Currently, we have available not only conventional immunosuppressive systemic therapy, but also targeted biological therapy, which has shown a remarkable reduction in clinical severity with a good safety profile. Dupilumab has been approved to treat moderate-to-severe atopic dermatitis. Even though the therapy has been available for more than 3 years, there are still limited data regarding the treatment of patients with concomitant cancer. Previous immunosuppressive treatment for atopic dermatitis, such as cyclosporine or azathioprine, poses a safety risk for patients with malignant disease. We present a case series of three patients with advanced cancer and severe atopic dermatitis treated with dupilumab for an average of 17 months with a great response toward atopic dermatitis without cancer recurrence. One patient had colorectal cancer' the second and the third both had cancer duplicity-colorectal and kidney cancer and penile squamous cell carcinoma with prostate cancer. Our cases suggest that dupilumab can safely control atopic dermatitis in patients with advanced cancer.",not_reported,https://doi.org/10.3390/jcm12031191,https://doi.org/10.3390/jcm12031191,Excluded,wrong outcome,pSCC sin TIME/HPV/IT,Excluded,wrong population,Dupilumab for atopic dermatitis in oncology patients; not pSCC.,agreement,consensus_excluded,Excluded,not_required_after_initial_screening,Pending,wrong outcome,not_applicable
REC-HPVPSCC-000146,Prognostic significance and immune correlates of FADD in penile squamous cell carcinoma.,2023,Virchows Arch,"Xue, Ting; Yan, Ru; Li, Zaishang; Guo, Shengjie; Xiao, Xiao; Jin, Jietian; Jiang, Lijuan; Ma, Huali; Wu, Chong; Liu, Tingyu; Wei, Lichao; Xiong, Longbin; Zhou, Fangjian; Yao, Kai; Liu, Ranyi; Han, Hui",10.1007/s00428-023-03514-9,"Penile squamous cell carcinoma (PSCC) with a poor prognosis lacks reliable biomarkers for stratifying patients. Fas-associated death domain (FADD) could regulate cell proliferation and has shown promising diagnostic and prognostic significance in multiple cancers. However, researchers have not determined how FADD exerts its effect on PSCC. In this study, we set out to investigate the clinical features of FADD and the prognostic impact of PSCC. Additionally, we also assessed the role of affecting the immune environment in PSCC. Immunohistochemistry was carried out to evaluate the protein expression of FADD. The difference between FADD^high and FADD^low was explored by RNA sequencing from available cases. The immune environment evaluation of CD4, CD8, and Foxp3 was performed by immunohistochemical. In this study, we found that FADD was overexpressed in 19.6 (39/199) patients, and the overexpression of FADD was associated with phimosis (p=0.007), N stage (p<0.001), clinical stage (p=0.001), and histologic grade (p=0.005). The overexpression of FADD was an independent prognostic factor for both PFS (HR 3.976, 95% CI 2.413-6.553, p<0.001) and OS (HR 4.134, 95% CI 2.358-7.247, p<0.001). In addition, overexpression of FADD was mainly linked to T cell activation and PD-L1 expression combined with PD-L1 checkpoint in cancer. Further validation demonstrated that overexpression of FADD was positively correlated with the infiltration of Foxp3 in PSCC (p=0.0142). It is the first time to show that overexpression of FADD is an adjunct biomarker with poor prognosis in PSCC and could also serve as a tumor immune environment regulator.",not_reported,https://doi.org/10.1007/s00428-023-03514-9,https://doi.org/10.1007/s00428-023-03514-9,Included,not_applicable,pending,Included,not_applicable,"FADD in 199 pSCC with immune correlates (CD4, CD8, Foxp3) and prognosis.",agreement,consensus_included,Included,unavailable,Pending,not_applicable,not_applicable
REC-HPVPSCC-000147,"Venous thrombosis, multiple carcinomatous foci and differences in metastatic pathways of penile carcinoma.",2023,Oncol Lett,"Yi, Xianlin; Lu, Haoyuan; Li, Wenhui; Tang, Yong",10.3892/ol.2023.13674,"The aim of the present study was to explore the life-threatening complications and metastatic pathways of penile squamous cell carcinoma (SCC), as numerous patients with penile cancer are relatively young, are of good general health and have no visceral metastasis, yet have poor survival rates. A total of 94 patients with SCC of the penis who were surgically treated were included in the current study. The coagulation parameters, including prothrombin time (PT), fibrinogen and D-dimer, were analyzed. The patients' age ranged from 25 to 95 years (mean ± standard deviation, 53.3±1.4 years). A total of 77 patients (81.9%) underwent partial penectomy and 17 (18.1%) underwent radical penectomy. The PT was significantly different between patients whose tumour invaded the corpora cavenosum and those whose tumour had not invaded, and between patients with and without pelvic lymph node metastasis. A negative correlation was obtained between PT and pelvic lymph node metastasis. In addition, six typical SCC cases and one metastatic penile carcinoma case manifested with multiple carcinomatous foci, embolisms and evidence of a metastatic pathway occurring simultaneously with tumour progression were presented. The present study indicated that venous thrombosis is one of the life-threatening complications of advanced penile cancer. Furthermore, multiple carcinomatous foci were detected in histological images. Of note, direct clinical evidence for different metastatic pathways of primary and secondary penile carcinoma was provided.",not_reported,https://doi.org/10.3892/ol.2023.13674,https://doi.org/10.3892/ol.2023.13674,Excluded,wrong outcome,clínico/quirúrgico/caso sin TIME/IT,Excluded,wrong outcome,"Venous thrombosis and metastatic pathways in penile carcinoma; coagulation parameters, not immune.",agreement,consensus_excluded,Excluded,not_required_after_initial_screening,Pending,wrong outcome,not_applicable
REC-HPVPSCC-000148,Detection of Equine Papillomaviruses and Gamma-Herpesviruses in Equine Squamous Cell Carcinoma.,2023,Pathogens,"Miglinci, Lea; Reicher, Paul; Nell, Barbara; Koch, Michelle; Jindra, Christoph; Brandt, Sabine",10.3390/pathogens12020179,"Squamous cell carcinoma (SCC) seriously compromises the health and welfare of affected horses. Although robust evidence points to equine papillomavirus type 2 (EcPV2) causing genital lesions, the etiopathogenesis of equine SCC is still poorly understood. We screened a series of SCCs from the head-and-neck (HN), (peri-)ocular and genital region, and site-matched controls for the presence of EcPV2-5 and herpesvirus DNA using type-specific EcPV PCR, and consensus nested herpesvirus PCR followed by sequencing. EcPV2 DNA was detected in 45.5% of HN lesions, 8.3% of (peri-)ocular SCCs, and 100% of genital tumors, whilst control samples from tumor-free horses except one tested EcPV-negative. Two HNSCCs harbored EcPV5, and an ocular lesion EcPV4 DNA. Herpesvirus DNA was detected in 63.6%, 66.6%, 47.2%, and 14.2% of horses with HN, ocular, penile, and vulvar SCCs, respectively, and mainly identified as equine herpesvirus 2 (EHV2), 5 (EHV5) or asinine herpesvirus 5 (AsHV5) DNA. In the tumor-free control group, 9.6% of oral secretions, 46.6% of ocular swabs, 47% of penile samples, and 14.2% of vaginal swabs scored positive for these herpesvirus types. This work further highlights the role of EcPV2 as an oncovirus and is the first to provide information on the prevalence of (gamma-)herpesviruses in equine SCCs.",not_reported,https://doi.org/10.3390/pathogens12020179,https://doi.org/10.3390/pathogens12020179,Excluded,wrong population,especie no humana,Excluded,wrong population,Papillomaviruses and herpesviruses in EQUINE SCC. Non-human species.,agreement,consensus_excluded,Excluded,not_required_after_initial_screening,Pending,wrong population,not_applicable
REC-HPVPSCC-000149,Highlights into historical and current immune interventions for cancer.,2023,Int Immunopharmacol,"Cole, Kathryn; Al-Kadhimi, Zaid; Talmadge, James E",10.1016/j.intimp.2023.109882,"Immunotherapy is an additional pillar when combined with traditional standards of care such as chemotherapy, radiotherapy, and surgery for cancer patients. It has revolutionized cancer treatment and rejuvenated the field of tumor immunology. Several types of immunotherapies, including adoptive cellular therapy (ACT) and checkpoint inhibitors (CPIs), can induce durable clinical responses. However, their efficacies vary, and only subsets of cancer patients benefit from their use. In this review, we address three goals: to provide insight into the history of these approaches, broaden our understanding of immune interventions, and discuss current and future approaches. We highlight how cancer immunotherapy has evolved and discuss how personalization of immune intervention may address present limitations. Cancer immunotherapy is considered a recent medical achievement and in 2013 was selected as the ""Breakthrough of the Year"" by Science. While the breadth of immunotherapeutics has been rapidly expanding, to include the use of chimeric antigen receptor (CAR) T-cell therapy and immune checkpoint inhibitor (ICI) therapy, immunotherapy dates back over 3000 years. The expansive history of immunotherapy, and related observations, have resulted in several approved immune therapeutics beyond the recent emphasis on CAR-T and ICI therapies. In addition to other classical forms of immune intervention, including human papillomavirus (HPV), hepatitis B, and the Mycobacterium bovis Bacillus Calmette-Guérin (BCG) tuberculosis vaccines, immunotherapies have had a broad and durable impact on cancer therapy and prevention. One classic example of immunotherapy was identified in 1976 with the use of intravesical administration of BCG in patients with bladder cancer; resulting in a 70 % eradication rate and is now standard of care. However, a greater impact from the use of immunotherapy is documented by the prevention of HPV infections that are responsible for 98 % of cervical cancer cases. In 2020, the World Health Organization (WHO) estimated that 341,831 women died from cervical cancer [1]. However, administration of a single dose of a bivalent HPV vaccine was shown to be 97.5 % effective in preventing HPV infections. These vaccines not only prevent cervical squamous cell carcinoma and adenocarcinoma, but also oropharyngeal, anal, vulvar, vaginal, and penile squamous cell carcinomas. The breadth, response and durability of these vaccines can be contrasted with CAR-T-cell therapies, which have significant barriers to their widespread use including logistics, manufacturing limitations, toxicity concerns, financial burden and lasting remissions observed in only 30 to 40 % of responding patients. Another, recent immunotherapy focus are ICIs. ICIs are a class of antibodies that can increase the immune responses against cancer cells in patients. However, ICIs are only effective against tumors with a high mutational burden and are associated with a broad spectrum of toxicities requiring interruption of administration and/or administration corticosteroids; both of which limit immune therapy. In summary, immune therapeutics have a broad impact worldwide, utilizing numerous mechanisms of action and when considered in their totality are more effective against a broader range of tumors than initially considered. These new cancer interventions have tremendous potential notability when multiple mechanisms of immune intervention are combined as well as with standard of care modalities.",not_reported,https://doi.org/10.1016/j.intimp.2023.109882,https://doi.org/10.1016/j.intimp.2023.109882,Included,not_applicable,revisión/contexto,Excluded,wrong population,General review of the history of immune interventions in cancer; not specific to pSCC.,conflict,consensus_excluded,Excluded,not_required_after_initial_screening,Pending,wrong population,not_applicable
REC-HPVPSCC-000150,Lichen sclerosus: The 2023 update.,2023,Front Med (Lausanne),"De Luca, David A; Papara, Cristian; Vorobyev, Artem; Staiger, Hernán; Bieber, Katja; Thaçi, Diamant; Ludwig, Ralf J",10.3389/fmed.2023.1106318,"Lichen sclerosus (LS) is an underdiagnosed inflammatory mucocutaneous condition affecting the anogenital areas. Postmenopausal women are predominantly affected and, to a lesser extent, men, prepubertal children, and adolescents. The etiology of LS is still unknown. Hormonal status, frequent trauma and autoimmune diseases are well-known associations for LS, yet infections do not seem to be clear risk factors. LS pathogenesis involves factors such as a genetic predisposition and an immune-mediated Th1-specific IFNγ-induced phenotype. Furthermore, there is a distinct expression of tissue remodeling associated genes as well as microRNAs. Oxidative stress with lipid and DNA peroxidation provides an enabling microenvironment to autoimmunity and carcinogenesis. Circulating IgG autoantibodies against the extracellular matrix protein 1 and hemidesmosome may contribute to the progression of LS or simply represent an epiphenomenon. The typical clinical picture includes chronic whitish atrophic patches along with itching and soreness in the vulvar, perianal and penile regions. In addition to genital scarring, and sexual and urinary dysfunction, LS may also lead to squamous cell carcinoma. Disseminated extragenital LS and oral LS are also reported. The diagnosis is usually clinical; however, a skin biopsy should be performed in case of an unclear clinical picture, treatment failure or suspicion of a neoplasm. The gold-standard therapy is the long-term application of ultrapotent or potent topical corticosteroids and, alternatively, topical calcineurin inhibitors such as pimecrolimus or tacrolimus. Collectively, LS is a common dermatological disease with a so far incompletely understood pathogenesis and only limited treatment options. To foster translational research in LS, we provide here an update on its clinical features, pathogenesis, diagnosis and (emerging) treatment options.",not_reported,https://doi.org/10.3389/fmed.2023.1106318,https://doi.org/10.3389/fmed.2023.1106318,Excluded,wrong outcome,pase: liquen escleroso; no TIME pSCC,Excluded,wrong population,Update on lichen sclerosus (inflammatory/precursor condition); not invasive pSCC.,agreement,consensus_excluded,Excluded,not_required_after_initial_screening,Pending,wrong outcome,not_applicable
REC-HPVPSCC-000151,"Surgery, radiotherapy, chemotherapy, targeted therapy, and immunotherapy of rectal adenocarcinoma with penile metastasis: a case report.",2023,J Gastrointest Oncol,"Wang, Zhanyu; Shan, Jiahui; Zhou, Xinjie; Wang, Jianwei; Yu, Guangyang; Dong, Wei; Huai, Fei; Sun, Qi; Lu, Guoliang; Ma, Zhenzhen; Liu, Hechen",10.21037/jgo-23-84,"BACKGROUND: Despite the rich proximity and vascularization to the pelvic organs, metastatic lesions to the penis are incredibly uncommon. Most primary tumors are genitourinary cancers, and rectal origins are rare. Only 56 cases of metastatic penile tumors have been reported since 1870. Several palliative or curative methods, such as chemotherapy, total penectomy, and radiotherapy, have been applied to treat this condition in previous cases; however, the patient prognosis is poor. Immunotherapy is a beneficial treatment approach for multiple cancers, and recent investigations have shown that it may be beneficial for patients with advanced penile cancer. CASE DESCRIPTION: Herein, we report the case of a 59-year-old Chinese man who had metastatic adenocarcinoma in the penile tissue 3 years after rectal cancer resection. The patient presented with penile pain and dysuria for 6 months when he was 54 years old, and Immunohistochemical staining showed that the origin was the rectum after total penectomy. The patient received surgery, chemotherapy, radiotherapy, targeted therapy and immunotherapy positively and still survived for a further 4 years and 6 months following penectomy despite the late metastasis of rectal cancer. There are two major changes and progress after penectomy, all of which have undergone surgical treatment during continuous treatment and follow-up, the patient completed right inguinal lymphadenectomy when his right regional nodes metastasis was found 23 months after penectomy. While the patient suffered from radiation injury after 47 months after penectomy, which led to radiation necrosis and hip soft tissue infection, and the patient tended to lay prone instead of lying on the back because of the hip pain. The patient ultimately died of multiple organ failure. CONCLUSIONS: All of the previously reported cases of penile metastasis from rectal cancer since 1870 have been reviewed. Yet, the metastatic prognosis remains poor regardless of the treatment options, except for lesions where metastasis is only limited to the penis. We found that the patient may derive more benefit from strategic therapies including surgery, radiotherapy, chemotherapy, targeted therapy, and immunotherapy.",not_reported,https://doi.org/10.21037/jgo-23-84,https://doi.org/10.21037/jgo-23-84,Excluded,wrong population,pase: adenocarcinoma rectal; no pSCC,Excluded,wrong population,Rectal adenocarcinoma with penile metastasis; not primary penile squamous cell carcinoma.,agreement,consensus_excluded,Excluded,not_required_after_initial_screening,Pending,wrong population,not_applicable
REC-HPVPSCC-000152,Therapeutic Approaches to Penile Cancer: Standards of Care and Recent Developments.,2023,Res Rep Urol,"White, Joshua; Mason, Ross; Lawen, Tarek; Spooner, Jesse; Faria, Kauy V M; Rahman, Farah; Ramasamy, Ranjith",10.2147/rru.s387228,"Penile cancer is a rare malignancy, most commonly diagnosed in older men, associated with poor outcomes, dramatic decline in quality of life and sexual function. Squamous cell carcinoma is the most common histopathology of penile cancer, accounting for 95% of all cases. Localized, early-stage penile cancer can be effectively managed through penile-sparing techniques in many cases, though advanced stages of penile cancer carry a poor prognosis. Current innovative treatments are exploring the role of targeted therapy, HPV-directed therapy, immune checkpoint inhibitors and adoptive T-cell therapies in treatment and prevention of relapse of penile cancer. Clinical trials are investigating the potential of targeted therapies and immune checkpoint inhibitors in advanced penile cancer. This review examines the current management of penile cancer and highlights future directions in research and treatment.",not_reported,https://doi.org/10.2147/rru.s387228,https://doi.org/10.2147/rru.s387228,Included,not_applicable,revisión/contexto,Included,not_applicable,"Review of therapeutic approaches in penile cancer: ICIs, HPV-directed therapy and adoptive T-cell therapies.",agreement,consensus_included,Included,retrieved,Included,not_applicable,screening/full_text/REC-HPVPSCC-000152.pdf
REC-HPVPSCC-000153,"Immune cell infiltration, tumour budding, and the p53 expression pattern are important predictors in penile squamous cell carcinoma: a retrospective study of 152 cases.",2023,Pathology,"Hrudka, Jan; Prouzová, Zuzana; Kendall Bártů, Michaela; Hojný, Jan; Čapka, David; Zavillová, Nicolette; Matěj, Radoslav; Waldauf, Petr",10.1016/j.pathol.2023.03.010,"Penile squamous cell carcinoma (pSCC) is a rare malignancy with a slowly increasing incidence and variable prognosis. Regional lymph node involvement signifies poor prognosis but represents a late sign, and more prognostic markers for effective patient risk stratification are urgently needed. In this retrospective study, 152 tumour samples with formalin-fixed, paraffin-embedded tissue were analysed for traditional pathological variables, tumour budding, p53, p16, and mismatch repair proteins (MMR) immunohistochemistry. The density of tumour lymphocytic infiltrate was also determined, using subjective evaluation by two pathologists (brisk/non-brisk/absent) and also using the immunoscore method, which categorised the cohort into five immunoscore groups according to the number of CD3+ and CD8+ T-cells in both the tumour centre and tumour invasion front. Only one case (0.6%) was MMR-deficient. Tumour budding count ≥5 tumour buds/20× power field and non-brisk/absent lymphocytic infiltrate were significant negative predictors of both the overall survival (OS) and cancer-specific survival (CSS), whereas a low immunoscore was a significant marker of shorter OS but not CSS. Advanced pT stage (3+4) was a significant marker of shorter CSS but not OS. In the multivariate analysis, high-grade budding was a significant parameter if adjusted for the patient's age and associated variables, except for the pN stage. The lymphocytic infiltrate retained its prognostic significance if adjusted for age and associated variables. The negative prognostic significance of the previously described parameters (lymphatic, venous, and perineural invasion, regional lymph node metastasis, and p53 mutated profile) were confirmed in our study. Grade, histological subtype, and HPV status (as determined by p16 immunohistochemistry) showed, surprisingly, little or no prognostic significance.",not_reported,https://doi.org/10.1016/j.pathol.2023.03.010,https://doi.org/10.1016/j.pathol.2023.03.010,Included,not_applicable,pending,Included,not_applicable,"152 pSCC: lymphocytic infiltrate density and CD3/CD8 immunoscore, with p16 and survival.",agreement,consensus_included,Included,retrieved,Included,not_applicable,screening/full_text/REC-HPVPSCC-000153.pdf
REC-HPVPSCC-000154,Programmed death‑ligand 1 expression in tumor cells and tumor‑infiltrating lymphocytes are associated with depth of tumor invasion in penile cancer.,2023,Biomed Rep,"Sangkhamanon, Sakkarn; Kotano, Natcha; Sirithanaphol, Wichien; Rompsaithong, Ukrit; Kiatsopit, Pakorn; Sookprasert, Aumkhae; Wirasorn, Kosin; Twinprai, Prin; Watcharenwong, Piyakarn; Chindaprasirt, Jarin",10.3892/br.2023.1627,"The present study aimed to demonstrate the proportion of the programmed death-ligand 1 (PD-L1) expression in penile cancer patients and the association with clinicopathological parameters. Formalin-fixed paraffin-embedded specimens were obtained from 43 patients with primary penile squamous cell carcinoma treated at Srinagarind Hospital, Faculty of Medicine, Khon Kaen University, between 2008 and 2018. PD-L1 expression was evaluated by the immunohistochemistry using an SP263 monoclonal antibody. PD-L1 positivity was defined as >25% tumor cell staining or >25% tumor-associated immune cell staining. The correlation between PD-L1 expression and clinicopathological parameters was analyzed. A total of eight of 43 patients (18.6%) were identified as positive for PD-L1 expression in tumor cells and tumor-infiltrating lymphocytes. In the PD-L1 positive group, there was a significant association with pathological T stage (P=0.014) with a higher percentage of PD-L1 positive tumors in T1 stage compared with T2-T4 stage. In this cohort, there was a trend towards longer survival in patients with positive PD-L1 expression (5-year OS: 75% vs. 61.2%, P=0.19). Lymph node involvement and the location of tumor at the shaft of penis were two independent prognostic factors for survival. In conclusion, the PD-L1 expression was detected in 18% of penile cancer patients and high expression of PD-L1 was associated with the early T stage.",not_reported,https://doi.org/10.3892/br.2023.1627,https://doi.org/10.3892/br.2023.1627,Included,not_applicable,pending,Included,not_applicable,"PD-L1 in tumour cells and tumour-infiltrating lymphocytes in 43 pSCC, associated with depth of invasion.",agreement,consensus_included,Included,retrieved,Included,not_applicable,screening/full_text/REC-HPVPSCC-000154.pdf
REC-HPVPSCC-000155,Atezolizumab With or Without Radiotherapy for Advanced Squamous Cell Carcinoma of the Penis (The PERICLES Study): A Phase II Trial.,2023,J Clin Oncol,"de Vries, Hielke M; Rafael, Tynisha S; Gil-Jimenez, Alberto; de Feijter, Jeantine M; Bekers, Elise; van der Laan, Elsbeth; Lopez-Yurda, Marta; Hooijberg, Erik; Broeks, Annegien; Peters, Dennis; Seignette, Iris M; Pos, Floris J; Horenblas, Simon; van Rhijn, Bas W G; Jordanova, Ekaterina S; Brouwer, Oscar R; Schaake, Eva; van der Heijden, Michiel S",10.1200/jco.22.02894,"PURPOSE: Patients with advanced penile squamous cell carcinoma have a poor prognosis (21% 2-year overall survival [OS] from diagnosis). We assessed the activity of atezolizumab (anti-PD-L1) in patients with advanced penile cancer, with or without radiotherapy (RT). PATIENTS AND METHODS: A single-center, nonrandomized phase II study with two treatment arms was conducted in 32 patients with histologically confirmed advanced penile cancer. All patients received atezolizumab (1,200 mg) once every 3 weeks. Twenty patients, who were expected to benefit from RT for locoregional disease control, received additional irradiation. The primary end point was 1-year progression-free survival (PFS) for the complete cohort and was reached if the actual 1-year PFS was at least 35%. Secondary end points included OS, objective response rate (ORR), and tolerability. Exploratory biomarker analyses were conducted in pretreatment specimens. RESULTS: Median follow-up was 29.1 months (IQR, 18.1-33.5). Grade 3-4 adverse events related to atezolizumab or RT were observed in 3/32 (9.4%) and 13/20 (65%) patients, respectively. One-year PFS was 12.5% (95% CI, 5.0 to 31.3), which did not meet the study's primary end point. Median OS was 11.3 months (95% CI, 5.5 to 18.7). In the objective response-evaluable population (n = 30; 93.8%), the ORR was 16.7% (95% CI, 6 to 35), including 2 (6.7%) complete responders and 3 (10%) partial responders. Improved PFS was observed in patients with high-risk human papillomavirus (hrHPV)-positive tumors (P = .003) and those with high infiltration of intratumoral CD3⁺CD8⁺ T cells (P = .037). CONCLUSION: Although the primary end point of 1-year PFS was not met, durable antitumor activity to atezolizumab was observed in a subset of patients. Biomarkers, such as hrHPV and intratumoral CD3⁺CD8⁺ T-cell infiltration, may help to better select responders.",not_reported,https://doi.org/10.1200/jco.22.02894,https://doi.org/10.1200/jco.22.02894,Included,not_applicable,pending,Included,not_applicable,"PERICLES phase II trial: atezolizumab with or without radiotherapy in advanced pSCC, with exploratory biomarkers.",agreement,consensus_included,Included,unavailable,Pending,not_applicable,not_applicable
REC-HPVPSCC-000156,An Assessment of the Penile Squamous Cell Carcinoma Surfaceome for Biomarker and Therapeutic Target Discovery.,2023,Cancers (Basel),"Grass, George Daniel; Ercan, Dalia; Obermayer, Alyssa N; Shaw, Timothy; Stewart, Paul A; Chahoud, Jad; Dhillon, Jasreman; Lopez, Alex; Johnstone, Peter A S; Rogatto, Silvia Regina; Spiess, Philippe E; Eschrich, Steven A",10.3390/cancers15143636,"Penile squamous cell carcinoma (PSCC) is a rare malignancy in most parts of the world and the underlying mechanisms of this disease have not been fully investigated. About 30-50% of cases are associated with high-risk human papillomavirus (HPV) infection, which may have prognostic value. When PSCC becomes resistant to upfront therapies there are limited options, thus further research is needed in this venue. The extracellular domain-facing protein profile on the cell surface (i.e., the surfaceome) is a key area for biomarker and drug target discovery. This research employs computational methods combined with cell line translatomic (n = 5) and RNA-seq transcriptomic data from patient-derived tumors (n = 18) to characterize the PSCC surfaceome, evaluate the composition dependency on HPV infection, and explore the prognostic impact of identified surfaceome candidates. Immunohistochemistry (IHC) was used to validate the localization of select surfaceome markers. This analysis characterized a diverse surfaceome within patient tumors with 25% and 18% of the surfaceome represented by the functional classes of receptors and transporters, respectively. Significant differences in protein classes were noted by HPV status, with the most change being seen in transporter proteins (25%). IHC confirmed the robust surface expression of select surfaceome targets in the top 85% of expression and a superfamily immunoglobulin protein called BSG/CD147 was prognostic of survival. This study provides the first description of the PSCC surfaceome and its relation to HPV infection and sets a foundation for novel biomarker and drug target discovery in this rare cancer.",not_reported,https://doi.org/10.3390/cancers15143636,https://doi.org/10.3390/cancers15143636,Excluded,wrong outcome,surfaceome/targets; sin eje TIME/IT,Excluded,wrong outcome,Characterisation of the pSCC surfaceome by HPV infection status; non-immune targets.,agreement,consensus_excluded,Excluded,not_required_after_initial_screening,Pending,wrong outcome,not_applicable
REC-HPVPSCC-000157,Safety and efficacy of immune checkpoint inhibitors in advanced penile cancer: report from the Global Society of Rare Genitourinary Tumors.,2023,J Natl Cancer Inst,"El Zarif, Talal; Nassar, Amin H; Pond, Gregory R; Zhuang, Tony Zibo; Master, Viraj; Nazha, Bassel; Niglio, Scot; Simon, Nicholas; Hahn, Andrew W; Pettaway, Curtis A; Tu, Shi-Ming; Abdel-Wahab, Noha; Velev, Maud; Flippot, Ronan; Buti, Sebastiano; Maruzzo, Marco; Mittra, Arjun; Gheeya, Jinesh; Yang, Yuanquan; Rodriguez, Pablo Alvarez; Castellano, Daniel; de Velasco, Guillermo; Roviello, Giandomenico; Antonuzzo, Lorenzo; McKay, Rana R; Vincenzi, Bruno; Cortellini, Alessio; Hui, Gavin; Drakaki, Alexandra; Glover, Michael; Khaki, Ali Raza; El-Am, Edward; Adra, Nabil; Mouhieddine, Tarek H; Patel, Vaibhav; Piedra, Aida; Gernone, Angela; Davis, Nancy B; Matthews, Harrison; Harrison, Michael R; Kanesvaran, Ravindran; Giudice, Giulia Claire; Barata, Pedro; Farolfi, Alberto; Lee, Jae Lyun; Milowsky, Matthew I; Stahlfeld, Charlotte; Appleman, Leonard; Kim, Joseph W; Freeman, Dory; Choueiri, Toni K; Spiess, Philippe E; Necchi, Andrea; Apolo, Andrea B; Sonpavde, Guru P",10.1093/jnci/djad155,"BACKGROUND: Treatment options for penile squamous cell carcinoma are limited. We sought to investigate clinical outcomes and safety profiles of patients with penile squamous cell carcinoma receiving immune checkpoint inhibitors. METHODS: This retrospective study included patients with locally advanced or metastatic penile squamous cell carcinoma receiving immune checkpoint inhibitors between 2015 and 2022 across 24 centers in the United States, Europe, and Asia. Overall survival and progression-free survival were estimated using the Kaplan-Meier method. Objective response rates were determined per Response Evaluation Criteria in Solid Tumours 1.1 criteria. Treatment-related adverse events were graded per the Common Terminology Criteria for Adverse Events, version 5.0. Two-sided statistical tests were used for comparisons. RESULTS: Among 92 patients, 8 (8.7%) were Asian, 6 (6.5%) were Black, and 24 (29%) were Hispanic and/or Latinx. Median (interquartile range) age was 62 (53-70) years. In all, 83 (90%) had metastatic penile squamous cell carcinoma, and 74 (80%) had received at least second-line treatment. Most patients received pembrolizumab monotherapy (n = 26 [28%]), combination nivolumab-ipilimumab with or without multitargeted tyrosine kinase inhibitors (n = 23 [25%]), or nivolumab (n = 16 [17%]) or cemiplimab (n = 15 [16%]) monotherapies. Median overall and progression-free survival were 9.8 months (95% confidence interval = 7.7 to 12.8 months) and 3.2 months (95% confidence interval = 2.5 to 4.2 months), respectively. The objective response rate was 13% (n = 11/85) in the overall cohort and 35% (n = 7/20) in patients with lymph node-only metastases. Visceral metastases, Eastern Cooperative Oncology Group (ECOG) performance status of 1 or higher, and a higher neutrophil/lymphocyte ratio were associated with worse overall survival. Treatment-related adverse events occurred in 27 (29%) patients, and 9.8% (n = 9) of the events were grade 3 or higher. CONCLUSIONS: Immune checkpoint inhibitors are active in a subset of patients with penile squamous cell carcinoma. Future translational studies are warranted to identify patients more likely to derive clinical benefit from immune checkpoint inhibitors.",not_reported,https://doi.org/10.1093/jnci/djad155,https://doi.org/10.1093/jnci/djad155,Included,not_applicable,pending,Included,not_applicable,International multicentre series (92 patients) of efficacy and safety of checkpoint inhibitors in advanced pSCC.,agreement,consensus_included,Included,retrieved,Included,not_applicable,screening/full_text/REC-HPVPSCC-000157.pdf
REC-HPVPSCC-000158,Comprehensive genomic profiling of penile squamous cell carcinoma and the impact of human papillomavirus status on immune-checkpoint inhibitor-related biomarkers.,2023,Cancer,"Nazha, Bassel; Zhuang, Tony; Wu, Sharon; Brown, Jacqueline T; Magee, Daniel; Carthon, Bradley C; Kucuk, Omer; Nabhan, Chadi; Barata, Pedro C; Heath, Elisabeth I; Ryan, Charles J; McKay, Rana R; Master, Viraj A; Bilen, Mehmet Asim",10.1002/cncr.34982,"BACKGROUND: Advanced penile squamous cell carcinoma (pSCC) is a rare and aggressive malignancy with limited success of immune-checkpoint inhibitors (ICIs). Approximately half of pSCC cases are associated with human papillomavirus (HPV) infection. METHODS: Evaluation was done retrospectively of the landscape of somatic alterations and ICI-related biomarkers in pSCC by using the Caris Life Sciences data set with the aim to establish signatures for HPV-dependent oncogenesis. The pSCC tumors were analyzed by using next-generation sequencing (NGS) of DNA and RNA. Programmed death ligand 1 (PD-L1) expression was evaluated by immunohistochemistry (IHC). Microsatellite instability (MSI) was tested by fragment analysis, IHC (SP142; ≥1%), and NGS. Tumor mutational burden (TMB)-high was defined as ≥10 mutations/Mb. HPV16/18 status was determined by using whole-exome sequencing (WES) when available. Significance was adjusted for multiple comparisons (q value < .05). RESULTS: NGS of the overall cohort (N = 108) revealed TP53 (46%), CDKN2A (26%), and PIK3CA (25%) to be the most common mutations. Overall, 51% of tumors were PD-L1+, 10.7% had high TMB, and 1.1% had mismatch repair-deficient (dMMR)/MSI-high status. Twenty-nine patients had their HPV status made available by WES (HPV16/18+, n = 13; HPV16/18-, n = 16). KMT2C mutations (33% vs. 0%) and FGF3 amplifications (30.8% vs. 0%) were specific to HPV16/18+ tumors, whereas CDKN2A mutations (0% vs. 37.5%) were exclusive to HPV16/18- tumors. TMB-high was exclusively found in the HPV16/18+ group (30.8%). The two groups had comparable PD-L1 and dMMR/MSI-H status. CONCLUSIONS: In a large and comprehensive NGS-based evaluation of somatic alterations in pSCC, HPV16/18+ versus HPV16/18- pSCCs were molecularly distinct tumors. Our finding that TMB-high is exclusive to HPV16/18+ tumors requires confirmation in larger data sets. PLAIN LANGUAGE SUMMARY: Penile squamous cell carcinoma (pSCC) is a rare and aggressive malignancy in the advanced setting, with poor prognosis and little success with immune-checkpoint inhibitors (ICIs) in an unselected patient approach. Human papillomavirus (HPV) infection is a known risk factor for pSCC; its impact on genomic tumor profiling is less defined. Using next-generation sequencing, we explored the genetic landscape and ICI-related biomarkers of pSCC and HPV-driven oncogenic molecular signatures. Our results indicate that HPV-positive and HPV-negative pSCCs are molecularly distinct tumors. Increased tumor mutational burden is associated with HPV-positive tumors, and could serve as a biomarker for predicting therapeutic response to ICI-based therapies. Our results support the growing literature indicating that HPV status in pSCC can be used to guide patient stratification in ICI-based clinical trials.",not_reported,https://doi.org/10.1002/cncr.34982,https://doi.org/10.1002/cncr.34982,Included,not_applicable,pending,Included,not_applicable,"Genomic profiling of 108 pSCC with the impact of HPV status on ICI response biomarkers (PD-L1, TMB, MSI).",agreement,consensus_included,Included,retrieved,Included,not_applicable,screening/full_text/REC-HPVPSCC-000158.pdf
REC-HPVPSCC-000159,Evaluation of programmed cell death ligand 1 expression in a contemporary cohort of penile squamous cell carcinoma and its correlation with clinicopathologic and survival parameters: A study of 134 patients.,2024,Am J Clin Pathol,"Lobo, Anandi; Mishra, Sourav K; Jha, Shilpy; Tiwari, Ankit; Kapoor, Rahul; Sharma, Shivani; Kaushal, Seema; Kiranmai, N Sri; Das, M Rakshitha; Peddinti, Kamal P; Sharma, Shailendra K; Bhardwaj, Nitin; Arora, Samriti; Jain, Deepika; Jain, Ekta; Munjal, Gauri; Shinde, Sayali; Malik, Vipra; Singh, Hena; Varshney, Juhi; Pradhan, Dinesh; Dixit, Mallika; Pattnaik, Niharika; Sharma, Ashish K; Barapatre, Yogesh R; Pradhan, Manas; Satapathy, Kaliprasad; Rath, Debadarshi; Jaiswal, Sunil; Das, Stithi; Khadenga, Chiraranjan; Routa, Sudhasmita; Baisakh, Manas R; Tiwari, Romila; Sampat, Nakul Y; Chakrabarti, Indranil; Parwani, Anil V; Mohanty, Sambit K",10.1093/ajcp/aqad107,"OBJECTIVES: Penile squamous cell carcinomas (PCs) are rare malignancies with a dismal prognosis in a metastatic setting; therefore, novel immunotherapeutic modalities are an unmet need. One such modality is the immune checkpoint molecule programmed cell death ligand 1 (PD-L1). We sought to analyze PD-L1 expression and its correlation with various clinicopathologic parameters in a contemporary cohort of 134 patients with PC. METHODS: A cohort of 134 patients with PC was studied for PD-L1 immunohistochemistry. The PD-L1 expression was evaluated using a combined proportion score with a cutoff of 1 or higher to define positivity. The results were correlated with various clinicopathologic parameters. RESULTS: Overall, 77 (57%) patients had positive PD-L1 expression. Significantly high PD-L1 expression was observed in high-grade tumors (P = .006). We found that 37% of human papillomavirus (HPV)-associated subtypes and 73% of other histotype tumors expressed PD-L1, while 63% of HPV-associated tumors and 27% of other histotype tumors did not (odds ratio, 1.35; P = .002 when compared for HPV-associated groups vs all others). Similarly, PD-L1-positive tumors had a 3.61-times higher chance of being node positive than PD-L1-negative tumors (P = .0009). In addition, PD-L1 high-positive tumors had a 5-times higher chance of being p16ink4a negative than PD-L1 low-positive tumors (P = .004). The PD-L1-positive tumors had a lower overall survival and cancer-specific survival than PD-L1-negative tumors. CONCLUSIONS: Overall, PD-L1 expression is associated with high-grade and metastatic tumors. Lower PD-L1 expression is observed more frequently in HPV-associated (warty or basaloid) subtypes than in other, predominantly HPV-independent types. As a result, PD-L1 positivity, including higher expression, portends lower overall and cancer-specific survival. These data provide a rational for further investigating PD-L1-based immunotherapeutics in PC.",not_reported,https://doi.org/10.1093/ajcp/aqad107,https://doi.org/10.1093/ajcp/aqad107,Included,not_applicable,pending,Included,not_applicable,"PD-L1 in 134 contemporary pSCC, comparing HPV-associated subtypes vs other histotypes, with survival.",agreement,consensus_included,Included,retrieved,Included,not_applicable,screening/full_text/REC-HPVPSCC-000159.pdf
REC-HPVPSCC-000160,Dyspnea Secondary to Mediastinal Mass: A Rare Presentation of Metastatic Penile Squamous Cell Carcinoma.,2023,J Investig Med High Impact Case Rep,"Niforatos, Stephanie; Sandhu, Michael; Siegenthaler, Alanna; Bordas, Jozsef; Loon, Taylor; Akhtar, Komal",10.1177/23247096231205348,"Penile squamous cell carcinoma is a rare diagnosis in the United States; however, the incidence is significantly higher in developing countries. This cancer is categorized into human papilloma virus (HPV)-associated and independent disease. In this article, we present a rare case of HPV-independent penile squamous cell carcinoma. Our patient was a 75-year-old Caucasian male who initially presented with a penile ulcer which was managed with partial penectomy and adjuvant chemotherapy. The patient was monitored on surveillance and did not pursue lymph node dissection. He was noted to have recurrence with metastatic disease 5 years after his initial presentation. Due to the aggressive nature of his disease, the patient was admitted to the hospital and treated with chemotherapy and immunotherapy.",not_reported,https://doi.org/10.1177/23247096231205348,https://doi.org/10.1177/23247096231205348,Excluded,wrong outcome,caso presentación metastásica; sin TIME,Maybe,not_applicable,"Case of metastatic HPV-independent pSCC treated with chemotherapy and immunotherapy; the focus is the atypical clinical presentation, minimal immune contribution.",conflict,consensus_excluded,Excluded,not_required_after_initial_screening,Pending,wrong outcome,not_applicable
REC-HPVPSCC-000161,A population-based analysis of the epidemiology of penile cancer in Newfoundland and Labrador.,2024,Can Urol Assoc J,"Janes, W C Ian; Johnston, Paul H",10.5489/cuaj.8451,"INTRODUCTION: Penile cancers are a rare subset of carcinomas accounting for <1% of all diagnosed malignancies. There have been recent reports of increasing incidence globally; however, there is limited Canadian literature pertaining to these neoplasms. The province of Newfoundland and Labrador (NL ) represents an important entity to study, possessing the highest national incidence of cancer, along with a plethora of relevant risk factors for penile cancer. METHODS: A retrospective chart analysis of all patients with a diagnosis of penile cancer in NL between the years of 2006 and 2018 was conducted. The main outcomes included overall incidence, proportion with metastatic disease, tumor demographics, and overall survival (OS ). Incidence among the male population was calculated using Statistics Canada annual reports. RESULTS: An identified 81 cases satisfied the inclusion criteria, with a median age at diagnosis of 65 (interquartile range 20) years. Crude incidence of penile cancer ranged from 1.20-4.27/100 000 males in 2007 and 2010, respectively, while the average age-standardized incidence was 2.34/100 000 males across the study timeframe. Metastatic disease was noted in 17 (21.0%) patients, with a five-year OS of 74% for all penile malignancies, decreasing to 66% in those with invasive squamous cell carcinoma. CONCLUSIONS: The incidence of penile cancer in our population was higher than reported Western jurisdictions and showed frequent rates of metastatic spread. These observations are likely multifactorial, resultant of chronic inflammation paired with high rates of modifiable risk factors and diagnostic delays. An evident need for greater examination and improved reporting of these malignancies in the province was identified.",not_reported,https://doi.org/10.5489/cuaj.8451,https://doi.org/10.5489/cuaj.8451,Excluded,wrong outcome,clínico/quirúrgico/caso sin TIME/IT,Excluded,wrong outcome,Population-based epidemiological analysis of incidence and survival; no TIME and no HPV status.,agreement,consensus_excluded,Excluded,not_required_after_initial_screening,Pending,wrong outcome,not_applicable
REC-HPVPSCC-000162,Prognostic Markers and Trials in Penile Cancer.,2023,Urol Res Pract,"Naushad, Naufal; Deb, Abdalla A; Agag, Ayman A; Serag, Hosam A; Sangar, Vijay K",10.5152/tud.2023.22225,"New tumor biomarkers open the potential for designing personalized therapy for penile squamous cell carcinoma. Despite the initial promising results of some biomarkers, controversy remains due to contradictory studies. Further robust research work is required before incorporating biomarkers in the personalized management of penile cancer. This narrative review aims to highlight some of the most commonly and recently investigated biomarkers of penile cancer and to summarize the ongoing registered clinical trials for the management of penile cancer patients.",not_reported,https://doi.org/10.5152/tud.2023.22225,https://doi.org/10.5152/tud.2023.22225,Excluded,wrong outcome,pSCC sin TIME/HPV/IT,Maybe,not_applicable,Brief narrative review of prognostic biomarkers and trials in penile cancer; the abstract does not allow determining whether immune markers are covered.,conflict,consensus_excluded,Excluded,not_required_after_initial_screening,Pending,wrong outcome,not_applicable
REC-HPVPSCC-000163,Penile melanoma: a pathological report of two cases.,2023,Diagn Pathol,"Pósfai, Boglárka; Szentkereszty, Márton; Sánta, Fanni; Bajory, Zoltán; Simon, Andrea; Kozéki, Zsófia; Csányi, Ildikó; Akgul, Mahmut; Kuthi, Levente",10.1186/s13000-023-01404-x,"BACKGROUND: Penile melanoma (PM) is a rare tumor, accounting for less than 2% of all penile cancers. PM can occur on the surface of the glans, foreskin, and opening of the urethra. Furthermore, PM primarily affects older individuals and is not associated with sun exposure. Currently, there is no specific staging system for genitourinary tract melanomas, so these tumors are typically staged using the criteria for cutaneous melanoma. Limited data in the literature suggests that PM generally has a poor clinical prognosis. CASE PRESENTATION: Here, we describe two cases of PM. The first case affected a 62-year-old male who presented with hematuria and a painful tumor in the distal urethra, leading to a suspicion of penile cancer. The second case involved a 68-year-old male who noticed a rapidly evolving dark spot on his foreskin. Histological analysis confirmed the presence of melanoma in both patients. The tumors showed a diffuse and strong PRAME-positivity and lacked BRAF mutation in both cases. Additionally, the second tumor harbored an activating CKIT mutation. An enhanced PD-L1 expression was observed in both tumors. CONCLUSIONS: We presented two rare forms of mucosal melanoma and highlighted the entities in the differential diagnosis. Based on our experience PRAME is a helpful marker for making the diagnosis of PM, and PD-L1 can predict the success of the immunotherapy. We also emphasize the need for an organ-specific staging system for PMs.",not_reported,https://doi.org/10.1186/s13000-023-01404-x,https://doi.org/10.1186/s13000-023-01404-x,Excluded,wrong population,melanoma peniano,Excluded,wrong population,"Penile melanoma (two cases); not squamous cell carcinoma, despite reporting PD-L1.",agreement,consensus_excluded,Excluded,not_required_after_initial_screening,Pending,wrong population,not_applicable
REC-HPVPSCC-000164,"Assessment of PD-L1, TROP2, and nectin-4 expression in penile squamous cell carcinoma.",2023,Hum Pathol,"Tekin, Burak; Cheville, John C; Herrera Hernandez, Loren; Negron, Vivian; Smith, Carin Y; Jenkins, Sarah M; Dasari, Surendra; Enninga, Elizabeth Ann L; Norgan, Andrew P; Menon, Santosh; Cubilla, Antonio L; Whaley, Rumeal D; Jimenez, Rafael E; Thompson, R Houston; Leibovich, Bradley C; Karnes, R Jeffrey; Boorjian, Stephen A; Pagliaro, Lance C; Erickson, Lori A; Guo, Ruifeng; Gupta, Sounak",10.1016/j.humpath.2023.10.003,"OBJECTIVES: There is an unmet need for therapeutically relevant biomarkers for advanced penile squamous cell carcinoma (pSCC). Proposed immunohistochemistry (IHC)-based biomarkers include programmed death-ligand 1 (PD-L1), trophoblast cell-surface antigen 2 (TROP2), and nectin-4; however, there is a paucity of data pertaining to these biomarkers. Herein, we investigated the expression of PD-L1, TROP2, and nectin-4 in a well-annotated cohort of pSCCs. METHODS: A single-institution pathology archive was queried for patients who had a partial or total penectomy for pSCC between January 2000 and December 2022. Whole-slide sections were stained with antibodies against PD-L1 (22C3), TROP2, and nectin-4. Expression in tumor cells was quantified using H-scores (0-300). Associations between IHC expression, human papilloma virus (HPV) status, clinicopathologic findings, and outcome parameters were evaluated. RESULTS: This study included 121 patients. For PD-L1, the median combined positive and H-scores were 1 and 0, respectively; 32.7 % of the cases had an H-score>0. Compared to PD-L1-negative tumors, PD-L1-positive tumors had higher pT stage and grade. The median TROP2 and nectin-4 H-scores were 230 and 140, respectively, with high TROP2 and nectin-4, defined by an H-score>200, noted in 80.7 % and 10.9 % of cases, respectively. High-risk HPV-positive cases had higher TROP2 and nectin-4 scores compared to HPV-negative cases. Patients with high TROP2 expression had significantly more disease progression, and patients with high nectin-4 expression had significantly fewer deaths due to disease. CONCLUSIONS: High expression of TROP2 and nectin-4 in pSCC support evaluation of these markers as therapeutic targets pending validation of our findings.",not_reported,https://doi.org/10.1016/j.humpath.2023.10.003,https://doi.org/10.1016/j.humpath.2023.10.003,Included,not_applicable,pending,Included,not_applicable,"PD-L1, TROP2 and nectin-4 in 121 pSCC with association to HPV status and outcomes.",agreement,consensus_included,Included,unavailable,Pending,not_applicable,not_applicable
REC-HPVPSCC-000165,Metastatic Penile Squamous Cell Carcinoma Responsive to Enfortumab Vedotin.,2023,Int J Mol Sci,"Fahey, Catherine C; Nebhan, Caroline A; York, Sally; Davis, Nancy B; Hurley, Paula J; Gordetsky, Jennifer B; Schaffer, Kerry R",10.3390/ijms242216109,"Penile squamous cell carcinoma is a rare disease with very limited data to guide treatment decisions. In particular, there is minimal evidence for effective therapies in the metastatic setting. Here, we present a case of metastatic penile squamous cell carcinoma with response to the Nectin-4 inhibitor enfortumab-vedotin-ejfv (EV). EV was selected due to the evidence of the high expression of Nectin-4 in squamous cell carcinomas, including penile carcinoma. The patient had both radiographic and symptomatic improvement after two cycles of treatment, despite having been treated with multiple prior lines of traditional chemotherapy. This case provides support for the use of antibody-drug conjugates (ADC), including EV, in this disease with few other options in the advanced setting. Further studies examining Nectin-4 and ADCs in penile squamous cell carcinoma should be completed, as high-quality evidence is needed to guide treatment after initial progression for these patients.",not_reported,https://doi.org/10.3390/ijms242216109,https://doi.org/10.3390/ijms242216109,Excluded,wrong outcome,molecular/clínico sin TIME/IT,Excluded,wrong intervention,Case treated with enfortumab vedotin (anti-nectin-4 antibody-drug conjugate); not immunotherapy and does not assess TIME.,agreement,consensus_excluded,Excluded,not_required_after_initial_screening,Pending,wrong outcome,not_applicable
REC-HPVPSCC-000166,Cemiplimab as First Line Therapy in Advanced Penile Squamous Cell Carcinoma: A Real-World Experience.,2023,J Pers Med,"Rouvinov, Keren; Mazor, Gal; Kozlener, Ella; Meirovitz, Amichay; Shrem, Noa Shani; Abu Saleh, Omar; Shalata, Sondos; Yakobson, Alexander; Shalata, Walid",10.3390/jpm13111623,"In the treatment of cancer, immune checkpoint inhibitors (ICIs) have demonstrated significantly greater effectiveness compared to conventional cytotoxic or platinum-based chemotherapies. To assess the efficacy of ICI's in penile squamous cell carcinoma (pSCC) we performed a retrospective observational study. We reviewed electronic medical records of patients with penile squamous cell carcinoma (SCC), diagnosed between January 2020 and February 2023. Nine patients were screened, of whom three were ineligible for chemotherapy and received immunotherapy, cemiplimab, in a first-line setting. Each of the three immunotherapy-treated patients achieved almost a complete response (CR) after only a few cycles of therapy. The first patient had cerebral arteritis during treatment and received a high-dose steroid treatment with resolution of the symptoms of arteritis. After tapering down the steroids dose, the patient continued cemiplimab without further toxicity. The other two patients did not have any toxic side effects of the treatment. To the best of our knowledge, this is the first real world report of near CR with cemiplimab as a first-line treatment in penile SCC.",not_reported,https://doi.org/10.3390/jpm13111623,https://doi.org/10.3390/jpm13111623,Included,not_applicable,pending,Included,not_applicable,Real-world experience of first-line cemiplimab (anti-PD-1) in advanced pSCC.,agreement,consensus_included,Included,retrieved,Included,not_applicable,screening/full_text/REC-HPVPSCC-000166.pdf
REC-HPVPSCC-000167,Human Papillomavirus Infection in Penile Cancer: Multidimensional Mechanisms and Vaccine Strategies.,2023,Int J Mol Sci,"Wei, Lichao; Huang, Kangbo; Han, Hui; Liu, Ran-Yi",10.3390/ijms242316808,"Penile cancer (PC) is a rare male malignant tumor, with early lymph node metastasis and poor prognosis. Human papillomavirus (HPV) plays a key role in the carcinogenesis of PC. This review aims to summarize the association between HPV infection and PC in terms of virus-host genome integration patterns (the disrupted regions in the HPV and PC genome), genetic alterations, and epigenetic regulation (methylation and microRNA modification) occurring in HPV and PC DNA, as well as tumor immune microenvironment reprogramming. In addition, the potential of HPV vaccination strategies for PC prevention and treatment is discussed. Understanding of the HPV-related multidimensional mechanisms and the application of HPV vaccines will promote rational and novel management of PC.",not_reported,https://doi.org/10.3390/ijms242316808,https://doi.org/10.3390/ijms242316808,Included,not_applicable,revisión/contexto,Included,not_applicable,"Review of multidimensional HPV mechanisms in penile cancer, including tumour immune microenvironment reprogramming and vaccines.",agreement,consensus_included,Included,retrieved,Included,not_applicable,screening/full_text/REC-HPVPSCC-000167.pdf
REC-HPVPSCC-000168,SPP1 is associated with adverse prognosis and predicts immunotherapy efficacy in penile cancer.,2023,Hum Genomics,"Zou, Yuantao; Tan, Xingliang; Yuan, Gangjun; Tang, Yi; Wang, Yanjun; Yang, Cong; Luo, Sihao; Wu, Zhiming; Yao, Kai",10.1186/s40246-023-00558-5,"BACKGROUND: The effect of SPP1 in squamous cell carcinoma of the penis (PSCC) remained unknown. We attempted to clarify the function of the SPP1 gene in PSCC. METHOD: Eight paired penile cancer specimens (including penile cancer tissue, paracancerous tissue, and positive lymph node tissue) subjected to whole transcriptome sequencing were analysed to identify differentially expressed genes. We used immunohistochemistry to detect the expression of SPP1 protein and immune cell related proteins in penile cancer tissue. Then, we performed weighted gene coexpression network analysis (WGCNA) to identify the genes related to SPP1 in penile cancer tissue and positive lymph node tissue. Based on the GSE57955 dataset, the CIBERSORT and ssGSEA algorithms were carried out to investigate the immune environment of PSCC. GSVA analysis was conducted to identify the signaling pathways related to SPP1 subgroups. Enzyme-linked immunosorbent assay (ELISA) method was adopted to detect SPP1 level in the serum of 60 patients with penile cancer. RESULTS: Differential analysis indicated that SPP1 was the most differentially upregulated gene in both penile cancer tissues and positive lymph node tissues. Survival analysis suggested that the prognosis of the low-SPP1 group was significantly poorer than that of the high-SPP1 group. Subsequently, immune-related bioinformatics showed that SPP1 was significantly associated with B cells, CD8 + T cells, CD4 + T cells, macrophages, helper T cells, neutrophils and dendritic cells. The immunohistochemical results showed that the high-SPP1 group was characterized by relatively high expression of CD16 and relatively low expression of CD4. GSVA analysis indicated that high-SPP1 group was significantly associated with immune-related pathways such as PD-L1 expression and the PD-1 checkpoint pathway in cancer and the TNF signaling pathway. ELISA demonstrated that the serum level of SPP1 in patients with positive lymph node metastasis of penile cancer was significantly higher than that in patients with negative lymph node metastasis of penile cancer. CONCLUSION: Our study shows that the SPP1 gene might be an effective biomarker for predicting the prognosis and the efficacy of immunotherapy in PSCC patients.",not_reported,https://doi.org/10.1186/s40246-023-00558-5,https://doi.org/10.1186/s40246-023-00558-5,Included,not_applicable,pending,Included,not_applicable,"SPP1 in penile cancer: prognosis, immune environment (CIBERSORT/ssGSEA, IHC of immune proteins) and prediction of immunotherapy efficacy.",agreement,consensus_included,Included,retrieved,Included,not_applicable,screening/full_text/REC-HPVPSCC-000168.pdf
REC-HPVPSCC-000169,Genomic Profiles and Clinical Outcomes of Penile Squamous Cell Carcinoma With Elevated Tumor Mutational Burden.,2023,JAMA Netw Open,"Necchi, Andrea; Spiess, Philippe E; Costa de Padua, Tiago; Li, Roger; Grivas, Petros; Huang, Richard S P; Lin, Douglas I; Danziger, Natalie; Ross, Jeffrey S; Jacob, Joseph M; Sager, Rebecca A; Basnet, Alina; Li, Gerald; Graf, Ryon P; Pavlick, Dean C; Bratslavsky, Gennady",10.1001/jamanetworkopen.2023.48002,"IMPORTANCE: Tumor mutational burden (TMB) is a putative biomarker of efficacy for immune checkpoint inhibitor (ICI) therapies of solid tumors, but not specifically for penile squamous cell carcinoma (PSCC). OBJECTIVE: To characterize biomarker features and ICI therapy outcomes associated with high TMB in PSCC in the routine clinical practice setting. DESIGN, SETTING, AND PARTICIPANTS: In this cohort study, 397 PSCC cases were analyzed to identify genomic alterations in more than 300 cancer-associated genes and genomic signatures, including TMB, using a hybrid capture-based comprehensive genomic profiling assay. Tumor mutational burden was categorized as low (<10 mutations per megabase [mut/Mb]), high (10-19 mut/Mb), or very high (≥20 mut/Mb). Germline status of genetic alterations was predicted using a validated somatic-germline computational method. Clinical outcomes of patients with metastatic PSCC receiving first-line ICI were abstracted using the deidentified nationwide Clinico-Genomic Database (CGDB) from January 1, 2011, through December 31, 2022. EXPOSURE: Comprehensive genomic profiling was performed using FoundationOne and FoundationOne CDx assays from Foundation Medicine Inc. MAIN OUTCOMES AND MEASURES: The spectrum of genetic alterations by TMB level in PSCC, the percentage of germline genetic alterations, and the outcome (overall survival with routine clinical treatment) by TMB of chemotherapy-naive patients with PSCC who received ICI treatment up front were assessed in this descriptive study. RESULTS: Among 397 patients (median [IQR] age, 65 [54-73] years; 266 [67.0%] of European, 83 [20.9%] of admixed American, and 34 [8.5%] of African or other genomic ancestry), the median (IQR) age (eg, 65 [53-73] years for low TMB vs 68 [61-78] years for TMB ≥10 mut/Mb) and genomic ancestry distribution (eg, European 228 of 339 [67.3%] for low TMB vs 38 of 58 [65.5%] for TMB ≥10 mut/Mb) were similar between TMB subgroups. There were 339 PSCC cases (85.4%) with low TMB, 40 cases (10.1%) with high TMB, and 18 cases (4.5%) with very high TMB. Comparisons of TMB of 10 mut/Mb or higher vs low TMB showed an enrichment of genetic alterations in PIK3CA (48.3% vs 18.3%; P < .001) and KMT2D (29.3% vs 7.7%; P < .001) and less frequent genetic alterations in CDKN2A (25.9% vs 45.7%; P = .05). Most genetic alterations did not co-occur. Human papillomavirus identification was more frequent as TMB increased: 28.3% for low TMB, 50.0% for high, and 72.2% for very high. In total, 95 of 1377 genetic alterations (6.9%) were germline. Of 10 patients identified from the CGDB receiving frontline ICIs, median (IQR) follow-up was 9.9 months. Four patients had overall survival with clinical treatment of more than 12 months, including 2 of 3 patients with TMB of 10 mut/Mb or higher. CONCLUSIONS AND RELEVANCE: In this cohort study of advanced metastatic PSCC based on TMB levels, significant differences were observed for biomarkers in nearly 15% of patients with a TMB of 10 mut/Mb or higher. Germline testing and ICI-based therapy should be integrated into the management of selected PSCC cases.",not_reported,https://doi.org/10.1001/jamanetworkopen.2023.48002,https://doi.org/10.1001/jamanetworkopen.2023.48002,Included,not_applicable,pending,Included,not_applicable,397 pSCC: elevated TMB as a biomarker and clinical outcomes in patients receiving first-line ICI.,agreement,consensus_included,Included,retrieved,Included,not_applicable,screening/full_text/REC-HPVPSCC-000169.pdf
REC-HPVPSCC-000170,Human papillomavirus infection affects treatment outcomes and the immune microenvironment in patients with advanced penile squamous cell carcinoma receiving programmed cell death protein 1 inhibitor-based combination therapy.,2024,Cancer,"Wei, Lichao; Li, Zaishang; Guo, Shengjie; Ma, Huali; Shi, Yanxia; An, Xin; Huang, Kangbo; Xiong, Longbin; Xue, Ting; Zhang, Zhiling; Yao, Kai; Luo, Junhang; Han, Hui",10.1002/cncr.35177,"BACKGROUND: Penile squamous cell carcinoma (PSCC) is a human papillomavirus (HPV)-associated malignancy. Immunotherapy is emerging as a potential treatment for advanced PSCC. In this study, the authors analyzed the association of HPV status with outcomes and the immune microenvironment in patients with advanced PSCC undergoing programmed cell death protein 1 (PD1) inhibitor-based combination therapy (PCT). METHODS: HPV status was assessed using quantitative polymerase chain reaction in 87 patients with advanced PSCC treated with PCT. Objective response rate (ORR), disease control rate (DCR), progression-free survival (PFS), and overall survival (OS) in the HPV+ and HPV- groups were compared. Additionally, bulk RNA sequencing was performed to investigate the potential impact of HPV on the immune microenvironment in advanced PSCC. RESULTS: Among patients receiving first-line PCT, ORR (91.7% vs. 64.6%, p = .014) and DCR (100.0% vs. 79.2%, p = .025) in the HPV+ group were higher compared to the HPV- group. Kaplan-Meier curves demonstrated that the HPV+ group exhibited superior PFS (p = .005) and OS (p = .004) for patients in the first-line setting. However, these advantages of HPV infection were not observed in multi-line PCT (p > .050). HPV status remained an independent prognostic factor for predicting better ORR (p = .024), PFS (p = .002), and OS (p = .020) in the multivariate analyses. Landmark analyses showed that the HPV-induced superiority of PFS occurred at an early stage (within 3 months) and OS occurred at a relatively late stage (within 9 months). Bioinformatic analyses identified potential immune-activated genes (GLDC, CYP4F12, etc.) and pathways (RAGE, PI3K/AKT, etc.), antitumor immune cell subtypes, and lower tumor immune dysfunction and exclusion scores in HPV+ tissues. CONCLUSIONS: HPV infection may confer treatment efficacy and survival benefits in patients with advanced PSCC receiving first-line PCT because of the possible stimulation of the antitumor immune microenvironment. PLAIN LANGUAGE SUMMARY: Human papillomavirus (HPV) infection may induce better objective response rate, progression-free survival (PFS), and overall survival (OS) for advanced penile squamous cell carcinoma (PSCC) patients receiving first-line programmed cell death protein 1 inhibitor-based combination therapy (PCT) instead of multi-line PCT. HPV infection-induced PFS advantage occurs at an early stage (within 3 months) whereas OS superiority occurs at a relatively late stage (within 9 months). Antitumor immune microenvironment could be stimulated by HPV infection in advanced PSCC tissues.",not_reported,https://doi.org/10.1002/cncr.35177,https://doi.org/10.1002/cncr.35177,Included,not_applicable,pending,Included,not_applicable,Core to the review question: impact of HPV status on outcomes and the immune microenvironment (RNA-seq) in 87 advanced pSCC receiving anti-PD-1.,agreement,consensus_included,Included,retrieved,Included,not_applicable,screening/full_text/REC-HPVPSCC-000170.pdf
REC-HPVPSCC-000171,"High tumour mutational burden is associated with strong PD-L1 expression, HPV negativity, and worse survival in penile squamous cell carcinoma: an analysis of 165 cases.",2024,Pathology,"Hrudka, Jan; Hojný, Jan; Prouzová, Zuzana; Kendall Bártů, Michaela; Čapka, David; Zavillová, Nicolette; Matěj, Radoslav; Waldauf, Petr",10.1016/j.pathol.2023.10.010,"Penile squamous cell carcinoma (pSCC) is a rare tumour with a variable prognosis. More prognostic markers linked to mutational signatures and the tumour immune microenvironment are needed. A cohort made up of 165 invasive pSCC was retrospectively analysed using formalin-fixed, paraffin-embedded tumour tissue, focusing on tumour mutational burden (TMB), programmed death ligand 1 (PD-L1) expression, microsatellite instability (MSI), the number of tumour infiltrating lymphocytes (TILs) expressing cytotoxic T-lymphocyte-associated protein 4 (CTLA4), HPV status determined by p16 immunohistochemistry, and several traditional histopathological variables. High TMB (>10 mut/Mb) was associated with high PD-L1 expression (TPS 50-100%), and HPV-negative status. High PD-L1 expression was linked to HPV negativity, a high number of intratumoural CTLA4+ cells, and brisk lymphocytic infiltrate. High TMB was a significant predictor of shorter overall survival (OS) in both univariate and multivariate analysis when using a median cut-off value of 4.3 mut/Mb, but not when using an arbitrary cut-off of 10 mut/Mb. Low CTLA4+ cell infiltration at the tumour invasion front was a marker of shorter OS and cancer-specific survival in both univariate and multivariate analysis. PD-L1 expression had no significant impact on prognosis. Only two cases were MSI high. The results support the hypothesis of two aetiological pathways in pSCC cancerogenesis: (1) SCC linked to HPV infection characterised by low TMB, less common PD-L1 expression, and a lower number of TILs; and (2) SCC linked to chronic inflammation leading to a high number of acquired mutations (high TMB), HPV negativity, increased neoantigen production (i.e., PD-L1), and high immune cell infiltration.",not_reported,https://doi.org/10.1016/j.pathol.2023.10.010,https://doi.org/10.1016/j.pathol.2023.10.010,Included,not_applicable,pending,Included,not_applicable,"165 pSCC: high TMB associated with strong PD-L1, HPV negativity, CTLA4+ TILs and worse survival.",agreement,consensus_included,Included,retrieved,Included,not_applicable,screening/full_text/REC-HPVPSCC-000171.pdf
REC-HPVPSCC-000172,Invasive penile glans Squamous Cell Carcinoma (peSCC) and Reflectance Confocal Microscopy (RCM): is it a valuable alternative to histopathology?,2024,Skin Res Technol,"Rapparini, Luca; Alessandrini, Aurora; Scotti, Biagio; Dika, Emi",10.1111/srt.13564,[Resumen no disponible],not_reported,https://doi.org/10.1111/srt.13564,https://doi.org/10.1111/srt.13564,Excluded,wrong outcome,molecular/clínico sin TIME/IT,Excluded,wrong outcome,"Reflectance confocal microscopy as a diagnostic alternative; imaging outcome, no TIME and no HPV.",agreement,consensus_excluded,Excluded,not_required_after_initial_screening,Pending,wrong outcome,not_applicable
REC-HPVPSCC-000173,Immuno-Oncology Advances in Genitourinary Cancers.,2024,Am Soc Clin Oncol Educ Book,"Zang, Peter D; Angeles, Arkhjamil; Dorff, Tanya B; Pal, Sumanta K; Gupta, Shilpa",10.1200/edbk_430428,"Immuno-oncology (IO) has made monumental gains in the past decade in the genitourinary space. In this review, we highlight advances with IO in renal cell carcinoma where it now has become standard-of-care frontline therapy in the metastatic setting but also discuss challenges with the initial approach. In urothelial carcinoma, we discuss the growing use of IO including exciting recent updates with IO-based regimens that may soon become the new standard of care. We further discuss difficulties with IO in prostate cancer, germ cell tumors, and penile squamous cell carcinoma. Finally, we highlight advances in IO approaches beyond checkpoint inhibition including the role of the gut microbiome and T-cell redirecting therapies.",not_reported,https://doi.org/10.1200/edbk_430428,https://doi.org/10.1200/edbk_430428,Excluded,wrong population,pase: IO advances GU; pene periférico,Maybe,not_applicable,Educational review of immuno-oncology in genitourinary cancers; pSCC is a brief section among several.,conflict,consensus_excluded,Excluded,not_required_after_initial_screening,Pending,wrong population,not_applicable
REC-HPVPSCC-000174,Multiplex Immunofluorescence Captures Progressive Immune Exhaustion with Advancing Penile Squamous Cell Cancer Stage.,2024,Cancers (Basel),"Ionescu, Filip; Nguyen, Jonathan; Segura, Carlos Moran; Paravathaneni, Mahati; Grass, G Daniel; Johnstone, Peter; Zacharias, Niki M; Pettaway, Curtis A; Lu, Xin; Kim, Youngchul; Whiting, Junmin; Dhillon, Jasreman; Eschrich, Steven A; Chadha, Juskaran; Gullapalli, Keerthi; Roman Souza, Gabriel; Miyagi, Hiroko; Manley, Brandon J; Spiess, Philippe E; Chahoud, Jad",10.3390/cancers16020303,"Penile squamous cell carcinoma (PSCC) is a rare and deadly malignancy. Therapeutic advances have been stifled by a poor understanding of disease biology. Specifically, the immune microenvironment is an underexplored component in PSCC and the activity of immune checkpoint inhibitors observed in a subset of patients suggests immune escape may play an important role in tumorigenesis. Herein, we explored for the first time the immune microenvironment of 57 men with PSCC and how it varies with the presence of human papillomavirus (HPV) infection and across tumor stages using multiplex immunofluorescence of key immune cell markers. We observed an increase in the density of immune effector cells in node-negative tumors and a progressive rise in inhibitory immune players such as type 2 macrophages and upregulation of the PD-L1 checkpoint in men with N1 and N2-3 disease. There were no differences in immune cell densities with HPV status.",not_reported,https://doi.org/10.3390/cancers16020303,https://doi.org/10.3390/cancers16020303,Included,not_applicable,pending,Included,not_applicable,"Multiplex immunofluorescence in 57 pSCC: progressive immune exhaustion by stage, type 2 macrophages, PD-L1 and comparison by HPV status.",agreement,consensus_included,Included,retrieved,Included,not_applicable,screening/full_text/REC-HPVPSCC-000174.pdf
REC-HPVPSCC-000175,Characterization of T cell receptor repertoire in penile cancer.,2024,Cancer Immunol Immunother,"Zhang, Junying; Wang, Yapeng; Huang, Yiqiang; Tan, Xintao; Xu, Jing; Yan, Qian; Tan, Jiao; Zhang, Yao; Zhang, Jun; Ma, Qiang; Zhu, Hailin; Ye, Jin; Zhu, Zhaojing; Lan, Weihua",10.1007/s00262-023-03615-z,"Tumor-infiltrating lymphocytes (TILs) play a key role in regulating the host immune response and shaping tumor microenvironment. It has been previously shown that T cell infiltration in penile tumors was associated with clinical outcomes. However, few studies have reported the T cell receptor (TCR) repertoire in patients with penile cancer. In the present study, we evaluated the TCR repertoires in tumor and adjacent normal tissues from 22 patients with penile squamous cell carcinoma (PSCC). Analysis of the T cell receptor beta-variable (TRBV) and joining (TRBJ) genes usage and analysis of complementarity determining region 3 (CDR3) length distribution did not show significant differences between tumor and matched normal tissues. Moreover, analysis of the median Jaccard index indicated a limited overlap of TCR repertoire between these groups. Compared with normal tissues, a significantly lower diversity and higher clonality of TCR repertoire was observed in tumor samples, which was associated with clinical characteristics. Further analysis of transcriptional profiles demonstrated that tumor samples with high clonality showed increased expression of genes associated with CD8 + T cells. In addition, we analyzed the TCR repertoire of CD4 + T cells and CD8 + T cells isolated from tumor tissues. We identified that expanded clonotypes were predominantly in the CD8 + T cell compartment, which presented with an exhausted phenotype. Overall, we comprehensively compared TCR repertoire between penile tumor and normal tissues and demonstrated the presence of distinct T cell immune microenvironments in patients with PSCC.",not_reported,https://doi.org/10.1007/s00262-023-03615-z,https://doi.org/10.1007/s00262-023-03615-z,Included,not_applicable,pending,Included,not_applicable,T-cell receptor repertoire in 22 pSCC (diversity and clonality) and its relationship with clinical characteristics.,agreement,consensus_included,Included,retrieved,Included,not_applicable,screening/full_text/REC-HPVPSCC-000175.pdf
REC-HPVPSCC-000176,Case report of penile squamous cell carcinoma continuous treatment with BRCA2 mutation.,2024,World J Surg Oncol,"Zhang, Qing; Li, Yaping; Zhang, Yanrui; Deng, Zhiping; Ding, Yi",10.1186/s12957-024-03305-9,"BACKGROUND: Penile squamous cell carcinoma (PSCC) is a highly aggressive malignancy with a poor prognosis. BRCA1/2 mutations are associated with impaired DNA double-strand break repair and are among the common mutations in penile cancer, potentially paving the way for poly ADP-ribose polymerase inhibitor therapy. CASE PRESENTATION: We report a 65-year-old male with PSCC who progressed to thigh metastasis at 10 months after partial penectomy. Next-generation sequencing showed that the penis primary lesion and metastatic thigh lesion harboured a BRCA2 mutation. Chemotherapy plus immunotherapy was used for treatment, and the thigh metastasis was found to involve no tumour. Progression-free survival (PFS) lasted for 8 months until the appearance of lung metastasis. Afterwards, the patient benefited from second-line therapy of olaparib with pembrolizumab and anlotinib, and his disease was stable for 9 months. The same BRCA2 was identified in the lung biopsy. Given the tumour mutation burden (TMB, 13.97 mutation/Mb), the patient received third-line therapy with nivolumab plus ipilimumab, but PFS only lasted for 3 months, with the appearance of right frontal brain metastasis. Then, the patient was treated with radiation sequential fluzoparib therapy as fourth-line treatment, and the treatment efficacy was evaluated as PR. Currently, this patient is still alive. CONCLUSIONS: This is the first report of penile cancer with BRCA2 mutation, receiving a combination treatment with olaparib and experiencing a benefit for 9 months. This case underscores the pivotal role of BRCA2 in influencing treatment response in PSCC, providing valuable insights into the application of targeted therapies in managing recurrent PSCC with BRCA2 alterations. This elucidation establishes a crucial foundation for further research and clinical considerations in similar cases.",not_reported,https://doi.org/10.1186/s12957-024-03305-9,https://doi.org/10.1186/s12957-024-03305-9,Excluded,wrong outcome,BRCA2 caso; sin TIME/IT,Included,not_applicable,"Case of pSCC with BRCA2 mutation treated sequentially with chemoimmunotherapy, pembrolizumab and nivolumab plus ipilimumab; TMB reported.",conflict,consensus_included,Included,retrieved,Included,not_applicable,screening/full_text/REC-HPVPSCC-000176.pdf
REC-HPVPSCC-000177,"Transcriptomic, Proteomic, and Genomic Mutational Fraction Differences Based on HPV Status Observed in Patient-Derived Xenograft Models of Penile Squamous Cell Carcinoma.",2024,Cancers (Basel),"Zacharias, Niki M; Segarra, Luis; Akagi, Keiko; Fowlkes, Natalie Wall; Chen, Huiqin; Alaniz, Angelita; de la Cerda, Carolyn; Pesquera, Pedro; Xi, Yuanxin; Wang, Jing; Chahoud, Jad; Lu, Xin; Rao, Priya; Martinez-Ferrer, Magaly; Pettaway, Curtis A",10.3390/cancers16051066,"Metastatic penile squamous cell carcinoma (PSCC) has only a 50% response rate to first-line combination chemotherapies and there are currently no targeted-therapy approaches. Therefore, we have an urgent need in advanced-PSCC treatment to find novel therapies. Approximately half of all PSCC cases are positive for high-risk human papillomavirus (HR-HPV). Our objective was to generate HPV-positive (HPV+) and HPV-negative (HPV-) patient-derived xenograft (PDX) models and to determine the biological differences between HPV+ and HPV- disease. We generated four HPV+ and three HPV- PSCC PDX animal models by directly implanting resected patient tumor tissue into immunocompromised mice. PDX tumor tissue was found to be similar to patient tumor tissue (donor tissue) by histology and short tandem repeat fingerprinting. DNA mutations were mostly preserved in PDX tissues and similar APOBEC (apolipoprotein B mRNA editing catalytic polypeptide) mutational fractions in donor tissue and PDX tissues were noted. A higher APOBEC mutational fraction was found in HPV+ versus HPV- PDX tissues (p = 0.044), and significant transcriptomic and proteomic expression differences based on HPV status included p16 (CDKN2A), RRM2, and CDC25C. These models will allow for the direct testing of targeted therapies in PSCC and determine their response in correlation to HPV status.",not_reported,https://doi.org/10.3390/cancers16051066,https://doi.org/10.3390/cancers16051066,Included,not_applicable,PDX pSCC estratificado por HPV — vía etiopatogénica,Excluded,wrong population,"Patient-derived xenograft models in immunodeficient mice; not patients, and the host lacks a competent immune system.",conflict,consensus_excluded,Excluded,not_required_after_initial_screening,Pending,wrong population,not_applicable
REC-HPVPSCC-000178,"Re: Assessment of PD-L1, TROP2, and NECTIN-4 Expression in Penile Squamous Cell Carcinoma.",2024,Eur Urol,"Linxweiler, Johannes; Klümper, Niklas; Mink, Jan; Eckstein, Markus; Junker, Kerstin",10.1016/j.eururo.2024.03.001,[Resumen no disponible],not_reported,https://doi.org/10.1016/j.eururo.2024.03.001,https://doi.org/10.1016/j.eururo.2024.03.001,Excluded,wrong publication type,pase: comentario editorial Re: sin datos,Excluded,wrong publication type,'Re:' commentary in Eur Urol without abstract or primary data.,agreement,consensus_excluded,Excluded,not_required_after_initial_screening,Pending,wrong publication type,not_applicable
REC-HPVPSCC-000179,Preoperative Albumin-to-Alkaline Phosphatase Ratio as an Independent Predictor of Lymph Node Involvement in Penile Cancer.,2024,Medicina (Kaunas),"Tufano, Antonio; Napolitano, Luigi; Barone, Biagio; Pezone, Gabriele; Alvino, Pierluigi; Cilio, Simone; Buonerba, Carlo; Canciello, Giuseppina; Passaro, Francesco; Perdonà, Sisto",10.3390/medicina60030414,"Background and Objectives: To investigate the role of preoperative albumin-to-alkaline phosphatase ratio (AAPR) in predicting pathologic node-positive (pN+) disease in penile cancer (PC) patients undergoing inguinal lymph node dissection (ILND). Materials and Methods: Clinical data of patients with squamous cell carcinoma (SCC) PC + ILND at a single high-volume institution between 2016 and 2021 were collected and retrospectively analyzed. An AAPR was obtained from preoperative blood analyses performed within 30 days from their scheduled surgery. A ROC curve analysis was used to assess AAPR cutoff, in addition to the Youden Index. Logistic regression analysis was utilized for an odds ratio (OR), 95% confidence interval (CI) calculations, and an estimate of pN+ disease. A p value < 0.05 was considered to be as statistically significant. Results: Overall, 42 PC patients were included in the study, with a mean age of 63.6 ± 12.9 years. The AAPR cut-off point value was determined to be 0.53. The ROC curve analysis reported an AUC of 0.698. On multivariable logistic regression analysis lymphovascular invasion (OR = 5.38; 95% CI: 1.47-9.93, p = 0.022), clinical node-positive disease (OR = 13.68; 95% CI: 4.37-43.90, p < 0.009), and albumin-to-alkaline phosphatase ratio ≤ 0.53 (OR = 3.61; 95% CI: 1.23-12.71, p = 0.032) were predictors of pN+ involvement. Conclusions: Preoperative AAPR may be a potentially valuable prognostic marker of pN+ disease in patients who underwent surgery for PC.",not_reported,https://doi.org/10.3390/medicina60030414,https://doi.org/10.3390/medicina60030414,Excluded,wrong outcome,molecular/clínico sin TIME/IT,Excluded,wrong outcome,"Preoperative albumin-to-alkaline phosphatase ratio as a nodal predictor; biochemical, non-immune marker.",agreement,consensus_excluded,Excluded,not_required_after_initial_screening,Pending,wrong outcome,not_applicable
REC-HPVPSCC-000180,Insights into the management of penile squamous cell carcinoma: from conventional approaches to emerging novel therapies.,2024,Expert Opin Pharmacother,"Safa, Houssein; Mercinelli, Chiara; Spiess, Philippe E; Necchi, Andrea; Chahoud, Jad",10.1080/14656566.2024.2337244,"INTRODUCTION: Penile squamous cell carcinoma (PSCC), a rare genitourinary cancer, is associated with poor outcomes due to limited treatment effectiveness, especially in advanced stages. AREAS COVERED: While chemotherapy and/or surgery remain the standard of care, emerging therapies like immunotherapy, targeted therapy, and human papillomavirus (HPV) directed therapies show promise. Key to advancing treatment is understanding the immune microenvironment to gain insights into tumor resistance mechanisms and potential therapeutic targets. The scarcity of data on PSCC is a major obstacle in advancing research for this rare cancer. EXPERT OPINION: Future research should prioritize collaborative efforts across various research centers and countries. Enhancing data sharing and pooling resources can lead to a more comprehensive understanding of PSCC, ultimately supporting the development of precision medicine strategies tailored to this specific cancer type. This collaborative approach is essential for making significant strides in PSCC treatment and care.",not_reported,https://doi.org/10.1080/14656566.2024.2337244,https://doi.org/10.1080/14656566.2024.2337244,Included,not_applicable,pending,Included,not_applicable,"Review of pSCC management placing understanding of the immune microenvironment at its centre, with immunotherapy and HPV-directed therapies.",agreement,consensus_included,Included,unavailable,Pending,not_applicable,not_applicable
REC-HPVPSCC-000181,Fluorescence-guided surgery using cetuximab-800CW in patients with penile carcinoma.,2024,BJU Int,"Nijboer, Thomas S; van der Fels, Christa A M; de Wit, Jaron G; Keizers, Bas; Huizinga, Henrik K; Voskuil, Floris J; Voskamp, Maarten J H; van den Heuvel, Marius C; Witjes, Max J H; de Jong, Igle Jan",10.1111/bju.16384,"OBJECTIVE: To investigate the feasibility of fluorescence molecular imaging (FMI), using cetuximab-800CW, as an intraoperative tool to determine surgical margins in penile squamous cell carcinoma (PSCC). PATIENTS AND METHODS: A total of 11 patients with PSCC received 75 mg cetuximab followed by 15 mg cetuximab-800CW 2 days before surgery. FMI of the whole excision specimen and tissue slices was performed. Fluorescence visualisation was correlated to histopathology. Based on tumour and healthy tissue regions of interest, mean fluorescence intensity was calculated for each individual patient. RESULTS: Significant differences between tumour and healthy mean fluorescence intensity were found with tumour-to-background ratios of a median (IQR) of 1.51 (0.99) and a mean (SD) of 1.51 (0.32) in the excision specimen and tissue slices, respectively. One patient showed a high relative fluorescence intensity with a signal-to-background ratio of 1.79, corresponding to a tumour-positive margin on fresh frozen sectioning. CONCLUSION: In this Phase I study we showed that cetuximab-800CW seems suitable to discriminate PSCC from background tissue. The tracer was well tolerated, and no false positive spots were seen.",not_reported,https://doi.org/10.1111/bju.16384,https://doi.org/10.1111/bju.16384,Excluded,wrong outcome,molecular/clínico sin TIME/IT,Excluded,wrong intervention,Fluorescence-guided surgery with cetuximab-800CW; surgical margin outcome.,agreement,consensus_excluded,Excluded,not_required_after_initial_screening,Pending,wrong outcome,not_applicable
REC-HPVPSCC-000182,"Single-cell Atlas of Penile Cancer Reveals TP53 Mutations as a Driver of an Aggressive Phenotype, Irrespective of Human Papillomavirus Status, and Provides Clues for Treatment Personalization.",2024,Eur Urol,"Elst, Laura; Philips, Gino; Vandermaesen, Kaat; Bassez, Ayse; Lodi, Francesca; Vreeburg, Manon T A; Brouwer, Oscar R; Schepers, Rogier; Van Brussel, Thomas; Mohanty, Sambit K; Parwani, Anil V; Spans, Lien; Vanden Bempt, Isabelle; Jacomen, Gerd; Baldewijns, Marcella; Lambrechts, Diether; Albersen, Maarten",10.1016/j.eururo.2024.03.038,"BACKGROUND AND OBJECTIVE: TP53 loss-of-function (TP53LOF) mutations might be a driver of poor prognosis and chemoresistance in both human papillomavirus (HPV)-independent (HPV-) and HPV-associated (HPV+) penile squamous cell carcinoma (PSCC). Here, we aim to describe transcriptomic differences in the PSCC microenvironment stratified by TP53LOF and HPV status. METHODS: We used single-cell RNA sequencing (scRNA-seq) and T-cell receptor sequencing to obtain a comprehensive atlas of the cellular architecture of PSCC. TP53LOF and HPV status were determined by targeted next-generation sequencing and sequencing HPV-DNA reads. Six HPV+ TP53 wild type (WT), six HPV- TP53WT, and four TP53LOF PSCC samples and six controls were included. Immunohistochemistry and hematoxylin-eosin confirmed the morphological context of the observed signatures. Prognostic differences between patient groups were validated in 541 PSCC patients using Kaplan-Meier survival estimates. KEY FINDINGS AND LIMITATIONS: Patients with aberrant p53 staining fare much worse than patients with either HPV- or HPV+ tumors and WT p53 expression. Using scRNA-seq, we revealed 65 cell subtypes within 83 682 cells. TP53LOF tumors exhibit a partial epithelial-to-mesenchymal transition, immune-excluded, angiogenic, and morphologically invasive environment, underlying their aggressive phenotype. HPV- TP53WT tumors show stemness and immune exhaustion. HPV+ TP53WT tumors mirror normal epithelial maturation with upregulation of antibody-drug-conjugate targets and activation of innate immunity. Inherent to the scRNA-seq analysis, low sample size is a limitation and validation of signatures in large PSCC cohorts is needed. CONCLUSIONS AND CLINICAL IMPLICATIONS: This first scRNA-seq atlas offers unprecedented in-depth insights into PSCC biology underlying prognostic differences based on TP53 and HPV status. Our findings provide clues for testing novel biomarker-driven therapies in PSCC. PATIENT SUMMARY: Here, we analyzed tissues of penile cancer at the level of individual cells, which helps us understand why patients who harbor a deactivating mutation in the TP53 gene do much worse than patients lacking such a mutation. Such an analysis may help us tailor future therapies based on TP53 gene mutations and human papillomavirus status of these tumors.",not_reported,https://doi.org/10.1016/j.eururo.2024.03.038,https://doi.org/10.1016/j.eururo.2024.03.038,Included,not_applicable,HPV/p16 en pSCC — vía etiopatogénica/pronóstico,Included,not_applicable,"Single-cell atlas of pSCC: microenvironment stratified by TP53LOF and HPV status, with TCR sequencing and prognostic validation.",agreement,consensus_included,Included,unavailable,Pending,not_applicable,not_applicable
REC-HPVPSCC-000183,The effects of HIV and oncogenic human papillomavirus on the tumor immune microenvironment of penile squamous cell carcinoma.,2024,PLoS One,"Mumba, Chibamba; Muhimbe, Zoran; Mapulanga, Victor; Kawimbe, Musonda; Mutale, Keagan; Hamasuku, Anglin; Musumali, Jane; Mwale, Nicholas K; Ngalamika, Owen",10.1371/journal.pone.0300729,"Penile squamous cell carcinoma (PSCC) occurs more frequently in some developing countries compared to developed countries. Infection with HIV and/or high-risk human papillomavirus (hrHPV) are risk factors for penile cancer development. The tumor microenvironment of PSCC may predict prognosis and may inform on the best targets for immunotherapy. We evaluated the immune microenvironment of penile tumors histologically, and determined whether and/or how HIV and/or hrHPV infections affect this tumor microenvironment. We conducted a prospective analytical cross-sectional study in which penile cancer tumors from 35 patients presenting at the University Teaching Hospital in Lusaka, Zambia were histologically staged and assessed for presence of tumor infiltrating immune cells and expression of immune checkpoints. Immunohistochemistry was used to evaluate immune checkpoints and infiltrating immune cells, while multiplex real-time polymerase chain reaction was used for hrHPV genotyping. The median age of all participants was 55 years. About 24% had advanced histological stage, 83% were HIV+, and 63% had hrHPV detected in their tumors using multiplex real-time polymerase chain reaction. PDL1 expression was significantly higher in HIV- participants than HIV+ participants (p = 0.02). Tumors with multiple hrHPV infections had a significantly higher number of cells expressing TIM3 than those with one hrHPV (p = 0.04). High grade tumors had a significantly higher infiltrate of FoxP3+ cells (p = 0.02), CD68+ cells (p = 0.01), CD163+ cells (p = 0.01), LAG3+ cells (p = 0.01), PD1+ cells (p = 0.01) and TIM3+ cells (p = 0.03) when compared with low grade tumours. There was significant moderate to strong positive correlation of cells expressing PD1 and LAG3 (⍴ = 0.69; p = 0.0001), PD1 and TIM3 (⍴ = 0.49; p = 0.017) and TIM3 and LAG3 PDL1 (⍴ = 0.61; p = 0.001). In conclusion, the tumor microenvironment of penile squamous cell carcinoma seems to be affected by both HIV and HPV infections. TIM3 appears to be a potential therapeutic target in PSCC patients with hrHPV infections.",not_reported,https://doi.org/10.1371/journal.pone.0300729,https://doi.org/10.1371/journal.pone.0300729,Included,not_applicable,pending,Included,not_applicable,Effect of HIV and hrHPV on the pSCC immune microenvironment: infiltrating immune cells and checkpoints in 35 patients (Zambia).,agreement,consensus_included,Included,retrieved,Included,not_applicable,screening/full_text/REC-HPVPSCC-000183.pdf
REC-HPVPSCC-000184,Retifanlimab in Advanced Penile Squamous Cell Carcinoma: The Phase 2 ORPHEUS Study.,2025,Eur Urol Oncol,"García Del Muro, Xavier; Páez López-Bravo, David; Cuéllar-Rivas, Miler Andrés; Maroto, Pablo; Giannatempo, Patrizia; Castellano, Daniel; Climent, Miguel A; P Valderrama, Begoña; Gómez de Liaño, Alfonso; López-Montero, Laura; Mina, Leonardo; Alcalá-López, Daniel; Sampayo-Cordero, Miguel; Necchi, Andrea",10.1016/j.euo.2024.04.021,"BACKGROUND AND OBJECTIVE: Patients with advanced penile squamous cell carcinoma (PSCC) have poor outcomes and very limited therapeutic options are available. Most PSCC cases have high PD-L1 expression, which is associated with worse prognosis. Immunotherapy targeting PD-L1 could benefit patients with PSCC. Our aim was to evaluate the efficacy and safety of the anti-PD-1 antibody retifanlimab in patients with advanced/metastatic PSCC. METHODS: ORPHEUS was a single-arm, multicenter, phase 2 trial in 18 patients with advanced/metastatic PSCC, previously untreated with anti-PD-1/anti-PD-L1 agents. Patients received retifanlimab 500 mg intravenously every 4 wk for up to 2 yr. The primary endpoint was the objective response rate (ORR) according to Response Evaluation Criteria in Solid Tumors v1.1. Secondary endpoints included the clinical benefit rate (CBR), disease control rate, duration of response (DoR), time to response, progression-free survival (PFS), overall survival (OS), maximum tumor shrinkage, and safety. The Wilson method was used for the primary endpoint, and the Clopper-Pearson and Kaplan-Meier methods for secondary endpoints. KEY FINDINGS AND LIMITATIONS: Median follow-up was 7.2 mo. The ORR was 16.7% (95% confidence interval [CI] 5.8-39.2); three patients had a partial response. Median DoR was 3.3 mo (range 1.8-8.5). The CBR was 22.2% (95% CI 6.4-47.6%). Median PFS was 2.0 mo (95% CI 1.6-3.3) and median OS was 7.2 mo (95% CI 3.0-9.8). One patient (5.6%) experienced grade 3 treatment-related adverse events (AEs). There were no grade >= 4 treatment-related AEs. The small sample size is the main limitation. CONCLUSIONS AND CLINICAL IMPLICATIONS: Single-agent retifanlimab exhibited signals of clinical activity in advanced/metastatic PSCC, with no new safety signals. Further investigation of retifanlimab in this setting is warranted. PATIENT SUMMARY: Advanced penile cancer of the squamous cell type is a rare tumor with poor prognosis. The aggressiveness of this cancer is usually associated with high levels of a protein called PD-L1. We investigated whether retifanlimab, an immunotherapy drug against PD-1, has activity against this type of penile cancer. Tumor regression or stabilization occurred in one-third of the patients and the side effects were manageable.",not_reported,https://doi.org/10.1016/j.euo.2024.04.021,https://doi.org/10.1016/j.euo.2024.04.021,Included,not_applicable,pending,Included,not_applicable,ORPHEUS phase 2 trial of retifanlimab (anti-PD-1) in advanced pSCC; reference to PD-L1 expression.,agreement,consensus_included,Included,unavailable,Pending,not_applicable,not_applicable
REC-HPVPSCC-000185,"The Role of JAK-STAT-SOCS1 Axis in Tumorigenesis, Malignant Progression and Lymphatic Metastasis of Penile Cancer.",2024,Int J Med Sci,"Xu, Da-Ming; Chen, Ling-Xiao; Zhuang, Xiao-Yu; Han, Hui; Mo, Miao",10.7150/ijms.95490,"Background: To uncover the potential significance of JAK-STAT-SOCS1 axis in penile cancer, our study was the pioneer in exploring the altered expression processes of JAK-STAT-SOCS1 axis in tumorigenesis, malignant progression and lymphatic metastasis of penile cancer. Methods: In current study, the comprehensive analysis of JAK-STAT-SOCS1 axis in penile cancer was analyzed via multiple analysis approaches based on GSE196978 data, single-cell data (6 cancer samples) and bulk RNA data (7 cancer samples and 7 metastasis lymph nodes). Results: Our study observed an altered molecular expression of JAK-STAT-SOCS1 axis during three different stages of penile cancer, from tumorigenesis to malignant progression to lymphatic metastasis. STAT4 was an important dominant molecule in penile cancer, which mediated the immunosuppressive tumor microenvironment by driving the apoptosis of cytotoxic T cell and was also a valuable biomarker of immune checkpoint inhibitor treatment response. Conclusions: Our findings revealed that the complexity of JAK-STAT-SOCS1 axis and the predominant role of STAT4 in penile cancer, which can mediate tumorigenesis, malignant progression, and lymphatic metastasis. This insight provided valuable information for developing precise treatment strategies for patients with penile cancer.",not_reported,https://doi.org/10.7150/ijms.95490,https://doi.org/10.7150/ijms.95490,Excluded,wrong outcome,JAK-STAT-SOCS1 molecular; sin TIME clásico,Included,not_applicable,JAK-STAT-SOCS1 axis in penile cancer: STAT4 mediates an immunosuppressive microenvironment and cytotoxic T-cell apoptosis; biomarker of ICI response.,conflict,consensus_included,Included,retrieved,Included,not_applicable,screening/full_text/REC-HPVPSCC-000185.pdf
REC-HPVPSCC-000186,"Trajectories of squamous cell carcinoma antigen and outcomes of patients with advanced penile cancer after chemotherapy based on paclitaxel, ifosfamid, and cisplatin regimen.",2024,Cancer Med,"Ma, Nan; Gan, Yi-Xiang; Chao, Yin-Yao; Liu, Zhen-Hua; Chen, Xian-Da; Yao, Kai; Han, Hui; Guo, Sheng-Jie",10.1002/cam4.7353,"INTRODUCTION: Penile cancer (PC) is a lethal malignancy with no effective prognostic biomarker. We aim to investigate associations between trajectories of squamous cell carcinoma antigen (SCC-A) and patient outcomes after chemotherapy based on paclitaxel, ifosfamid, and cisplatin (TIP) regimen. METHODS: Consecutive AJCC staging III/IV PC patients who received TIP chemotherapy and repeated SCC-A measurements in 2014-2022 were analyzed. Latent class growth mixed (LCGM) models were employed to characterize patients' serum SCC-A trajectories. Patient survival, and clinical and pathological tumor responses were compared. Inverse probability treatment weighting was used to adjust confounding factors. RESULTS: Eighty patients were included. LCGM models identified two distinct trajectories of SCC-A: low-stable (40%; n = 32) and high-decline (60%; n = 48). Overall survival (HR [95% CI]: 3.60 [1.23-10.53], p = 0.019), progression-free survival (HR [95% CI]: 11.33 [3.19-40.3], p < 0.001), objective response rate (37.5% vs. 62.5% p = 0.028), disease control rate (60.4% vs. 96.9% p < 0.00), and pathological complete response rate (21.2% vs. 51.9%, p = 0.014) were significantly worse in the high-decline arm. CONCLUSION: PC patients' SCC-A change rate was associated with tumor response and patient survival after TIP chemotherapy. SCC-A might assist tumor monitoring after systemic therapies.",not_reported,https://doi.org/10.1002/cam4.7353,https://doi.org/10.1002/cam4.7353,Excluded,wrong outcome,pSCC sin TIME/HPV/IT,Excluded,wrong outcome,"SCC antigen trajectories after TIP chemotherapy; serum, non-immune biomarker.",agreement,consensus_excluded,Excluded,not_required_after_initial_screening,Pending,wrong outcome,not_applicable
REC-HPVPSCC-000187,Therapeutic Targets in Advanced Penile Cancer: From Bench to Bedside.,2024,Cancers (Basel),"Pagliaro, Lance C; Tekin, Burak; Gupta, Sounak; Herrera Hernandez, Loren",10.3390/cancers16112086,"Discovery of effective systemic therapies for patients with advanced penile cancer has been slow to occur. Comprehensive genomic profiling from several studies shed light on the molecular oncogenesis of penile squamous cell carcinoma (PSCC) and differences between HPV-related and unrelated tumors. While these two subsets of PSCC appear distinct in their biology, there are not yet specific treatment strategies recommended on that basis. Cell surface proteins have been identified that may potentially serve as drug targets for monoclonal antibodies or small molecule inhibitors. Here, we review some of the new biological insights regarding PSCC that could lead to improved therapies, as well as the related clinical trials recently completed or in progress. We conclude that antibody-drug conjugates are especially promising, as are the combinations of immune checkpoint inhibitors with other types of drugs.",not_reported,https://doi.org/10.3390/cancers16112086,https://doi.org/10.3390/cancers16112086,Included,not_applicable,revisión/contexto,Included,not_applicable,Review of therapeutic targets in advanced penile cancer with HPV-related differences and combinations with checkpoint inhibitors.,agreement,consensus_included,Included,retrieved,Included,not_applicable,screening/full_text/REC-HPVPSCC-000187.pdf
REC-HPVPSCC-000188,Immune-based Therapies for Penile Cancer.,2024,Urol Clin North Am,"Al Assaad, Majd; Safa, Houssein; Mercinelli, Chiara; Spiess, Philippe E; Necchi, Andrea; Chahoud, Jad",10.1016/j.ucl.2024.03.014,"This article reviews penile squamous cell carcinoma (PSCC), a rare genitourinary cancer that has been increasing in prevalence. It discusses emerging therapies, focusing on immunotherapy, vaccine therapy, and cell-based treatments, especially in the context of human papillomavirus-related PSCC. Factors influencing these therapies are discussed. These include the immune microenvironment, programmed cell death ligand-1 expression, and tumor immune cell infiltration. This article also highlights immune checkpoint inhibitors and related clinical trials. This review supports the use of personalized medicine in treating PSCC. It stresses the need for collaborative studies and data sharing to create specific treatment plans and achieve better outcomes.",not_reported,https://doi.org/10.1016/j.ucl.2024.03.014,https://doi.org/10.1016/j.ucl.2024.03.014,Included,not_applicable,revisión/contexto,Included,not_applicable,"Review of immune-based therapies in pSCC: immune microenvironment, PD-L1, tumour immune cell infiltration and HPV.",agreement,consensus_included,Included,unavailable,Pending,not_applicable,not_applicable
REC-HPVPSCC-000189,New Therapeutic Horizons for Advanced or Metastatic Penile Cancer.,2024,Urol Clin North Am,"Simon, Nicholas; Atiq, Saad; Sonpavde, Guru; Apolo, Andrea",10.1016/j.ucl.2024.03.005,"Penile cancer is a rare malignancy with a poor prognosis. Studies with single-agent immune checkpoint inhibitors (ICIs) have demonstrated efficacy, but response rates are low. Studies combining ICIs with both chemotherapy and targeted therapy are ongoing. Up to 50% of penile cancer cases are associated with human papillomavirus (HPV). HPV-targeting therapies, such as HPV-targeting vaccines and T-cell receptor therapies, are an area of active investigation. Penile cancer cells also express cell surface antigens that may be targeted by the emerging class of antibody-drug conjugates.",not_reported,https://doi.org/10.1016/j.ucl.2024.03.005,https://doi.org/10.1016/j.ucl.2024.03.005,Included,not_applicable,pending,Included,not_applicable,"Review of new therapeutic horizons in advanced pSCC: ICIs, vaccines and HPV-directed TCR therapies.",agreement,consensus_included,Included,retrieved,Included,not_applicable,screening/full_text/REC-HPVPSCC-000189.pdf
REC-HPVPSCC-000190,Final Results From a Phase I Trial and Expansion Cohorts of Cabozantinib and Nivolumab Alone or With Ipilimumab for Advanced/Metastatic Genitourinary Tumors.,2024,J Clin Oncol,"Apolo, Andrea B; Girardi, Daniel M; Niglio, Scot A; Nadal, Rosa; Kydd, Andre R; Simon, Nicholas; Ley, Lisa; Cordes, Lisa M; Chandran, Elias; Steinberg, Seth M; Lee, Sunmin; Lee, Min-Jung; Rastogi, Shraddha; Sato, Nahoko; Cao, Liang; Banday, A Rouf; Boudjadi, Salah; Merino, Maria J; Toubaji, Antoun; Akbulut, Dilara; Redd, Bernadette; Bagheri, Hadi; Costello, Rene; Gurram, Sandeep; Agarwal, Piyush K; Chalfin, Heather J; Valera, Vladimir; Streicher, Howard; Wright, John Joseph; Sharon, Elad; Figg, William D; Parnes, Howard L; Gulley, James L; Saraiya, Biren; Pal, Sumanta K; Quinn, David; Stein, Mark N; Lara, Primo N; Bottaro, Donald P; Mortazavi, Amir",10.1200/jco.23.02233,"PURPOSE: Cabozantinib and nivolumab (CaboNivo) alone or with ipilimumab (CaboNivoIpi) have shown promising efficacy and safety in patients with metastatic urothelial carcinoma (mUC), metastatic renal cell carcinoma (mRCC), and rare genitourinary (GU) tumors in a dose-escalation phase I study. We report the final data analysis of the safety, overall response rate (ORR), progression-free survival (PFS), and overall survival (OS) of the phase I patients and seven expansion cohorts. METHODS: This is an investigator-initiated, multicenter, phase I trial. CaboNivo doublet expansion cohorts included (1) mUC, (2) mRCC, and (3) adenocarcinoma of the bladder/urachal; CaboNivoIpi triplet expansion cohorts included (1) mUC, (2) mRCC, (3) penile cancer, and (4) squamous cell carcinoma of the bladder and other rare GU tumors (ClinicalTrials.gov identifier: NCT02496208). RESULTS: The study enrolled 120 patients treated with CaboNivo (n = 64) or CaboNivoIpi (n = 56), with a median follow-up of 49.2 months. In 108 evaluable patients (CaboNivo n = 59; CaboNivoIpi n = 49), the ORR was 38% (complete response rate 11%) and the median duration of response was 20 months. The ORR was 42.4% for mUC, 62.5% for mRCC (n = 16), 85.7% for squamous cell carcinoma of the bladder (n = 7), 44.4% for penile cancer (n = 9), and 50.0% for renal medullary carcinoma (n = 2). Grade ≥ 3 treatment-related adverse events occurred in 84% of CaboNivo patients and 80% of CaboNivoIpi patients. CONCLUSION: CaboNivo and CaboNivoIpi demonstrated clinical activity and safety in patients with multiple GU malignancies, especially clear cell RCC, urothelial carcinoma, and rare GU tumors such as squamous cell carcinoma of the bladder, small cell carcinoma of the bladder, adenocarcinoma of the bladder, renal medullary carcinoma, and penile cancer.",not_reported,https://doi.org/10.1200/jco.23.02233,https://doi.org/10.1200/jco.23.02233,Included,not_applicable,pending,Included,not_applicable,Phase I trial of cabozantinib plus nivolumab (with or without ipilimumab) with a dedicated penile cancer expansion cohort; response to immunotherapy. Mixed cohort: extract the penile subgroup.,agreement,consensus_included,Included,retrieved,Included,not_applicable,screening/full_text/REC-HPVPSCC-000190.pdf
REC-HPVPSCC-000191,"Penile intraepithelial neoplasia incidence, clinical classification, microenvironment and implications for imiquimod treatment.",2024,BJU Int,"Avitan, Ofir; Rafael, Tynisha; Vreeburg, Manon; Elst, Laura; Bekers, Elise M; Albersen, Maarten; Jordanova, Ekaterina S; Brouwer, Oscar",10.1111/bju.16473,"OBJECTIVES: To provide an outline of the existing data on penile intraepithelial neoplasia (PeIN), as well as a narrative review on imiquimod (IQ; a toll-like receptor 7 agonist) treatment and immune microenvironment markers that may predict response to treatment. METHODS: A narrative review of the literature from 2000 to the present was conducted on PubMed, and we describe the most relevant data and cross references. RESULTS: The incidence of PeIN is increasing. Local therapy with IQ may offer an easy applicable treatment with complete response rates of up to 63% but can be associated with considerable side-effects. There is no conclusive data on the optimal treatment schedule for PeIN, but evaluation of treatment results for other human papillomavirus-related pre-malignancies suggest three times a week for a duration up to 16 weeks. There are no published studies concerning the PeIN immune microenvironment. However, findings from the few studies on penile cancer and pre-cancerous vulvar and cervical lesions imply that specific immune cell subpopulations can serve as future predictors for successful immunomodulation treatments such as IQ. CONCLUSIONS: Overall, limited data are available on IQ treatment for PeIN and no published data exists on the PeIN immune microenvironment. Further translational studies are warranted to gain more understanding on the pathophysiology of PeIN and potential predictors of progression and of response to topical treatments.",not_reported,https://doi.org/10.1111/bju.16473,https://doi.org/10.1111/bju.16473,Included,not_applicable,revisión/contexto,Maybe,not_applicable,"PeIN (precursor lesion) and imiquimod, with a review of immune microenvironment markers predicting response. Relevant to TIME but pre-invasive population.",conflict,consensus_included,Included,unavailable,Pending,not_applicable,not_applicable
REC-HPVPSCC-000192,Advances in molecular basis of response to immunotherapy for penile cancer: better screening of responders.,2024,Front Oncol,"Xu, Da-Ming; Chen, Ling-Xiao; Zhuang, Xiao-Yu; Han, Hui; Mo, Miao",10.3389/fonc.2024.1394260,"Penile cancer is a rare malignant tumor of the male urinary system. The treatment benefit of standard first-line chemotherapy is not ideal for patients with locally advanced or metastatic lymph nodes. Immunotherapy has brought new treatment strategies and opportunities for patients with penile cancer. At present, clinical studies on immunotherapy for penile cancer have been reported, and the results show that it is effective but not conclusive. With the development of immunotherapy and the progress of molecular research technology, we can better screen the immunotherapy response population and explore new combination treatment regimens to evaluate the best combination regimen and obtain the optimal treatment options, which is also an important research direction for the immunotherapy of penile cancer in the future.",not_reported,https://doi.org/10.3389/fonc.2024.1394260,https://doi.org/10.3389/fonc.2024.1394260,Included,not_applicable,pending,Included,not_applicable,Review of the molecular basis of response to immunotherapy in penile cancer and selection of responders.,agreement,consensus_included,Included,retrieved,Included,not_applicable,screening/full_text/REC-HPVPSCC-000192.pdf
REC-HPVPSCC-000193,A model of tertiary lymphatic structure-related prognosis for penile squamous cell carcinoma.,2024,BMC Urol,"Tang, Han; Su, Zhengwei; Huang, Qingming; Li, Yongpeng; Chen, Rongchao; Ban, Chengjie; Liu, Chanzhen; Lu, Haoyuan; Yi, Xian-Lin; Tang, Yong",10.1186/s12894-024-01532-6,"BACKGROUND: We investigated the feasibility of the tertiary lymphoid structure (TLS) as a prognostic marker for penile squamous cell carcinoma(SCC). METHODS: We retrospectively collected data from 83 patients with penile squamous cell carcinoma. H&E-stained slides were reviewed for TLS density. In addition, clinical parameters were analyzed, the prognostic value of these parameters on overall survival (OS) was evaluated using ‒ Kaplan-Meier survival curves, and the prognostic value of influencing factors was evaluated using Cox multifactor design nomogram analysis. RESULT: BMI, T, N, and M are significant in the survival curve with or without tertiary lymphoid structure. BMI, T, N, M and TLS were used to construct a prognostic model for penile squamous cell carcinoma, and the prediction accuracy reached a consensus of 0.884(0.835-0.932), and the decision consensus reached 0.581(0.508-0.655). CONCLUSION: TLS may be a positive prognostic factor for penile squamous cell carcinoma, and the combination of BMI, T, N and M can better evaluate the prognosis of patients.",not_reported,https://doi.org/10.1186/s12894-024-01532-6,https://doi.org/10.1186/s12894-024-01532-6,Included,not_applicable,pending,Included,not_applicable,Tertiary lymphoid structures (immune component of the microenvironment) as a prognostic factor in 83 pSCC.,agreement,consensus_included,Included,retrieved,Included,not_applicable,screening/full_text/REC-HPVPSCC-000193.pdf
REC-HPVPSCC-000194,Immunotherapy for penile cancer.,2024,Nat Rev Urol,"Lloyd, Louise",10.1038/s41585-024-00932-5,[Resumen no disponible],not_reported,https://doi.org/10.1038/s41585-024-00932-5,https://doi.org/10.1038/s41585-024-00932-5,Included,not_applicable,sin abstract; por título,Maybe,not_applicable,"Title on topic (immunotherapy for penile cancer, Nat Rev Urol) but no abstract; verify whether it is a review or a research highlight.",conflict,consensus_included,Included,retrieved,Included,not_applicable,screening/full_text/REC-HPVPSCC-000194.pdf
REC-HPVPSCC-000195,Penile Metastasis From Esophageal Squamous Cell Cancer.,2024,Gastro Hep Adv,"Hayata, Naoki; Araki, Norio; Miyamoto, Shin'ichi",10.1016/j.gastha.2024.02.001,[Resumen no disponible],not_reported,https://doi.org/10.1016/j.gastha.2024.02.001,https://doi.org/10.1016/j.gastha.2024.02.001,Excluded,wrong population,metástasis peniana de otro primario,Excluded,wrong population,Penile metastasis from oesophageal squamous cell carcinoma; not primary pSCC.,agreement,consensus_excluded,Excluded,not_required_after_initial_screening,Pending,wrong population,not_applicable
REC-HPVPSCC-000196,"Squamous Cell Carcinoma In Situ-The Importance of Early Diagnosis in Bowen Disease, Vulvar Intraepithelial Neoplasia, Penile Intraepithelial Neoplasia, and Erythroplasia of Queyrat.",2024,Diagnostics (Basel),"Scurtu, Lucian G; Scurtu, Francesca; Dumitrescu, Sebastian Catalin; Simionescu, Olga",10.3390/diagnostics14161799,"Cutaneous squamous cell carcinoma (cSCC) is the second-most-prevalent malignancy in humans. A delayed diagnosis of cSCC leads to heightened invasiveness and positive surgical margins. Bowen's disease (BD) represents an early form of cSCC and presents as a small erythematous, photo-distributed, psoriasiform plaque. Although certain dermoscopy features in BD are quite characteristic, histopathology remains the gold standard for diagnosis and provides a severity-scoring system that assists in guiding appropriate treatment strategies. The classification of precancerous lesions of the vulva and penis has undergone multifarious transformations due to variations in clinical and histopathological characteristics. Presently, erythroplasia of Queyrat is categorized as a clinical variant of penile intraepithelial neoplasia (PeIN). The diagnoses of vulvar intraepithelial neoplasia (VIN) and PeIN present significant challenges and typically necessitate one or more biopsies, potentially guided by dermoscopy. Aceto-white testing demonstrates a notably high negative predictive value for genital precancerous lesions. Histopathological examination represents the gold-standard diagnosis in VIN and PeIN, while p16 and p53 immunostainings alongside HPV testing provide crucial diagnostic clues. The histopathologic features, degree of differentiation, and associations with lichen planus, lichen sclerosus, and HPV guide the selection of conservative treatments or surgical excision.",not_reported,https://doi.org/10.3390/diagnostics14161799,https://doi.org/10.3390/diagnostics14161799,Excluded,wrong outcome,PeIN/BLT sin TIME,Excluded,wrong population,"Squamous cell carcinoma in situ (Bowen disease, VIN, PeIN, erythroplasia of Queyrat); pre-invasive lesions with a diagnostic focus.",agreement,consensus_excluded,Excluded,not_required_after_initial_screening,Pending,wrong outcome,not_applicable
REC-HPVPSCC-000197,Molecular characterization of metastatic penile squamous cell carcinoma in developing countries and its impact on clinical outcomes: LACOG 2018 translational study.,2025,Oncologist,"Monteiro, Fernando Sabino Marques; Alencar Junior, Antonio Machado; da Trindade, Karine Martins; Rebelatto, Taiane Francieli; Maluf, Fernando C; Gazzola, Antonia A; Barrios, Pablo M; Bellmunt, Joaquim; de Jesus, Rafaela Gomes; Silva, Gyl Eanes Barros; Teixeira Junior, Antonio Augusto Lima; Spiess, Philippe E; Fay, Andre P",10.1093/oncolo/oyae220,"BACKGROUND: Penile squamous cell carcinoma (PSCC) is a rare malignancy. However, in developing countries the incidence rate is higher. The understanding of molecular alterations is essential for evaluating possible targets for more effective systemic therapies. METHODS: We retrospectively collected clinical data of metastatic PSCC (mPSCC) patients who had received at least one prior systemic treatment from 3 Brazilian hospitals. Tumor samples were evaluated using the next-generation sequencing (NGS) Foundation One DX and immunohistochemistry (IHC). The objective was to identify and describe somatic genomic alterations known to be functional or pathogenic and their association with survival outcomes. RESULTS: Twenty-three patients were identified, 22 and 18 patients had tumor samples analyzed by IHC and NGS, respectively. PD-L1 expression (CPS ≥ 1%) was positive in 14 patients (63.6%). Regarding the genomic alterations, 16 patients (88.9%) had some clinically relevant genomic alterations. TP53, TERT, CDKN2A, PIK3CA, NOTCH1, and CDKN2B loss were identified in 66.7%, 50%, 50%, 33.3%, 27.8%, and 22.2% of the patients, respectively. No MSI or TMB high (≥10 mutations/MB) cases were identified. NOTCH1 mutation was identified only in HPV-negative patients and it was associated with worse OS (yes: 5.5 vs no: 12.8 months, P = .049) and progression-free survival (yes: 5.5 vs no: 11.7 months, P = .032). CONCLUSION: This study demonstrated that molecular alterations in mPSCC from developing countries are similar to those from developed countries. Predictive biomarkers for immunotherapy response such as TMB high or MSI were not identified. Specific gene mutations may identify patients with worse prognoses and open new avenues for therapeutic development.",not_reported,https://doi.org/10.1093/oncolo/oyae220,https://doi.org/10.1093/oncolo/oyae220,Included,not_applicable,pending,Included,not_applicable,Molecular characterisation of metastatic pSCC (LACOG) with PD-L1 by IHC (CPS>=1 in 63.6%) and clinical outcomes.,agreement,consensus_included,Included,retrieved,Included,not_applicable,screening/full_text/REC-HPVPSCC-000197.pdf
REC-HPVPSCC-000198,Relationship between NLR and penile squamous cell carcinoma: a systematic review and meta-analysis.,2024,BMC Urol,"Babadi, Saghar; Shahri, Matin Moallem; Nematollahi, Sima Foroughi; Barpujari, Arnav; Clark, Alec; Lucke-Wold, Brandon; Sarejloo, Shirin; Ghaedi, Arshin; Bazrgar, Aida; Khanzadeh, Shokoufeh",10.1186/s12894-024-01569-7,"OBJECTIVE: We conducted this study to summarize the results of studies reporting the role of NLR (neutrophil to lymphocyte ratio) in PSCC (penile squamous cell carcinoma). METHODS: This meta-analysis was conducted using the PRISMA (Preferred Reporting Items for Systematic Reviews and Meta-Analyses) criteria. A systematic search was conducted on PubMed, Scopus, and web of science up to March 10, 2023. Fourteen studies were included in the review. The NOS (Newcastle-Ottawa Scale) was used to determine the quality of the included studies. This meta-analysis was conducted on the studies reporting the relationship between NLR and survival using HR (hazard ratio) and 95% CI (confidence interval). RESULTS: There was a significant association between NLR levels and the prognosis, nodal stage, and anatomical tumor stage of PSCC patients. In the meta-analysis of the association of NLR with survival, NLR level was significantly associated with lower cancer-specific survival (HR = 3.51, 95% CI = 2.07-5.98, p < 0.001) and lower disease-free survival (HR = 2.88, 95% CI = 1.60-5.20, p < 0.001). However, NLR was found to have no association with the stage, grade, location, and size of the tumor. CONCLUSION: NLR has a significant diagnostic and prognostic value in PSCC.",not_reported,https://doi.org/10.1186/s12894-024-01569-7,https://doi.org/10.1186/s12894-024-01569-7,Excluded,wrong outcome,pase: NLR sistémico; no composición TIME tumoral,Excluded,wrong outcome,"Meta-analysis of NLR in pSCC; systemic inflammatory marker in peripheral blood, not the tumour immune microenvironment.",agreement,consensus_excluded,Excluded,not_required_after_initial_screening,Pending,wrong outcome,not_applicable
REC-HPVPSCC-000199,"Hybrid Bladder Tumor: Urothelial Carcinoma With Squamous Cell Differentiation, Urothelial Sarcomatoid Carcinoma, and Concurrent Primary Mucinous Adenocarcinoma With Metastasis to the Penis.",2024,Cureus,"Antonov, Petar; Raycheva, Gabriela; Ivanov, Georgi; Ivanov, Atanas; Uchikov, Petar; Popov, Veselin; Tzigarovski, Georgi; Timev, Alexandar; Grudeva, Zhanet",10.7759/cureus.68894,"The most common histological variants of bladder cancer include urothelial, squamous, and adenocarcinoma. In high-grade, invasive urothelial carcinoma, divergent differentiation can be observed, including glandular, squamous, trophoblastic, and small-cell types. Urothelial sarcomatoid carcinoma is characteristic of advanced carcinomas and is considered a possible common end route for all epithelial carcinomas. Adenocarcinoma of the bladder refers exclusively to true glandular carcinomas. Hybrid tumors are extremely rare and consist of more than one tumor type within the total tumor mass. Penile metastases are extremely uncommon, and there are no reported cases of metastatic adenocarcinoma of the bladder in the literature.",not_reported,https://doi.org/10.7759/cureus.68894,https://doi.org/10.7759/cureus.68894,Excluded,wrong outcome,pSCC sin TIME/HPV/IT,Excluded,wrong population,Hybrid bladder tumour with penile metastasis; not primary pSCC.,agreement,consensus_excluded,Excluded,not_required_after_initial_screening,Pending,wrong outcome,not_applicable
REC-HPVPSCC-000200,Construction and validation of a prediction model for inguinal lymph node metastasis of penile malignancy.,2024,Transl Androl Urol,"Zhang, Kun; Dai, Longguo; Wang, Huijian; Xu, Shiyi; Cheng, Xianli; Wang, Yang; Jiang, Haiyang; Zhang, Chongjian; Zhu, Bingyu; Shi, Yuanlong; Bai, Yu",10.21037/tau-24-145,"BACKGROUND: Penile squamous cell carcinoma is a relatively rare malignancy among male malignancies, there are more than 30,000 new cases and more than 10,000 deaths of penile cancer annually. In patients with penile malignancy, inguinal lymph node metastasis (ILNM) significantly reduces patient survival. Thus, we identified the risk factors for ILNM in penile malignancies, aiming to develop a precise prediction model. METHODS: We retrospectively analyzed 112 male patients with penile cancer. All subjects underwent penile surgery and inguinal lymphadenectomy at the same time, and postoperative pathology confirmed ILNM. Fisher's exact test, t-test, and Wilcoxon rank sum test were used to assess differences in demographic information and clinical features between the two groups, followed by logical least absolute shrinkage and selection operator (LASSO) regression analysis to determine risk factors of ILNM. The prediction model was constructed using nomogram. RESULTS: LASSO regression revealed that age [β=-0.005, odds ratio (OR) =0.995], smoking history (β=-0.006, OR =0.994) and interleukin 2 (IL-2) level (β=-0.0112, OR =0.989) were protective against ILNM. However, lymph node diameter (β=0.3117, OR =1.366), T-stage (β=0.1254, OR =1.134), fibrinogen (β=0.0377, OR =1.038), IL-4 level (β=0.004, OR =1.001), and neutrophil-to-lymphocyte ratio (β=0.0355, OR =1.034) were risk factors for developing ILNM. When assessing the risk of metastasis, it is crucial to balance these factors. The aforementioned characteristics were utilized to establish the predictive model, which demonstrated a good predictive ability with an area under the curve (AUC) value of 0.81. Moreover, internal leave-one-way cross-validation was used to construct a nomogram showing consistency, with an AUC of 0.75. CONCLUSIONS: The diagnosis of ILNM in penile malignant tumors can be predicted through clinicopathological features, biochemical tests, and prediction models based on tumor markers.",not_reported,https://doi.org/10.21037/tau-24-145,https://doi.org/10.21037/tau-24-145,Excluded,wrong outcome,modelo predicción ganglio; sin TIME,Excluded,wrong outcome,"Predictive model of inguinal metastasis based on serum IL-2/IL-4, fibrinogen and NLR; systemic markers, not TIME.",agreement,consensus_excluded,Excluded,not_required_after_initial_screening,Pending,wrong outcome,not_applicable
REC-HPVPSCC-000201,The impact of the tumor microenvironment on the survival of penile cancer patients.,2024,Sci Rep,"Lohse, Stefan; Mink, Jan Niklas; Eckhart, Lea; Hans, Muriel Charlotte; Jusufi, Leuart; Zwick, Anabel; Mohr, Tobias; Bley, Isabelle Ariane; Khalmurzaev, Oybek; Matveev, Vsevolod Borisovich; Loertzer, Philine; Pryalukhin, Alexey; Hartmann, Arndt; Geppert, Carol-Immanuel; Loertzer, Hagen; Wunderlich, Heiko; Lenhof, Hans-Peter; Naumann, Carsten Maik; Kalthoff, Holger; Junker, Kerstin",10.1038/s41598-024-70855-z,"PeCa is a rare entity with rising incidence rates due to increased infections with human papillomaviruses (HPV). The distinct subtypes of PeCa with an individual pathogenesis demand biomarkers for a precise patient risk assessment regarding disease progression and therapeutic susceptibility. We recently identified promising candidates associated with an HPV-instructed tumor microenvironment (TME) using HPV-positive PeCa cell lines and tissue microarrays (TMA). The capacity of HPV + p63 + PeCa cells to release neutrophil-attracting CXCL-8 provided a molecular link explaining the infiltration of CD15 + myeloid cells in PeCa specimens. The candidate biomarkers HPV, p63, CD15, DKK1, and CD147 linked a tumor-promoting TME with a higher TNM classification reflecting more aggressive and metastasizing cancers. Based on immune-reactive scores (IRS) from TMA staining for these biomarkers, we calculated correlations and conducted association analyses to assess the degree of relationship between all biomarkers. We then conducted Kaplan-Meier survival estimates and Cox regression analyses to delineate the impact on PeCa patient survival. There is a notable predictive potential regarding the survival of patients with biomarker profiles beyond the potency of the individual biomarker. From all candidate biomarkers and biomarker profiles, the combination of CD147 and infiltrating CD15 + cells linked to an active HPV-driven transformation displayed cancer-immune dynamics with dismal prognosis for patients. After deciphering relevant interdependencies, the HPV + CD147 + CD15 + status was the most potent profile predicting metastasis-free survival of PeCa patients. The results of this report underscore the need for analysis of the TME and the development of multi-parameter composite scores that reflect fundamental cancer-immune relationships to tailor therapeutic interventions based on actual cancer immune dynamics.",not_reported,https://doi.org/10.1038/s41598-024-70855-z,https://doi.org/10.1038/s41598-024-70855-z,Included,not_applicable,pending,Included,not_applicable,"Impact of the tumour microenvironment on survival in penile cancer: HPV-instructed TME, CD15+ myeloid infiltration, CXCL-8.",agreement,consensus_included,Included,retrieved,Included,not_applicable,screening/full_text/REC-HPVPSCC-000201.pdf
REC-HPVPSCC-000202,"HPV and Penile Cancer: Epidemiology, Risk Factors, and Clinical Insights.",2024,Pathogens,"Mannam, Gowtam; Miller, Justin W; Johnson, Jeffrey S; Gullapalli, Keerthi; Fazili, Adnan; Spiess, Philippe E; Chahoud, Jad",10.3390/pathogens13090809,"Penile cancer (PC) is a rare malignancy predominantly of squamous cell origin. Approximately 40% of penile tumors are associated with human papillomavirus (HPV) infection. Diagnosing PC remains challenging due to its rarity and variety of clinical presentations. Furthermore, the impact of HPV on the tumor immune microenvironment complicates clinical management, although recent advancements in immune checkpoint inhibitors (ICIs) have shown some efficacy in treating HPV-associated PC. Ongoing research efforts aim to develop oncologic treatments that target HPV-induced cellular modifications. Additionally, novel therapeutic vaccines and adoptive T-cell therapies targeting HPV oncoproteins represent emerging treatment modalities. Our review highlights the complex interplay between HPV and penile carcinogenesis, emphasizing its epidemiology, etiology, clinicopathological characteristics, and potential therapeutic implications.",not_reported,https://doi.org/10.3390/pathogens13090809,https://doi.org/10.3390/pathogens13090809,Included,not_applicable,revisión/contexto,Included,not_applicable,"Review of HPV and penile cancer addressing the impact of HPV on the tumour immune microenvironment, ICIs, vaccines and adoptive therapies.",agreement,consensus_included,Included,retrieved,Included,not_applicable,screening/full_text/REC-HPVPSCC-000202.pdf
REC-HPVPSCC-000203,Programmed death-ligand expression and lymph node involvement in penile squamous cell carcinoma.,2024,Arch Ital Urol Androl,"Peyroteo, Inês; Santos, Filipa; Marialva, Celso; Brito Ramos, Rodrigo",10.4081/aiua.2024.12856,"PURPOSE: Our objective was to investigate the association between programmed death-ligand (PD-L1) immunoexpression measured as a combined positive score and clinical outcomes in penile SqCC. MATERIALS AND METHODS: We retrospectively reviewed all penile SqCC cases diagnosed in our institution between 2018 and 2023. PD-L1 immunohistochemistry was performed as a qualitative assay. Immunoexpression in both tumor and immune cells equal or superior to 1 was considered positive. RESULTS: A total of 34 patients with conventional penile SqCC were included. Eleven cases were HPV-associated (32.4%). Twelve cases were PD-L1 CPS < 1 and twenty-two were PD-L1 CPS ≥ 1. Nine cases (32.4%) were PD-L1 CPS ≥ 1 and p16 positive, but this did not translate in worse clinicopathological features. Larger tumors (3.0 cm in PD-L1 CPS ≥ 1 vs 2.5 cm in PD-L1 CPS < 1; p = 0.662), vascular invasion (36.4% in PD-L1 CPS ≥ 1 vs. 25.0% in PD-L1 CPS < 1; p = 0.705) and perineural invasion (40.9% in PD-L1 CPS≥1 vs. 16.7% in PD-L1 CPS < 1; p = 0.252) were associated with PD-L1 expression. Among the high-risk features, only lymph node involvement had statistical significance, with 14 out of 22 PD-L1 CPS ≥ 1 patients (63.6%) having lymph node metastases when lymphadenectomy was performed (p = 0.031). With a median follow-up of 16 months (IQR 27.5), PD-L1 CPS ≥ 1 patients had worse overall survival (53.4 months vs 75.9 months), but no statistical significance could be inferred (p = 0.188). CONCLUSIONS: It is noteworthy the clinical significance of lymph node involvement in PD-L1 CPS ≥ 1 cases and a trend towards worse overall survival in this group of patients.",not_reported,https://doi.org/10.4081/aiua.2024.12856,https://doi.org/10.4081/aiua.2024.12856,Included,not_applicable,pending,Included,not_applicable,"PD-L1 (CPS) and lymph node involvement in 34 pSCC, with the proportion of HPV-associated cases (p16).",agreement,consensus_included,Included,unavailable,Pending,not_applicable,not_applicable
REC-HPVPSCC-000204,Elevated Microsatellite Alterations at Selected Tetranucleotide Repeats (EMAST) in Penile Squamous Cell Carcinoma-No Evidence for a Role in Carcinogenesis.,2024,Curr Oncol,"Fiegl, August; Wendler, Olaf; Giedl, Johannes; Gaisa, Nadine T; Richter, Georg; Campean, Valentina; Burger, Maximilian; Simmer, Femke; Nagtegaal, Iris; Wullich, Bernd; Bertz, Simone; Hartmann, Arndt; Stoehr, Robert",10.3390/curroncol31100427,"Penile squamous cell carcinoma (pSCC) is a rare malignancy with a global incidence ranging from 0.1 to 0.7 per 100,000 males. Prognosis is generally favorable for localized tumors, but metastatic pSCC remains challenging, with low survival rates. The role of novel biomarkers, such as tumor mutational burden (TMB) and microsatellite instability (MSI), in predicting the response to immune checkpoint inhibitors (ICIs) has been investigated in various cancers. However, MSI has not been observed in pSCC, limiting immunotherapy options for this patient subgroup. Elevated microsatellite alterations at selected tetranucleotide repeats (EMAST) are a distinct form of genomic instability associated with deficient MSH3 expression, which has been proposed as a potential biomarker in several cancers. This study investigates EMAST and MSH3 expression in a cohort of 78 pSCC cases using PCR, fragment analysis and immunohistochemistry. For the detection of EMAST, the stability of five microsatellite markers (D9S242, D20S82, MYCL1, D8S321 and D20S85) was analyzed. None of the cases showed an instability. As for MSH3 immunohistochemistry, all analyzable cases showed retained MSH3 expression. These results strongly suggest that neither EMAST nor MSH3 deficiency is involved in the carcinogenesis of pSCC and do not represent reliable predictive biomarkers in this entity. Furthermore, these findings are in full agreement with our previous study showing a very low frequency of MSI and further support the thesis that EMAST and MSI are strongly interconnected forms of genomic instability. Further research is needed to explore novel therapeutic targets and predictive biomarkers for immunotherapy in this patient population.",not_reported,https://doi.org/10.3390/curroncol31100427,https://doi.org/10.3390/curroncol31100427,Excluded,wrong outcome,EMAST microsatélites; sin TIME,Maybe,not_applicable,"EMAST/MSH3 in 78 pSCC, framed as a biomarker of ICI response; does not measure TIME and does not stratify by HPV. Same criterion as other genomic instability studies - resolve by consensus.",conflict,consensus_excluded,Excluded,not_required_after_initial_screening,Pending,wrong outcome,not_applicable
REC-HPVPSCC-000205,Human papillomavirus infection affects the immune microenvironment and antigen presentation in penile cancer.,2024,Front Oncol,"Guimarães, Sulayne Janayna Araujo; Vale, André Alvares Marques; Rocha, Mirtes Castelo Branco; Butarelli, Ana Luiza de Araújo; da Silva, Jenilson Mota; de Deus, Amanda Jordão Silva; Nogueira, Leudivan; Coelho, Ronald Wagner Pereira; Pereira, Silma Regina; Azevedo-Santos, Ana Paula Silva",10.3389/fonc.2024.1463445,"Penile squamous cell carcinoma (PSCC) is a largely neglected condition, predominantly affecting underdeveloped regions, and is associated with risk factors such as low socioeconomic status, phimosis, and human papillomavirus (HPV) infection. Unlike other urogenital cancers, its pathophysiology and therapeutic targets remain poorly understood, particularly regarding the immune response to the tumor microenvironment. This study aims to investigate immune cell infiltration profiles, dendritic cell maturation, and lymphocyte apoptosis in both HPV-positive and HPV-negative PSCC. Clinical and histopathological data, along with peripheral blood and tumor tissue samples, were collected from 30 patients (66.6% were HPV-positive and 33.3% HPV-negative), with an additional 19 healthy donors serving as controls. Tumor-infiltrating immune cells were analyzed following enzymatic digestion of tumor tissue, enabling detailed phenotypic characterization. A simulated tumor microenvironment was created using supernatants derived from primary cultures of HPV-positive PSCC tumors. Peripheral blood mononuclear cells were isolated and differentiated into dendritic cells (Mo-DCs) for further phenotyping and lymphoproliferation assays. Lymphocytes from healthy donors and patients were exposed to tumor culture supernatants to evaluate apoptosis induced by the tumor microenvironment. Results showed that HPV-positive tumors exhibited lower T lymphocyte frequencies compared to HPV-negative tumors. Additionally, patients infected with high-risk HPV demonstrated reduced maturation rates of Mo-DCs and decreased expression of co-stimulatory molecules on these cells compared to healthy donors. Furthermore, Mo-DCs from hrHPV-positive patients showed impaired lymphoproliferation capacity relative to controls, while HPV-negative patients exhibited a trend towards reduced lymphoproliferative ability. Regarding the simulated tumor microenvironment, lymphocytes from healthy donors underwent apoptosis, contrasting with patients' lymphocytes, which showed increased viability when cultured with tumor supernatants. These results underscore the impact of HPV infection on T lymphocyte infiltration, Mo-DC maturation, and lymphocyte survival in PSCC, offering critical insights for advancing our understanding of the tumor microenvironment and guiding the development of immunotherapy strategies.",not_reported,https://doi.org/10.3389/fonc.2024.1463445,https://doi.org/10.3389/fonc.2024.1463445,Included,not_applicable,pending,Included,not_applicable,"Immune infiltration profile, dendritic cell maturation and lymphocyte apoptosis in HPV+ vs HPV- pSCC (30 patients).",agreement,consensus_included,Included,retrieved,Included,not_applicable,screening/full_text/REC-HPVPSCC-000205.pdf
REC-HPVPSCC-000206,Systematic comparison of fluorescence imaging in the near-infrared and shortwave-infrared spectral range using clinical tumor samples containing cetuximab-IRDye800CW.,2025,J Biomed Opt,"Keizers, Bas; Nijboer, Thomas S; van der Fels, Christa A M; van den Heuvel, Marius C; van Dam, Gooitzen M; Kruijff, Schelto; Jan de Jong, Igle; Witjes, Max J H; Voskuil, Floris J; Gorpas, Dimitris; Browne, Wesley R; van der Zaag, Pieter J",10.1117/1.jbo.30.s1.s13708,"SIGNIFICANCE: Shortwave-infrared (SWIR) imaging is reported to yield better contrast in fluorescence-guided surgery than near-infrared (NIR) imaging, due to a reduction in scattering. This benefit of SWIR was shown in animal studies, however not yet in clinical studies with patient samples. AIM: We investigate the potential benefit of SWIR to NIR imaging in clinical samples containing cetuximab-IRDye800CW in fluorescence-guided surgery. APPROACH: The potential of the epidermal growth factor-targeted NIR dye cetuximab-IRDye800CW in the shortwave range was examined by recording the absorption and emission spectrum. An ex vivo comparison of NIR and SWIR images using clinical tumor samples of patients with penile squamous cell carcinoma (PSCC) and head and neck squamous cell carcinoma (HNSCC) containing cetuximab-IRDye800CW was performed. The comparison was based on the tumor-to-background ratio and an adapted contrast-to-noise ratio (aCNR) using the standard of care pathology tissue assessment as the golden standard. RESULTS: Based on the emission spectrum, cetuximab-IRDye800CW can be detected in the SWIR range. In clinical PSCC samples, overall SWIR imaging was found to perform similarly to NIR imaging (NIR imaging is better than SWIR in the 2/7 criteria examined, and SWIR is better than NIR in the 3/7 criteria). However, when inspecting HNSCC data, NIR is better than SWIR in nearly all (5/7) examined criteria. This difference seems to originate from background autofluorescence overwhelming the off-peak SWIR fluorescence signal in HNSCC tissue. CONCLUSION: SWIR imaging using the targeted tracer cetuximab-IRDye800CW currently does not provide additional benefit over NIR imaging in ex vivo clinical samples. Background fluorescence in the SWIR region, resulting in a higher background signal, limits SWIR imaging in HNSCC samples. However, SWIR shows potential in increasing the contrast of tumor borders in PSCC samples, as shown by a higher aCNR over a line.",not_reported,https://doi.org/10.1117/1.jbo.30.s1.s13708,https://doi.org/10.1117/1.jbo.30.s1.s13708,Excluded,wrong outcome,molecular/clínico sin TIME/IT,Excluded,wrong outcome,Comparison of NIR vs SWIR fluorescence imaging in tumour samples; technical imaging outcome.,agreement,consensus_excluded,Excluded,not_required_after_initial_screening,Pending,wrong outcome,not_applicable
REC-HPVPSCC-000207,A Rare Case of Malignant Melanoma of the Glans Penis in a Young Male Treated with an Organ-Preserving Surgical Procedure.,2024,Cureus,"Kumar, Senthil; Sahu, Anurag; Jambunathan, Saravanan; Chandrashekhar, Shantanu; Kanakasabapathy, Saravanan",10.7759/cureus.71819,"Penile melanoma is a rare and highly invasive cancer that is generally diagnosed in the sixth to seventh decades of life. We report a rare case of primary malignant melanoma of the glans penis in a 38-year-old man who presented with a proliferative lesion over the glans with discoloration for six months. The clinical and metastatic workups were unremarkable. Circumcision and biopsy performed outside showed characteristics of squamous cell carcinoma. We treated the patient with a partial penectomy, and the histopathological examination was suggestive of malignant melanoma. A stump revision with bilateral superficial inguinal lymph node dissection was performed. As per the oncologist's opinion, the patient underwent chemotherapy and immunotherapy after surgery. No recurrence or metastasis occurred during the one-year follow-up.",not_reported,https://doi.org/10.7759/cureus.71819,https://doi.org/10.7759/cureus.71819,Excluded,wrong population,melanoma del glande,Excluded,wrong population,Malignant melanoma of the glans; not squamous cell carcinoma.,agreement,consensus_excluded,Excluded,not_required_after_initial_screening,Pending,wrong population,not_applicable
REC-HPVPSCC-000208,French AFU Cancer Committee Guidelines-Update 2024-2026: Penile cancer.,2024,Fr J Urol,"Neuville, Paul; Escoffier, Agate; Savoie, Pierre-Henri; Fléchon, Aude; Branger, Nicolas; Rocher, Laurence; Camparo, Philippe; Murez, Thibaut; Rouprêt, Morgan",10.1016/j.fjurol.2024.102736,"OBJECTIVE: Update of the recommendations for the management of penile lesions. MATERIALS AND METHODS: Comprehensive PubMed review from 2022 of the literature on the diagnosis, treatment and follow-up of penile tumours. The level of evidence of the studies was assessed. RESULTS: A total of 95% of infiltrating penile cancers are squamous cell carcinomas, one-third of which are related to human papillomavirus (HPV) infection. Clinical examination can reveal the size of the lesion, its location, its proximity to the urethral meatus and its infiltration depth. Urinary and sexual function should be assessed. Magnetic resonance imaging (MRI) is the gold standard for local assessment. Penile tumours are classified as low-risk (≤pT1a and well-differentiated G1), intermediate-risk (pT1a G2) or high-risk (≥pT1b, G3, or sarcomatoid contingent). Lymph node assessment in penile cancer is fundamental. The sentinel node technique is recommended for the evaluation of cN0 patients with tumours of intermediate risk or higher. 18FDG PET is recommended for cN+ patients. Surgery is the standard treatment locally and depends on the size, location and grade of the tumour. Topical treatment or brachytherapy may be indicated in some cases. Radical inguinal curettage (RIC) is recommended for stages cN1/cN2. Neoadjuvant chemotherapy is recommended for patients with cN3-stage lesions, combined with RIC in responders. Metastatic forms may be treated with palliative chemotherapy and immunotherapy as part of a clinical trial. CONCLUSION: The treatment of penile cancer is essentially surgery, with or without chemotherapy in the case of lymph node involvement. The main prognostic factor is lymph node involvement, which justifies early diagnostic and therapeutic management of the inguinal areas.",not_reported,https://doi.org/10.1016/j.fjurol.2024.102736,https://doi.org/10.1016/j.fjurol.2024.102736,Excluded,wrong outcome,pase: guías AFU clínicas; no TIME,Excluded,wrong publication type,Clinical practice guideline (AFU) on penile cancer management; no TIME data.,agreement,consensus_excluded,Excluded,not_required_after_initial_screening,Pending,wrong outcome,not_applicable
REC-HPVPSCC-000209,Gene Expression Profiling of the Peritumoral Immune Cell Infiltrate of Penile Squamous Cell Carcinomas.,2024,Int J Mol Sci,"Winkelmann, Ria; Becker, Nina; Leichner, Regina; Wild, Peter J; Demes, Melanie; Banek, Severine; Döring, Claudia; Bein, Julia",10.3390/ijms252212142,"Penile carcinomas are rare tumors in Europe and need further investigations due to their inferior prognosis in late tumor stages. The presence of disparate immune cell infiltrates was observed in these tumors, which were subsequently demonstrated to give rise to divergent tumor prognoses. The objective was to further characterize this immune cell infiltrate with the use of immunohistochemistry and RNA expression. A total of twelve well-characterized cases of penile squamous cell carcinomas with known infection status by human papillomavirus (HPV) and p16 status were assessed. The cases were classified according to their morphological characteristics, including those exhibiting a pronounced peritumoral immune cell infiltrate and those with less peritumoral immune cell infiltration. The generation of RNA expression data was conducted using the nCounter^® PanCancer Immune Profiling Panel. Computational models were employed to calculate the proportions of immune cells. To corroborate the findings, an immunohistochemical analysis was conducted using antibodies against CD20, CD3, CD4, CD8, MUM1, CD68, and CD117. Our cases were clustered according to the immune cell infiltrate detected via histology in a group with less immune cell infiltrate density and in a group with increased immune cell infiltrate density. Generally, all immune cells showed an increased amount in the group with pronounced immune cell infiltrate density. The clusters were found to relate to cell functions, the complement system, cytotoxicity, pathogen defense, regulation, and T-cell functions. In cases exhibiting a pronounced immune cell infiltrate, the top three genes that exhibited the greatest upregulation were GZMA, MICB, and GNLY. No relationship to HPV infection status was demonstrated. Immunohistochemistry validated the data gained via RNA expression and showed a correlation with EPIC and Cibersort. The clustering of cases based on immune cell infiltrate density revealed significant distinctions between groups with lower and higher immune cell infiltrate density. The group with increased immune cel infiltrate density showed a greater abundance of immune cells, aligning with key functions like cytotoxicity, pathogen defense, and T-cell regulation. Among these cases, the genes GZMA, MICB, and GNLY were significantly upregulated, suggesting their involvement in an increased immune response. The role of HPV infection status in our cases with regard to the peritumoral immune cell infiltrate remains inconclusive.",not_reported,https://doi.org/10.3390/ijms252212142,https://doi.org/10.3390/ijms252212142,Included,not_applicable,pending,Included,not_applicable,"Gene expression profiling of the peritumoral immune infiltrate in 12 pSCC with known HPV/p16 status (PanCancer Immune panel, CD3/CD4/CD8/CD20).",agreement,consensus_included,Included,retrieved,Included,not_applicable,screening/full_text/REC-HPVPSCC-000209.pdf
REC-HPVPSCC-000210,Complex Decision Making for Individual Patients With Penile Cancer: Benchmarking Divergent Practices in European High-Volume Reference Centers: Results From eUROGEN Survey.,2025,Clin Genitourin Cancer,"Elst, Laura; Shilhan, Darren; Battye, Michelle; Murgić, Jure; Frӧbe, Ana; Albersen, Maarten; Miletić, Marija",10.1016/j.clgc.2024.102275,"BACKGROUND AND OBJECTIVES: Penile cancer (PeCa) remains a challenge due to its rarity and the lack of prospective studies, leading to treatment challenges and controversies. Guidelines offer recommendations, but discrepancies with clinical practice persist. This study analyzed treatment practices among specialists managing high-risk PeCa in European reference centers. METHODS: A cross-sectional survey included 39 PeCa specialists from 13 European countries representing high-volume centers. Descriptive analysis assessed (neo)adjuvant therapy preferences, systemic regimen choices, immunotherapy use, and next-generation sequencing (NGS) integration. KEY FINDINGS AND LIMITATIONS: Variations in managing high-risk PeCa, especially in (neo)adjuvant therapy utilization, were noted among participants. The differences highlight the influence of professional backgrounds and variations in treatment approaches between participants. Systemic regimen preferences and immunotherapy utilization also varied. Limited NGS integration indicated gaps in precision medicine adoption. Limitations included sample size, self-reported data, and cross-sectional design. CONCLUSIONS AND CLINICAL IMPLICATIONS: This study offered insights into PeCa management by specialists in high-volume European reference centers, stressing the need for evidence-based recommendations, guideline adherence, and collaboration to enhance PeCa care. PATIENT SUMMARY: Managing PeCa is complex due to its rarity and treatment controversies. This study examined practices among specialists in European reference centers, revealing treatment variations. The findings emphasize the importance of evidence-based care and collaboration in optimizing PeCa management.",not_reported,https://doi.org/10.1016/j.clgc.2024.102275,https://doi.org/10.1016/j.clgc.2024.102275,Excluded,wrong outcome,prácticas clínicas divergentes; sin TIME,Excluded,wrong study design,Cross-sectional survey of clinical practice among European specialists; provides no patient-level data on TIME or HPV.,agreement,consensus_excluded,Excluded,not_required_after_initial_screening,Pending,wrong outcome,not_applicable
REC-HPVPSCC-000211,First-Line PD-1 Blockade Combined With Chemotherapy for Stage IV Penile Squamous Cell Carcinoma: A Multicenter Retrospective Study.,2024,J Natl Compr Canc Netw,"Xiong, Longbin; Shan, Xingli; Ma, Huali; Guo, Shengjie; Liu, Jiyan; Chen, Xianda; Meng, Wenjun; Guo, Bin; Jiang, Lijuan; Yan, Ru; An, Xin; Shi, Yanxia; Zhang, Yijun; Xue, Ting; Wei, Lichao; Xu, Daming; Zhang, Zhiling; Qin, Zike; Yao, Kai; Li, Yajian; Spiess, Philippe E; Hu, Linjun; Xing, Nianzeng; Han, Hui",10.6004/jnccn.2024.7074,"BACKGROUND: The purpose of this study was to evaluate the efficacy and safety of PD-1 blockade combined with cisplatin and paclitaxel (TP)-based chemotherapy as first-line treatment for advanced penile squamous cell carcinoma (PSCC). PATIENTS AND METHODS: A retrospective review was performed of 32 eligible patients with high-risk stage IV (cN3M0-1) PSCC who received first-line PD-1 blockade combined with TP-based chemotherapy at 5 medical centers (2019-2023). Clinical responses were assessed using RECIST version 1.1. Treatment-related adverse events (TrAEs) and postsurgical complications were graded according to CTCAE version 5.0. Progression-free survival (PFS) and overall survival (OS) were estimated using the Kaplan-Meier method. Multiplex immunofluorescence was used to explore potential biomarkers and to present the tumor microenvironment landscape before and after treatment. RESULTS: After a median treatment duration of 4 cycles (range, 2-6), the overall objective response rate was 78.1% (25/32). Among 27 patients with locally advanced PSCC, 13 (48.1%) subsequently underwent consolidative surgery and 6 (22.2%) achieved a pathologic complete response (pCR). Additionally, 8 (25.0%) patients in the overall cohort underwent consolidated radiotherapy. Median follow-up was 21.1 months (95% CI, 14.1-42.7). Median PFS and OS were 15.0 months (95% CI, 11.4-not available [NA]) and 19.3 months (95% CI, 16.7-NA), respectively. All patients experienced TrAEs, with 50% (16/32) of them having grade ≥3 TrAEs. Higher intratumoral CD8+ T-cell infiltration was observed in pretreatment samples of responders compared with nonresponders (P=.03). CD4+ T-cells, natural killer cells, and macrophages, among others, exhibited significant changes after treatment (all P<.05), suggesting their potential involvement in the antitumor response to immunochemotherapy. CONCLUSIONS: PD-1 blockade plus TP-based chemotherapy was effective and well tolerated, with favorable survival outcomes for patients with stage IV PSCC. High pretreatment intratumoral CD8+ T-cell infiltration may help to identify potential responders.",not_reported,https://doi.org/10.6004/jnccn.2024.7074,https://doi.org/10.6004/jnccn.2024.7074,Included,not_applicable,revisión/contexto,Included,not_applicable,"First-line PD-1 blockade plus chemotherapy in 32 stage IV pSCC, with multiplex immunofluorescence of the tumour microenvironment before and after treatment.",agreement,consensus_included,Included,retrieved,Included,not_applicable,screening/full_text/REC-HPVPSCC-000211.pdf
REC-HPVPSCC-000212,Immunotherapy in Penile Cancer: A Systematic Review.,2024,Arch Esp Urol,"Fadigas, Filipe; Martins, Diana; Mendes, Fernando",10.56434/j.arch.esp.urol.20247710.154,"Penile cancer (PeCa) ranks as the 30th most prevalent cancer globally, predominantly affecting populations in developing countries. Phimosis and Human Papillomavirus (HPV) infection are recognized as the primary risk factors. Early-stage diagnosis typically warrants limited excision or non-invasive therapies. However, recent research into the carcinogenesis, tumour microenvironment, and the role of the host immune system in its development suggests that immunotherapy could be a promising treatment for PeCa. The rarity of the disease, combined with the success of standard treatments and the fact that many patients in clinical trials lack alternative options, contributes to the challenges in patient recruitment for these studies. Additionally, the psychological burden stemming from the stigma associated with such an aggressive genital disease and the preference for quicker treatment options, such as surgery with reconstructive procedures, exacerbates these recruitment difficulties. This systematic review aimed to explore various immunotherapy approaches in treating PeCa to elucidate the potential role of immunotherapy in this context. The literature was sourced from freely accessible, full-text randomized controlled trials, non-randomized controlled trials, and original articles published in English between 2017 and 2023. Eligible clinical trials were required to be in phase 2 and have published results. Although only one study met the inclusion criteria-a significant limitation-the objective response rate recorded was 6% across nineteen patients with different tumour histologies, of which only six had PeCa. Currently, other studies are either recruiting or ongoing, necessitating further observation, as results from a single study cannot be generalized to the broader population.",not_reported,https://doi.org/10.56434/j.arch.esp.urol.20247710.154,https://doi.org/10.56434/j.arch.esp.urol.20247710.154,Included,not_applicable,revisión/contexto,Included,not_applicable,"Systematic review of immunotherapeutic approaches in penile cancer, covering the tumour microenvironment and host immune response.",agreement,consensus_included,Included,unavailable,Pending,not_applicable,not_applicable
REC-HPVPSCC-000213,Role of Neoadjuvant Immunotherapy in Genitourinary Malignancies.,2024,Cancers (Basel),"Khorasanchi, Adam; Jatwani, Karan; Meng, Lingbin; Collier, Katharine A; Sundi, Debasish; Dason, Shawn; Singer, Eric A; Gopalakrishnan, Dharmesh; Mortazavi, Amir; Chatta, Gurkamal; Yang, Yuanquan",10.3390/cancers16244127,"Genitourinary (GU) malignancies are common and associated with significant morbidity and mortality. In patients with localized GU cancers, surgical resection or definitive radiation remain the mainstays of treatment. Despite definitive treatment, many patients with high-risk localized disease experience recurrence. There is growing interest in using neoadjuvant immunotherapy to improve outcomes. This narrative review summarizes the current evidence for neoadjuvant immunotherapy in patients with localized high-risk GU cancers including renal cell carcinoma, urothelial carcinoma, prostate cancer, penile squamous cell carcinoma, and testicular germ cell tumors. We also discuss ongoing clinical trials and candidate biomarkers to optimize patient selection and improve treatment outcomes.",not_reported,https://doi.org/10.3390/cancers16244127,https://doi.org/10.3390/cancers16244127,Excluded,wrong population,pase: neoadyuvante IT GU; sin foco pSCC,Maybe,not_applicable,Narrative review of neoadjuvant immunotherapy in genitourinary tumours; pSCC is one section among several.,conflict,consensus_excluded,Excluded,not_required_after_initial_screening,Pending,wrong population,not_applicable
REC-HPVPSCC-000214,Tumor-infiltrating plasma cells are a prognostic factor in penile squamous cell carcinoma.,2025,Virchows Arch,"Stenzel, P J; Thomas, A; Schindeldecker, M; Macher-Goeppinger, S; Porubsky, S; Haferkamp, A; Tsaur, I; Roth, W; Tagscherer, K E",10.1007/s00428-024-04013-1,"Penile cancer (PeCa) is a rare disease with poor prognosis in the metastatic stage. Neither effective adjuvant nor palliative therapeutic options are available. Research efforts in this field have so far failed to establish robust predictors of survival. To identify prognostic targets in PeCa, the current project focused on characterizing the tumor microenvironment (TME). A study cohort of 93 men with PeCa was used for the construction of a tissue microarray and immunohistochemical staining for CD3, CD4, CD8, CD20, CD56, CD138, FoxP3, and PD-L1. The quantity and spatial distribution of tumor-infiltrating immune cells were analyzed using digital image analysis. PD-L1 staining of tumor and immune cells was manually scored (combined positivity score (CPS)). T cells, T helper cells, cytotoxic T cells (CTLs), and regulatory T cells were detected in > 90% of PeCa and B cells in 88%, plasma cells in 85%, and NK cells in 23%. Approximately 50% of the PeCa samples were PD-L1 positive. In the univariate survival analysis, high PD-L1 CPS, plasma cells, CTLs, and B cells were significantly associated with favorable overall survival (OS), and the latter two with adverse recurrence-free survival. In multivariate analysis, plasma cells remained a significant factor for favorable OS (p = 0.04). In this study, the immune cells in the TME, especially plasma cells, were favorably associated with patient survival compared to other established prognostic factors in PeCa. Contemporarily, plasma cells have been discussed in the light of contributing to responses to modern immunotherapies. The results of this study support this notion.",not_reported,https://doi.org/10.1007/s00428-024-04013-1,https://doi.org/10.1007/s00428-024-04013-1,Included,not_applicable,pending,Included,not_applicable,"93 pSCC: infiltrating plasma cells and a full TIME panel (CD3, CD4, CD8, CD20, CD56, CD138, FoxP3, PD-L1) with prognosis.",agreement,consensus_included,Included,retrieved,Included,not_applicable,screening/full_text/REC-HPVPSCC-000214.pdf
REC-HPVPSCC-000215,Real-World Outcomes in Patients with Advanced Penile Squamous Cell Carcinoma Receiving Immune Checkpoint Inhibitors: A Single Institution Experience.,2025,J Immunother Precis Oncol,"Zhuang, Tony Z; Goyal, Subir; Case, Katherine B; Olsen, T Anders; Vemuru, Shalini; Yildirim, Ahmet; Goswamy, Rohit V; Brown, Jacqueline T; Carthon, Bradley C; Kucuk, Omer; Bilen, Mehmet Asim; Master, Viraj A; Nazha, Bassel",10.36401/jipo-24-19,"INTRODUCTION: Advanced penile squamous cell carcinoma (pSCC) is a rare and aggressive malignancy with a poor prognosis and an unmet need for biomarkers. We performed a retrospective evaluation of real-world efficacy, safety outcomes, and baseline inflammatory biomarkers in patients with advanced pSCC treated with immune checkpoint inhibitors (ICIs). METHODS: We performed a retrospective review of patients with advanced pSCC who received ICIs from 2012 to 2023 at the Winship Cancer Institute of Emory University in Atlanta, GA. Demographics, disease characteristics, and optimal cutoffs of baseline biomarkers obtained before ICI initiation were described. Human papillomavirus (HPV)/p16+ status was determined by immunohistochemistry. Programmed death-ligand 1 (PD-L1) positivity was defined as >1%. Immune-related adverse events (irAEs) were graded per Common Terminology Criteria for Adverse Events criteria and captured through clinical documentation. Clinical benefit was defined as complete response, partial response, or stable disease based on Response Evaluation Criteria in Solid Tumors (RECIST) 1.1. Overall survival (OS) and progression-free survival (PFS) were assessed by Kaplan-Meier method and univariate Cox regression (UVA) using a significance level set at p < 0.05. Neutrophil-to-lymphocyte (NLR), monocyte-to-lymphocyte (MLR), platelet-to-lymphocyte (PLR), and neutrophil-to-eosinophil ratios (NER) were collected from complete blood count data. RESULTS: Twenty-one patients were included of whom 71.4% were White and 28.6% were Black. Median age at ICI initiation was 56 years (38-76 years). Most patients had Eastern Cooperative Oncology Group performance status ≥2 (61.9%). At diagnosis, 4.8%, 33.3%, and 61.9% were stage 2, 3, and 4, respectively, of whom eight patients had initial distal metastases. Of patients with available data, 7 of 11 patients (63.6%) were PD-L1+ and 8 of 9 (89%) patients were HPV+. Median follow-up was 8.4 months and median time to ICI treatment from diagnosis was 15.6 months. ICI was first line (1L) in 1 patient (4.8%), 2L in 13 (61.9%), 3L in 6 (28.6%), and 4L in 1 (4.8%). Five patients achieved clinical benefit of whom three had partial response and two had stable disease. Median OS was 8.2 months (95% CI, 2.3-15.7) and PFS was 1.9 months (95% CI, 1.3-3.2). Notably, three patients with PD-L1 positivity, microsatellite instability (MSI)-high, or high tumor mutational burden (TMB) demonstrated response to ICI. Higher baseline NLR (hazard ratio, 10.0; 95% CI, 2.73-54.2) at optimal cutoff was associated with shorter OS and PFS on UVA. Three patients (14.3%) developed grade 3/4 ICI-related adverse events. CONCLUSIONS: Our real-world analysis summarizes our institutional experience and provides granular clinical and molecular attributes of patients with therapeutic response, which may aid in patient stratification within ICI-based clinical trials. Overall, we confirm poor response rates of pSCC to ICI in an unselected approach, consistent with multicenter studies. ICIs may be effective and tolerable therapy in a subset of patients. NLR may be a potential biomarker to assess ICI response in pSCC.",not_reported,https://doi.org/10.36401/jipo-24-19,https://doi.org/10.36401/jipo-24-19,Included,not_applicable,revisión/contexto,Included,not_applicable,"Real-world series of checkpoint inhibitors in advanced pSCC with HPV/p16 status, PD-L1 and baseline inflammatory biomarkers.",agreement,consensus_included,Included,retrieved,Included,not_applicable,screening/full_text/REC-HPVPSCC-000215.pdf
REC-HPVPSCC-000216,Treatment approaches in advanced penile cancer: targeted therapies and immunotherapy.,2024,Front Oncol,"Benjamin, David J; Hsu, Robert C",10.3389/fonc.2024.1457006,"Penile cancer is a rare genitourinary malignancy which can be treated with surgery or radiation for localized disease, but often requires systemic treatment with chemotherapy for recurrent or metastatic disease. With the emergence of immune checkpoint inhibitors and targeted therapies for specific genomic aberrations in the treatment of over a dozen other cancers, recent studies have sought to identify therapies other than chemotherapy in treating this uncommon cancer. Several ongoing trials involving immune checkpoint inhibitors, tyrosine kinase inhibitors, and antibody drug conjugates are attempting to identify additional therapies.",not_reported,https://doi.org/10.3389/fonc.2024.1457006,https://doi.org/10.3389/fonc.2024.1457006,Included,not_applicable,pending,Included,not_applicable,Review of approaches in advanced penile cancer with immune checkpoint inhibitors and targeted therapies (contextualisation).,agreement,consensus_included,Included,retrieved,Included,not_applicable,screening/full_text/REC-HPVPSCC-000216.pdf
REC-HPVPSCC-000217,Molecular Pathology and Biomarkers of Penile Squamous Cell Carcinoma: Implications for Classification and Management.,2025,Surg Pathol Clin,"Chaux, Alcides; Canete-Portillo, Sofia",10.1016/j.path.2024.12.001,"This review explores the current understanding and management of penile squamous cell carcinoma, emphasizing recent advances in molecular pathology and treatment strategies. The article discusses the importance of human papillomavirus status in tumor classification and prognosis, highlighting the 2022 WHO classification. The article underscores the need for a multidisciplinary approach to penile cancer management and identifies areas for future research, including refining molecular classification systems and developing predictive biomarkers. It concludes by emphasizing the rapid evolution of penile cancer management and the potential for more personalized treatment strategies.",not_reported,https://doi.org/10.1016/j.path.2024.12.001,https://doi.org/10.1016/j.path.2024.12.001,Included,not_applicable,HPV/p16 en pSCC — vía etiopatogénica/pronóstico,Included,not_applicable,Review of molecular pathology and biomarkers of pSCC centred on HPV status for classification and prognosis (contextualisation). (Chaux A. co-authorship - same criterion applied as to every other record.),agreement,consensus_included,Included,retrieved,Included,not_applicable,screening/full_text/REC-HPVPSCC-000217.pdf
REC-HPVPSCC-000218,Impact of HIV on HPV-related cancers in men who have sex with men: a review.,2024,Front Cell Infect Microbiol,"Zhang, Zixuan; Xing, Yuying; Gong, Tingdan; Li, Wanlin; Zhang, Siwei; Wei, Lanlan",10.3389/fcimb.2024.1428491,"Co-infection with human immunodeficiency virus (HIV) significantly increases the incidence of human papillomavirus (HPV) infection and HPV-related cancers among men who have sex with men (MSM). Conversely, HPV infection can also influence HIV acquisition rates. HIV-induced immune suppression may affect chromosomal stability, gene expression, protein function and other molecular components in MSM with HPV-related cancers. Additionally, HIV infection also alters cellular mechanisms by compromising immune responses and epithelial integrity. In this review, we reviewed the influence of HIV on specific HPV-related cancers in MSM, including oropharyngeal squamous cell carcinoma, penile cancer, and anal cancer. We integrated epidemiological data from the past five years and discussed diagnosis and treatment strategies. Overall, our review offers crucial insights into the underlying molecular and cellular mechanisms of these co-infection MSM patients. Our review aims to assist future research in developing effective treatment strategies for MSM with HIV/HPV co-infection.",not_reported,https://doi.org/10.3389/fcimb.2024.1428491,https://doi.org/10.3389/fcimb.2024.1428491,Excluded,wrong outcome,clínico/quirúrgico/caso sin TIME/IT,Maybe,not_applicable,"Review of the impact of HIV on HPV-related cancers in MSM; penile cancer is one of three sites, contextual contribution.",conflict,consensus_excluded,Excluded,not_required_after_initial_screening,Pending,wrong population,not_applicable
REC-HPVPSCC-000219,Single-cell and spatial transcriptomics reveal pre-metastatic subsets and therapeutic targets in penile carcinoma.,2025,iScience,"Xu, Da-Ming; Chen, Ling-Xiao; Han, Hui; Mo, Miao",10.1016/j.isci.2025.111765,"Tumor heterogeneity, driven by branching evolution and genomic mutations, complicates cancer treatment. Understanding malignant cell evolution across various tumors aids in identifying pre-metastatic subpopulations for optimized therapies. Using bulk RNA sequencing (6 primary penile carcinomas, 6 metastatic lymph nodes, GSE196978), single-cell RNA sequencing (4 advanced penile carcinomas), spatial transcriptomics (Squamous cell carcinoma [SCC]: GSE144239-GSM4565823 and SCC: GSE144239-GSM4565826), and cell assays with Silmitasertib, we mapped heterogeneity and pinpointed therapeutic targets. In penile carcinoma, we discovered an MMP3+SPP1+ pre-metastatic subset and casein kinase 2 alpha 1 (CK2α) overexpression. The nuclear factor κB (NF-κB) pathway may drive metastasis. Pan-cancer analysis showed that MMP3 and SPP1 link to epithelial mesenchymal transition (EMT) and drug resistance, while CK2α activates oncogenes. Silmitasertib, a CK2α inhibitor, exhibited anti-tumor effects in penile carcinoma cells. Validated across 98 single-cell and 6 spatial datasets, our study advances the understanding of tumorigenesis and metastasis, highlighting Silmitasertib as a potential therapeutic agent.",not_reported,https://doi.org/10.1016/j.isci.2025.111765,https://doi.org/10.1016/j.isci.2025.111765,Excluded,wrong outcome,pSCC sin TIME/HPV/IT,Excluded,wrong outcome,Single-cell and spatial transcriptomics focused on pre-metastatic subpopulations (MMP3+SPP1+) and CK2alpha; the abstract reports no immune populations and no HPV stratification.,agreement,consensus_excluded,Excluded,not_required_after_initial_screening,Pending,wrong outcome,not_applicable
REC-HPVPSCC-000220,Treatment strategies in human papillomavirus-related advanced penile cancer.,2025,Nat Rev Urol,"Longoni, Mattia; Fankhauser, Christian D; Negri, Fausto; Salonia, Andrea; Basile, Giuseppe; Johnstone, Peter A S; Bandini, Marco; ,",10.1038/s41585-025-00994-z,"Penile cancer is a rare neoplasm with heterogeneous prevalence influenced by risk factors such as smoking, poor hygiene and human papillomavirus (HPV) infection. Southern Africa, South America and Southeast Asia have the highest incidence of this disease. Penile squamous cell carcinomas (PSCCs) account for the majority of instances of penile cancer, with HPV-related carcinogenesis implicated in up to half of them. Increases in PSCC incidence in industrialized nations parallel the rising high-risk HPV infection rates, particularly HPV-16. Early-stage, localized PSCC is often manageable, but treatment options in advanced disease remain limited, with poor survival outcomes. Emerging evidence suggests that HPV-positive PSCC might exhibit unique therapeutic responses, including increased sensitivity to radiotherapy and chemotherapy, as has been observed in HPV-driven head and neck squamous cell carcinoma. Results of studies in HPV-positive PSCC demonstrate improved responses to chemoradiotherapy and immunotherapy, underscoring the potential for tailored treatments and de-escalation. Additionally, incorporating immunotherapy with radiotherapy in HPV-driven PSCC might provide greater oncological benefits than standard chemotherapy. These observations suggest that treatment strategies for HPV-positive PSCC might benefit from de-escalated chemoradiotherapy regimens or immunotherapy incorporation, potentially optimizing efficacy while minimizing toxic effects. Furthermore, biomarkers such as tumour mutational burden, programmed cell death ligand 1 expression, and genetic alterations could be crucial for predicting treatment response. Comprehensive biomarker assessment and accurate HPV status determination are essential for developing patient-tailored therapeutic strategies. These data provide evidence of the potential benefits of individualized approaches based on tumour biology and biomarker profiles.",not_reported,https://doi.org/10.1038/s41585-025-00994-z,https://doi.org/10.1038/s41585-025-00994-z,Included,not_applicable,pending,Included,not_applicable,Nat Rev Urol review on treatment strategies in HPV-related penile cancer: differential response to chemoradiotherapy and immunotherapy by HPV status.,agreement,consensus_included,Included,unavailable,Pending,not_applicable,not_applicable
REC-HPVPSCC-000221,Evidence-Based Recommendations on the Use of Immunotherapies and Monoclonal Antibodies in the Treatment of Male Reproductive Cancers.,2025,Curr Oncol,"Khalid, Farhan; Bodla, Zubair Hassan; Gaddameedi, Sai Rakshith; Macasaet, Raymart; Yagnik, Karan; Niaz, Zahra; Fish, Peter N; Du, Doantrang; Shah, Shazia",10.3390/curroncol32020108,"The incidence of male reproductive cancers, including prostate, testicular, and penile cancers, has risen in recent years, raising important health concerns. Prostate cancer is the second leading cause of cancer-related mortality in men, while penile cancer, though rare, typically affects men over 60. Testicular cancer, with a lifetime risk of about 0.4% in men, is most common among adolescents and young adults, decreasing sharply after the age of 40. Traditional treatments include chemotherapy, radiation, surgery, and combinations thereof, but advancements in immunotherapy and monoclonal antibodies are showing promising results, particularly for genitourinary cancers. These therapies, targeting immune checkpoints and tumor-specific antigens, are gaining traction as effective alternatives for resistant cases. This review provides evidence-based recommendations on current and emerging immunotherapy and monoclonal antibody treatments for male reproductive cancers, highlighting future directions to optimize patient outcomes.",not_reported,https://doi.org/10.3390/curroncol32020108,https://doi.org/10.3390/curroncol32020108,Included,not_applicable,revisión/contexto,Maybe,not_applicable,Recommendations on immunotherapy and monoclonal antibodies in male reproductive cancers; penile cancer is one of three sites.,conflict,consensus_included,Included,retrieved,Excluded,wrong population,screening/full_text/REC-HPVPSCC-000221.pdf
REC-HPVPSCC-000222,Progressive T cell exhaustion and predominance of aging tissue associated macrophages with advancing disease stage in penile squamous cell carcinoma.,2025,Sci Rep,"Miyagi, Hiroko; Yu, Xiaoqing; Peak, Taylor; Dhillon, Jasreman; Le, Casey; Wang, Xuefeng; Yoder, Sean; Marchion, Doug; Lu, Xin; Pettaway, Curtis; Moran Segura, Carlos; Zhang, Chaomei; Roman Souza, Gabriel; Yu, Alice; Zemp, Logan; Spiess, Philippe; Chahoud, Jad",10.1038/s41598-025-89760-0,"Penile squamous cell carcinoma (PSCC) is a rare malignancy with limited understanding of the tumor immune microenvironment (TIME). The interplay between PSCC and the immune system across disease progression and HPV infection status remains poorly characterized. This study aims to assess the TIME changes from localized to advanced disease and between HPV-positive versus negative tumors to identify potential immune evasion mechanisms in advanced PSCC. scRNA-seq was performed on ten PSCC tissue samples from penile, lymph node and distant metastatic sites with four matched penile and lymph node samples to understand the cellular heterogeneity within PSCC tumors. Analysis of immune cell populations and transcriptional hallmarks were performed stratified by localized (pT1-3, N0) versus advanced (N1-3, M0 or any N, M1) disease states and HPV infection status. We observed significant differences in immune cell infiltration between localized and advanced PSCC disease states and by HPV status. Advanced disease states demonstrated an exhausted immune phenotype, characterized by terminally exhausted CD8⁺ T cells, M2-like macrophages and hypoxic signature, while localized disease states demonstrated an active innate immune system characterized by increased DCs. HPV-negative tumors displayed low immune cell infiltration while HPV-positive tumors demonstrated an immune exhausted phenotype. These findings offer valuable insights into the evolving PSCC immune landscape, paving the way for the development of potential therapeutic approaches for advanced PSCC.",not_reported,https://doi.org/10.1038/s41598-025-89760-0,https://doi.org/10.1038/s41598-025-89760-0,Included,not_applicable,pending,Included,not_applicable,scRNA-seq of 10 pSCC samples: progressive T-cell exhaustion and aging tissue-associated macrophages by stage and HPV status.,agreement,consensus_included,Included,retrieved,Included,not_applicable,screening/full_text/REC-HPVPSCC-000222.pdf
REC-HPVPSCC-000223,Efficacy and safety of immune checkpoint inhibitors in metastatic penile squamous cell carcinoma: a retrospective multicenter analysis.,2025,Exp Hematol Oncol,"Schieber, Timothy; Brunk, Kelly; Clennon, Anna; Woolbright, Benjamin L; Bantis, Leonidas E; Grauer, Dennis; Cheng, Tiewei; Abbasi, Saqib; Wulff-Burchfield, Elizabeth; Parikh, Rahul; Li, Haoran",10.1186/s40164-025-00629-4,"Penile squamous cell carcinoma (PSCC) is a rare malignancy, and first-line therapy typically involves cisplatin-based chemotherapy. However, these regimens are often unsuitable for patients with poor performance status or advanced age due to their toxicity. This retrospective, multicenter study evaluated patients with metastatic PSCC who received immune checkpoint inhibitor (ICI) therapy between 2017 and 2024. A total of 10 patients met the inclusion criteria. The median age was 75 years, and 50% had an ECOG performance status of 2 or higher. The objective response rate (ORR) was 30%, and the disease control rate (DCR) was 40%. The duration of response and disease control was over 12 months and 8 months respectively in all patients with response or disease control. The median progression-free survival (PFS) was 2.82 months, and the median overall survival (OS) was 4.32 months. PD-L1 and HPV-positive patients had a 67% response rate (n = 2/3). No patients experienced severe immune-related adverse events (irAEs). This multicenter retrospective analysis suggests that ICI monotherapy may be a promising treatment option for patients with advanced PSCC who are either ineligible for first-line platinum-based chemotherapy or who have progressed after platinum-based chemotherapy, including those with poor performance status. Further studies are needed to confirm these findings and identify baseline patient characteristics that may optimize selection criteria.",not_reported,https://doi.org/10.1186/s40164-025-00629-4,https://doi.org/10.1186/s40164-025-00629-4,Included,not_applicable,pending,Included,not_applicable,Retrospective multicentre analysis of ICIs in metastatic pSCC with response rate by PD-L1 and HPV status.,agreement,consensus_included,Included,retrieved,Included,not_applicable,screening/full_text/REC-HPVPSCC-000223.pdf
REC-HPVPSCC-000224,Immunotherapy in the Management of Penile Cancer-A Systematic Review.,2025,Cancers (Basel),"Taghizadeh, Hossein; Fajkovic, Harun",10.3390/cancers17050883,"Penile cancer, though a rare malignancy, presents a significant challenge in the domain of male genitourinary oncology, particularly due to its limited treatment options and due to the profound physical and psychological impact on patients [...].",not_reported,https://doi.org/10.3390/cancers17050883,https://doi.org/10.3390/cancers17050883,Included,not_applicable,revisión/contexto,Included,not_applicable,Systematic review of immunotherapy in penile cancer management (abstract truncated in the record; confirm scope at full text).,agreement,consensus_included,Included,retrieved,Included,not_applicable,screening/full_text/REC-HPVPSCC-000224.pdf
REC-HPVPSCC-000225,Inflammation in Penile Squamous Cell Carcinoma: A Comprehensive Review.,2025,Int J Mol Sci,"Czajkowski, Mateusz; Wierzbicki, Piotr M; Dolny, Maciej; Matuszewski, Marcin; Hakenberg, Oliver W",10.3390/ijms26062785,"Inflammation appears to play a crucial role in the development and progression of penile cancer (PeCa). Two molecular pathways of PeCa are currently described: HPV-dependent and HPV-independent. The tumor immune microenvironment (TIME) of PeCa is characterized by the presence of tumor-associated macrophages, cancer-associated fibroblasts, and tumor-infiltrating lymphocytes. The components of the TIME produce pro-inflammatory cytokines and chemokines, which have been found to be overexpressed in PeCa tissues and are associated with tumor progression and unfavorable prognoses. Additionally, the nuclear factor kappa B (NF-κB) pathway and secreted phosphoprotein 1 (SPP1) have been implicated in PeCa pathogenesis. Elevated C-reactive protein (CRP) levels and the neutrophil-to-lymphocyte ratio (NLR) have been identified as potential prognostic biomarkers in PeCa. This overview presents the complex contribution of the inflammatory process and collates projects aimed at modulating TIME in PeCa.",not_reported,https://doi.org/10.3390/ijms26062785,https://doi.org/10.3390/ijms26062785,Included,not_applicable,revisión/contexto,Included,not_applicable,"Comprehensive review of inflammation in pSCC: TIME with TAMs, cancer-associated fibroblasts and TILs, across the HPV-dependent and HPV-independent pathways.",agreement,consensus_included,Included,retrieved,Included,not_applicable,screening/full_text/REC-HPVPSCC-000225.pdf
REC-HPVPSCC-000226,Case Report and Literature Review on Skin Toxicity Induced by PD-1 Inhibitor in a Penile Cancer with Massive Ulceration of Chemoradiotherapy-Resistant and Successful Treatment by Immunotherapy.,2025,Clin Cosmet Investig Dermatol,"Zhu, Yanyan; Cai, Daxia; Jiang, Jiangle; Tu, Jianfei; Tian, Zhifeng; Zhang, Xiayan; Luo, Songmei; Wang, Yonghui",10.2147/ccid.s505045,"Penile cancer is a rare malignant tumor with a poor prognosis in advanced stages. Immune checkpoint inhibitors (ICIs) have demonstrated promising efficacy in patients with advanced penile cancer, but it can also induce immune-related adverse events (irAEs). This article reports a patient who achieved almost a complete response to the PD-1 inhibitor sintilimab as third-line treatment for advanced penile squamous cell cancer with massive ulceration of chemoradiotherapy-resistant, and successful treatment by immunotherapy. One year into maintenance therapy with sintilimab, skin toxicity in the form or grade-2 skin rashes and grade-3 pruritus occurred. Sintilimab was permanently discontinued. The skin toxicity was effectively controlled by oral prednisone at a daily dosage of 15 mg. At the last follow-up of 16 months after sintilimab discontinuation, the patient remained in partial response, with total progression-free survival exceeding 30 months. We also conducted a comprehensive literature search, and summarized skin toxicity of ICIs administration. These articles suggested that immune-related skin toxicity may be indicative of good treatment response.",not_reported,https://doi.org/10.2147/ccid.s505045,https://doi.org/10.2147/ccid.s505045,Included,not_applicable,revisión/contexto,Included,not_applicable,Case of advanced pSCC with near-complete response to sintilimab (anti-PD-1) and immune-related skin toxicity.,agreement,consensus_included,Included,retrieved,Included,not_applicable,screening/full_text/REC-HPVPSCC-000226.pdf
REC-HPVPSCC-000227,Current update on pharmacological strategies of penile cancer.,2025,Expert Opin Pharmacother,"Deshmukh, Sameer S; Chaudhari, Kaustubh S; Basu, Arnab; Sonpavde, Guru P",10.1080/14656566.2025.2492335,"INTRODUCTION: Penile cancer considered an orphan malignancy - due to its low incidence - makes research and clinical development challenging. The limited understanding of molecular biology and genetic landscape adds to the complexity of developing effective therapies. AREAS COVERED: This review takes a closer look at how penile cancer treatment has evolved - from traditional modes like surgery and radiation to now vaccines - over the period of time. Breakthroughs in immunotherapy offer a ray of hope alongside treatments like adoptive T-cell therapies (ATCT), anti-angiogenic agents, Antibody-Drug Conjugates (ADCs), and Bispecific Antibodies (BsAbs). EXPERT OPINION: The integration of immunotherapy and targeted therapy has demonstrated promising results, particularly in patients with advanced or metastatic disease. While these advancements bring hope, more research is needed to refine treatment strategies to benefit patients from these novel approaches.",not_reported,https://doi.org/10.1080/14656566.2025.2492335,https://doi.org/10.1080/14656566.2025.2492335,Included,not_applicable,revisión/contexto,Included,not_applicable,"Review of pharmacological strategies in penile cancer with immunotherapy, adoptive T-cell therapies and vaccines (contextualisation).",agreement,consensus_included,Included,unavailable,Pending,not_applicable,not_applicable
REC-HPVPSCC-000228,Neoadjuvant toripalimab plus nimotuzumab combined with taxol-based chemotherapy in locally advanced penile squamous cell carcinoma.,2025,Cancer Cell,"An, Xin; Guo, Sheng Jie; Yan, Ru; Xue, Ting; Xiong, Long Bin; Ma, Hua Li; Xue, Cong; Zhang, Ying Chun; Li, Ji Bin; Chen, Mei Ting; Li, Zai Shang; Liu, Ting Yu; Zhang, Zhi Ling; Dong, Pei; Li, Yong Hong; Yao, Kai; Hu, Zhi Quan; Chen, Xiao Feng; Luo, Jie Xin; Lei, Yong Hong; Liang, Pei Yu; Liu, Zhi Zhong; Qi, Lin; Xu, Wen Feng; Cao, Zheng Guo; Chen, Nan Hui; Li, Xiang; Sheng, Xi Nan; Luo, Guang Heng; Shi, Ben Kang; Xie, Qun; Liu, Zhuo Wei; Zhou, Fang Jian; Spiess, Philippe E; Shi, Yan Xia; Han, Hui",10.1016/j.ccell.2025.03.023,"The conventional neoadjuvant chemotherapy regimen for locally advanced penile squamous cell carcinoma (La-PSCC) has shown moderate response rates and survival benefits. This single-arm, phase II trial (NCT04475016) evaluated a neoadjuvant regimen of four cycles of toripalimab (anti-PD-1 antibody), nimotuzumab (anti-EGFR antibody), and taxol-based chemotherapy (TNT), followed by consolidative surgery. The primary endpoint was the pathological complete response (pCR) rate. Among 29 enrolled patients, 24 (82.8%) underwent consolidative surgery, with 14 (48.3%, 95% confidence interval [CI], 29.4-67.5%) achieving pCR. The objective response rate (ORR) was 82.8% (95% CI, 64.2-94.2). Median follow-up was 39.97 months, with two-year overall survival (OS) and progression-free survival (PFS) rates of 72.4% and 65.5%. Grade 3-4 treatment-related adverse events (TRAEs) occurred in 12 (41.4%) patients, with no treatment-related deaths. Biomarker analysis identified PD-L1 expression, TP53 mutation status, and CD8⁺ T cell density as potential predictive markers. Therefore, neoadjuvant TNT shows promising anti-tumor activity and acceptable toxicity.",not_reported,https://doi.org/10.1016/j.ccell.2025.03.023,https://doi.org/10.1016/j.ccell.2025.03.023,Included,not_applicable,pending,Included,not_applicable,Phase II trial of neoadjuvant toripalimab (anti-PD-1) plus nimotuzumab plus taxane in locally advanced pSCC; PD-L1 and CD8+ T-cell density as biomarkers.,agreement,consensus_included,Included,retrieved,Included,not_applicable,screening/full_text/REC-HPVPSCC-000228.pdf
REC-HPVPSCC-000229,Sarcomatoid carcinoma of the penis: a case report.,2025,Transl Androl Urol,"Huang, Qianhao; Huang, Yifan; Xiong, Dongfeng; Zhuang, Xuan; Chen, Yuedong",10.21037/tau-2024-765,"BACKGROUND: Penile cancer is a rare tumour with a global annual incidence of 0.2 to 1 case per 100,000 men. Sarcomatoid carcinoma (SC) of the penis, also known as carcinosarcoma, is a rare form of squamous cell carcinoma (SCC) of the penis, accounting for approximately 1-2% of all penile cancers. We report a case of SC of the penis in a 60-year-old man. CASE DESCRIPTION: A 60-year-old male patient presented, with a penile glans nodule that had developed over a two-month period. The patient was employed in the agricultural sector and had a history of hypertension, which he asserted was effectively managed through pharmacological intervention. A specialist examination revealed an enlarged, cauliflower-shaped penile head with surface ulceration, approximately the size of 2 cm. He underwent a partial resection and bilateral inguinal and pelvic lymph node dissection. Histopathology demonstrated that the tumour cells were p63-positive, while p16 expression was absent. Vimentin and p53 were positive in the sarcomatous component, and the morphology and immunohistochemistry were consistent with penile SC. After six months, there was no evidence of disease progression. CONCLUSIONS: The diagnosis of SC is challenging, and an accurate diagnosis is the first step towards successful treatment, which has a higher probability of success. It presents as a large, aggressive tumour, usually associated with lymph node metastasis and poor prognosis. Our case adds to the literature and reviews the treatment options for this rare disease and the poor prognosis associated with this malignancy.",not_reported,https://doi.org/10.21037/tau-2024-765,https://doi.org/10.21037/tau-2024-765,Excluded,wrong outcome,caso sarcomatoide sin TIME/IT,Excluded,wrong outcome,Case report of sarcomatoid carcinoma of the penis; describes p16/p53 but no immune or TIME markers.,agreement,consensus_excluded,Excluded,not_required_after_initial_screening,Pending,wrong outcome,not_applicable
REC-HPVPSCC-000230,Smoking and presence of human papillomavirus correlates with lymphocyte density in the stroma of penile squamous cell carcinoma.,2025,Front Oncol,"Mumba, Chibamba; Mapulanga, Victor; Mwale, Nicholas K; Ngalamika, Owen",10.3389/fonc.2025.1568764,"BACKGROUND: Penile squamous cell carcinoma (PSCC) is the most common malignancy of the penis. Considering the increase in incidence of PSCC in many countries, there is a need for better and effective therapies for these patients. The tumor microenvironment may offer insights into a better understanding of the tumor, which may inform on predictive and prognostic targets. In this study, we investigated immune cell infiltration into the stroma of PSCC, and how it may be affected by multiple factors including smoking, HIV infection, and/or HPV infection. METHODS: We carried out a prospective analytical cross-sectional study at the University Teaching Hospital in Lusaka, Zambia. Consenting patients with confirmed PSCC, attending the Urology Clinic and scheduled for partial or total penectomy were enrolled into the study. HIV testing by serology, HPV detection and genotyping on fresh tumors by real time PCR, hematoxylin and eosin (H&E) staining and immunohistochemistry staining for CD3⁺ and CD8⁺ cells on formalin-fixed paraffin-embedded tissue, and flow cytometry for immunophenotyping circulating immune cells were done. RESULTS: We enrolled 33 participants into the study. The participants had a mean age of 56 years, the majority (84.8%) were HIV positive, high-risk HPV was detected in 63.6% of the tumors, and 57.6% were positive for both HIV and high-risk HPV. HPV-positive PSCC tumors had a significantly lower proportion of infiltrating lymphocytes in the stroma on H&E staining than HPV-negative tumors [18% vs 53%; p=0.025]. Smokers had a significantly lower number of infiltrating CD8⁺ cells in the stroma than non-smokers [68 vs 99; p=0.035]. No difference in the density of stromal lymphocytes between HPV/HIV co-infected and non-co-infected individuals was observed. There was a statistically significant positive correlation in number of CD3⁺ (⍴=0.38; p=0.027) and CD8⁺ (⍴=0.40; p=0.02) cells in the stroma and intra-tumor. Factors including histological stage, tumor grade, HPV status, and HIV status seem to influence the correlation in number of stroma and intra-tumoral immune cells. CONCLUSION: Smoking and presence of hrHPV is associated with a lower density of infiltrating lymphocytes in the stroma of PSCC. There is a positive correlation in the number of CD3⁺ and CD8⁺ cells between the stroma and intra-tumoral compartment of PSCC.",not_reported,https://doi.org/10.3389/fonc.2025.1568764,https://doi.org/10.3389/fonc.2025.1568764,Included,not_applicable,pending,Included,not_applicable,"Stromal CD3+/CD8+ lymphocyte density in pSCC by smoking, HIV and HPV status (Zambia).",agreement,consensus_included,Included,retrieved,Included,not_applicable,screening/full_text/REC-HPVPSCC-000230.pdf
REC-HPVPSCC-000231,Emerging Advances in the Molecular Landscape of Penile Cancer and Their Implications for Precision Medicine.,2025,Curr Treat Options Oncol,"Elst, Laura; Vandermaesen, Kaat; Albersen, Maarten",10.1007/s11864-025-01319-3,"Penile cancer is a rare but aggressive malignancy, characterized by early lymphatic spread which is the most critical prognostic factor. Treatment options for patients with locally advanced and metastatic disease are limited, primarily relying on cisplatin-based chemotherapy, which is characterized by high toxicity and early resistance. In recent years, there has been a growing interest on translational research exploring the tumor microenvironment, enabling the identification of novel potential therapeutic targets. Emerging preclinical evidence supports the use of immune checkpoint inhibitors, antibody-drug conjugates and novel exploratory therapies targeting myeloid-derived suppressor cells and tumor associated macrophages, as well as their combinations. However, robust phase III trials investigating such therapies are currently lacking. A deeper understanding of the penile cancer immune landscape and the role of specific mutations in carcinogenesis, might lead to the development of novel combination strategies to overcome cisplatin resistance and disease progression, and to a better selection of patients for inclusion in future clinical trials.",not_reported,https://doi.org/10.1007/s11864-025-01319-3,https://doi.org/10.1007/s11864-025-01319-3,Included,not_applicable,pending,Included,not_applicable,"Review of the molecular landscape of penile cancer covering the tumour microenvironment, ICIs and therapies targeting MDSCs and TAMs.",agreement,consensus_included,Included,unavailable,Pending,not_applicable,not_applicable
REC-HPVPSCC-000232,Impact of TP53 Alterations on Clinical Outcomes in Penile Squamous Cell Carcinoma.,2025,Clin Genitourin Cancer,"Li, Yajian; Tian, Ziru; Si, Zhannan; Wang, Yifan; Song, Gang",10.1016/j.clgc.2025.102323,"BACKGROUND: Penile squamous cell carcinoma (PSCC) is a rare, aggressive malignancy with a high risk of mortality due to metastasis. A comprehensive understanding of its mutational landscape is critical for improving early detection and therapeutic strategies. METHODS: We analyzed tissue samples from 28 patients with PSCC treated at the Cancer Hospital of the Chinese Academy of Medical Sciences between January 2019 and March 2023. DNA from primary tumors and/or matched inguinal lymph nodes underwent targeted sequencing. Somatic mutations were profiled to compare primary and metastatic lesions. Statistical analyses assessed associations between mutational features, clinical outcomes, and treatment responses. RESULTS: A total of 980 mutations were identified across 354 genes. Frequently mutated genes included TP53 (67.5%), TERT (45%), CDKN2A (40%), FAT1 (37.5%), and NOTCH1 (30%). Copy number variations (CNVs) revealed amplifications in EGFR, SOX2, and MSH6 and deletions in CDKN2B and CDKN2A. A strong correlation was observed between mutational profiles of primary and metastatic lesions (r = 0.61, P < .001). Metastatic tumors exhibited higher tumor mutational burden (TMB) than primary tumors (38.9% vs. 9.5%, P = .030) and displayed a greater prevalence of mismatch repair deficiency-associated mutational signatures. Patients with higher TP53 mutation frequencies responded more favorably to immune checkpoint inhibitors (P = .024), with treatment efficacy strongly correlated (AUC = 0.938). CONCLUSION: Key mutational alterations in PSCC, including high TMB and TP53 mutations, have significant implications for early diagnosis and personalized therapies. These findings support the potential use of specific genetic markers to guide targeted therapeutic approaches.",not_reported,https://doi.org/10.1016/j.clgc.2025.102323,https://doi.org/10.1016/j.clgc.2025.102323,Excluded,wrong outcome,TP53 outcomes; sin TIME,Excluded,wrong outcome,TP53 alterations and clinical outcomes in 28 pSCC; mutational profiling with no immune component.,agreement,consensus_excluded,Excluded,not_required_after_initial_screening,Pending,wrong outcome,not_applicable
REC-HPVPSCC-000233,PD-L1 and FOXP3 expression in high-grade squamous intraepithelial lesions of the anogenital region.,2025,Oncotarget,"Carneiro, Humberto Carvalho; Natal, Rodrigo de Andrade; Vassallo, José; Soares, Fernando Augusto",10.18632/oncotarget.28715,"Host immunosurveillance is an important factor in the progression of high-grade squamous intraepithelial lesions (HSIL) into high-risk human papillomavirus (HR-HPV)-related squamous cell carcinoma. Immune escape by forkhead box protein P3 (FOXP3+) immunoregulatory T cells and the programmed death-ligand 1 (PD1/PD-L1) axis, mechanisms best described in the context of invasive neoplasms, may play a role in the evolution of pre-malignant lesions. This morphological study aimed to characterize the inflammatory response and expression of FOXP3 and PD-L1 in anal, vulvar, and penile HSILs and compare them with those in low-grade SILs co-infected with HR-HPV (LSIL_HR). The study group comprised 157 samples from 95 male and 55 female patients (median age = 35.5 years), including 122 HSILs and 35 LSILs_HR. Dense inflammatory infiltrates and high counts of FOXP3⁺ cells were significantly more frequent in patients with HSILs than in those with LSILs_HR (p = 0.04 and 0.02, respectively). HSILs also exhibited higher PD-L1 expression (p_adj < 0.01 and < 0.01 for the SP142 and 22C3 clones, respectively), based on the Poisson generalized linear model. In addition, concordant higher PD-L1 expression was observed in cases with a greater number of FOXP3+ cells (p < 0.05). Our findings indicate a putative role of transcriptionally active HR-HPV in evoking an inflammatory response and immune evasion in the early phases of carcinogenesis in a subset of non-cervical anogenital HSILs.",not_reported,https://doi.org/10.18632/oncotarget.28715,https://doi.org/10.18632/oncotarget.28715,Included,not_applicable,pending,Maybe,not_applicable,"PD-L1 and FOXP3 in high-grade anogenital squamous intraepithelial lesions (anal, vulvar and penile): highly pertinent immune parameters but pre-invasive, multi-site population.",conflict,consensus_included,Included,retrieved,Included,not_applicable,screening/full_text/REC-HPVPSCC-000233.pdf
REC-HPVPSCC-000234,Advances and Challenges in the Treatment of HPV-Associated Lower Genital Tract Cancers by Immune Checkpoint Blockers: Insights from Basic and Clinical Science.,2025,Cancers (Basel),"Zafar, Marhama; Sweis, Narjes; Kapoor, Hitesh; Gantt, Gerald",10.3390/cancers17081260,"Human papillomavirus (HPV)-related lower genital cancers, including cervical cancer, anal squamous cell carcinoma (SCC), vaginal cancer, vulvar cancer, and penile cancer, pose a significant health burden, with approximately 45,000 new cases diagnosed annually. Current effective treatment modalities include chemoradiotherapy, systemic chemotherapy, and immune checkpoint inhibitors (ICIs). The tumor microenvironment in HPV-related cancers is characterized by immune evasion mechanisms, including the modulation of immune checkpoints such as PD-L1/PD-1. HPV oncoproteins E5, E6, and E7 play crucial roles in this process, altering the expression of immune inhibitory molecules and the recruitment of immune cells. ICIs, such as programmed cell death protein 1 (PD-1) inhibitors, have shown efficacy in enhancing the immune response against HPV-associated tumors by blocking proteins that allow cancer cells to evade immune surveillance. Recent studies have demonstrated that HPV-positive tumors exhibit a more favorable response to ICI-based therapies compared to HPV-negative tumors. The integration of ICIs into treatment regimens for HPV-related cancers has been supported by several clinical trials. The inclusion of ICIs in the treatment approach for HPV-related lower genital cancers presents a promising opportunity for improving patient outcomes. Ongoing research and clinical trials are advancing our understanding of the immune microenvironment and the therapeutic potential of immunotherapy for these cancers.",not_reported,https://doi.org/10.3390/cancers17081260,https://doi.org/10.3390/cancers17081260,Included,not_applicable,pending,Included,not_applicable,"Review of checkpoint blockade in HPV-associated lower genital tract cancers including the penis: immune microenvironment, PD-L1/PD-1 and E5/E6/E7 oncoproteins.",agreement,consensus_included,Included,retrieved,Included,not_applicable,screening/full_text/REC-HPVPSCC-000234.pdf
REC-HPVPSCC-000235,Neutrophil-to-lymphocyte ratio predicts a poor prognosis for penile cancer with an immunosuppressive tumor microenvironment.,2025,Front Immunol,"Tan, Xingliang; Wang, Yanjun; Yu, Yiqi; Zheng, Runhao; Li, Jing; Chen, Shaohua; Xie, Qingling; Guo, Shengjie; Zhang, Chichen; Deng, Xinpei; Liu, Zhicheng; Tang, Yi; Li, Hang; Wu, Weicheng; Chen, Juexiao; Zhou, Qianghua; Wei, Wensu; Yao, Kai; Wu, Zhiming",10.3389/fimmu.2025.1568825,"BACKGROUND: Chronic inflammation related to poor genital hygiene is a well-recognized pathogenic trigger for penile cancer (PC). The neutrophil-to-lymphocyte ratio (NLR) is a simple, reproducible systemic inflammatory marker and has been reported to indicate unfavorable outcomes. However, previous studies were limited by small sample sizes, confounding prognostic factors and a lack of high-quality evidence demonstrating the significance of the NLR in PC. METHODS: A large multicenter cohort of 582 PC patients who underwent radical inguinal lymphadenectomy with definitive pN stage information was assessed. Univariate and multivariate Cox regression analyses were performed to investigate the prognostic value of inflammation-related markers. Propensity score matching (PSM) was used to minimize confounding prognostic clinicopathological features. Immunofluorescence was used to assess the immunosuppressive tumor microenvironment (TME). RESULTS: A high preoperative NLR (≥ 3.0) was associated with advanced pT, pN, and pathological grade and lymphovascular invasion in PC patients. After PSM to eliminate interference from clinical factors, pN and the NLR were found to be independent prognostic indicators (both p<0.001). PC patients with high NLRs had shorter progression-free survival (PFS) and poorer cisplatin-based chemotherapy and PD-1 immunotherapy response. We also found that the NLR is associated with proinflammatory cytokine secretion and increased N2 tumor-associated neutrophils (TANs) infiltration and CD8⁺ T-cell exhaustion in TME. N2 TANs induced neutrophil extracellular trap formation might contribute to tumor progression and resistance in high-NLR PC patients. CONCLUSIONS: The NLR is an effective, simple and independent prognostic indicator for PC. A high NLR is associated with an immunosuppressive TME and poor outcomes.",not_reported,https://doi.org/10.3389/fimmu.2025.1568825,https://doi.org/10.3389/fimmu.2025.1568825,Included,not_applicable,pending,Included,not_applicable,Multicentre cohort of 582 patients: NLR as a prognostic predictor with immunofluorescence assessment of the immunosuppressive tumour microenvironment.,agreement,consensus_included,Included,retrieved,Included,not_applicable,screening/full_text/REC-HPVPSCC-000235.pdf
REC-HPVPSCC-000236,Management of Advanced Penile Cancer.,2026,Oncol Res Treat,"Stelmach, Ramona; Giannatempo, Patrizia; Nicolai, Nicola; Garcia Del Muro, Xavier",10.1159/000546246,"BACKGROUND: Penile cancer is a rare, aggressive malignancy, with incidence varying geographically. The primary risk factor is human papillomavirus (HPV) infection. Squamous cell carcinoma represents the most common histological subtype, accounting for around 95% of cases. For advanced penile carcinoma, prognosis remains poor with a 5-year survival rate of 16% in stage IV disease. Treatment is largely centred on palliative systemic therapy. This review provides an overview of the evidence on palliative systemic treatment for advanced penile cancer, including chemotherapy, immunotherapy, and targeted therapy, as well as emerging treatment strategies. SUMMARY: Cisplatin-based chemotherapy is the established first-line treatment for advanced penile cancer, but its efficacy is often limited and short-lived. Immune checkpoint inhibitors showed limited but promising efficacy in penile carcinoma, with some patients experiencing durable responses, particularly those with high tumour mutational burden, HPV positivity, or high PD-L1 expression, though further research is needed to identify predictive biomarkers for optimal patient selection. HPV vaccine-based therapies targeting HPV oncoproteins, adoptive T-cell therapies and agents like binatrafusp alfa are showing potential in HPV-associated cancers, though their role in penile cancer remains uncertain. Ongoing clinical trials are investigating potentially synergistic combination therapies, such as HPV vaccines with checkpoint inhibitors or immune therapies combined with chemotherapy or tyrosine kinase inhibitors. KEY MESSAGES: Cisplatin-based chemotherapy remains the first-line treatment for advanced penile cancer, while immunotherapy and targeted therapies show promise but require further investigation. Enrolling patients in clinical trials and conducting early tumour molecular sequencing, if possible, are crucial for improving outcomes and identifying effective treatment targets.",not_reported,https://doi.org/10.1159/000546246,https://doi.org/10.1159/000546246,Included,not_applicable,revisión/contexto,Included,not_applicable,"Review of advanced penile cancer management: ICI response linked to high TMB, HPV positivity and PD-L1 expression.",agreement,consensus_included,Included,unavailable,Pending,not_applicable,not_applicable
REC-HPVPSCC-000237,"Biomarkers of response to antibody-drug conjugates (TROP2 and nectin-4) and the immune microenvironment (NKG7, PD-L1, and B7-H3) in penile squamous cell carcinoma.",2025,Am J Clin Pathol,"Tekin, Burak; Cheville, John C; Lucien, Fabrice; McCarthy, Michael; Dong, Haidong; Kopp, Karla J; Torell, Nate R; Lavoie, Roxane R; Farrell, Ava; Jaszewski, Brandy L; Smith, Carin Y; Jenkins, Sarah M; Dasari, Surendra; Menon, Santosh; Whaley, Rumeal D; Boorjian, Stephen A; Pagliaro, Lance C; Erickson, Lori A; Guo, Ruifeng; Gupta, Sounak",10.1093/ajcp/aqaf022,"OBJECTIVES: We aimed to assess the expression of biomarkers of response to antibody-drug conjugates (TROP2 and nectin-4) and immune microenvironment (NKG7, PD-L1, and B7-H3) in penile squamous cell carcinoma (pSCC). METHODS: Our archive was queried for patients who had a penectomy for pSCC between 2000 and 2022. Primary tumors were immunostained for B7-H3 and NKG7, while metastatic specimens were immunostained for TROP2 and nectin-4. Expression of PD-L1, TROP2, and nectin-4 in primary tumors was previously characterized. H-scores (0-300) were used to quantify expression. Associations between biomarkers, tumor-infiltrating lymphocytes (TILs), and clinicopathologic and outcome parameters were evaluated. RESULTS: For both TROP2 and nectin-4, H-scores within the lymph node metastases were higher compared to those within the primary tumors (mean, 264.5 vs 244.8, P = .0003; mean, 170.6 vs 146.7, P = .05, respectively; 33 paired specimens). For B7-H3 (n = 107), 32.7% of the primary tumors had an H-score of more than 0. In 34.8% of the cases, NKG7 expression was observed in 25% to 50% of the TILs. A significant association was noted between TIL density, B7-H3, NKG7, and PD-L1 expression. CONCLUSIONS: Therapeutic strategies targeting TROP2 and nectin-4 hold promise for patients with advanced pSCC. The potential of PD-L1, B7-H3, and NKG7 for predicting response to immunomodulatory treatment warrants further research.",not_reported,https://doi.org/10.1093/ajcp/aqaf022,https://doi.org/10.1093/ajcp/aqaf022,Included,not_applicable,pending,Included,not_applicable,"Immune microenvironment biomarkers (NKG7, PD-L1, B7-H3) and antibody-drug conjugate response biomarkers in pSCC, with TILs and outcomes.",agreement,consensus_included,Included,retrieved,Included,not_applicable,screening/full_text/REC-HPVPSCC-000237.pdf
REC-HPVPSCC-000238,"Immune cell analysis in equine penile papilloma, in situ squamous cell carcinoma and invasive squamous cell carcinoma: FoxP3+ T regulatory lymphocytes differ according to equine papillomavirus 2 status.",2025,Vet Pathol,"Bacci, Barbara; Martinoli, Ginevra; Gallina, Laura; Avallone, Giancarlo; Brunetti, Barbara; Franceschini, Tania; Grillini, Alessia; De Biase, Dario; Kapetanou, Athanasia; Tura, Giorgia; Sarli, Giuseppe; Balboni, Andrea; Fiorentino, Michelangelo; Ressel, Lorenzo",10.1177/03009858251341544,"Equine penile tumors are common in horses and are often related to infection with equine papillomavirus type 2 (EcPV2). This study investigated the immune cell infiltrate (ICI) of these tumors in horses, focusing on the role of EcPV2. Using multiplex immunohistochemistry (mIHC) for CD3, CD20, and IBA-1 and immunohistochemistry (IHC) for FoxP3, 27 horses with papillomas (5/27), in situ carcinomas (CISs) (3/27), and squamous cell carcinomas (SCCs) (19/27) were evaluated. Eighteen cases tested positive for EcPV2 by either or both in situ hybridization (ISH) and polymerase chain reaction (PCR) (18/27 by PCR, of which 16 were ISH+). The ICIs were more abundant in EcPV2-positive tumors, although differences were not statistically significant. The number of FoxP3+ regulatory T-cells was significantly higher in EcPV2+ tumors, both in intraepithelial and stromal compartments. There were higher IBA-1+ macrophage densities in SCCs than in papillomas or CISs. p53 IHC was performed, and non-basal positivity was associated with malignancy. The TP53 mutational analysis with next-generation sequencing revealed that 13/21 cases had a wild-type TP53, while TP53 variants were detected in 4/21 cases. The ICIs did not vary according to TP53 status. Tumor proliferation was also assessed with Ki67, which indicated progressively higher proliferation from benign to malignant tumors. In conclusion, although the number and distribution of B-cells, T-cells, and macrophages did not vary according to EcPV2 status, FoxP3 regulatory T-cells were observed in significantly higher numbers in EcPV2+ neoplasms, indicating a different immune landscape compared to EcPV2-negative tumors.",not_reported,https://doi.org/10.1177/03009858251341544,https://doi.org/10.1177/03009858251341544,Excluded,wrong population,especie no humana,Excluded,wrong population,EQUINE penile papilloma and SCC: immune infiltrate and FoxP3+ Tregs by EcPV2 status. Non-human species.,agreement,consensus_excluded,Excluded,not_required_after_initial_screening,Pending,wrong population,not_applicable
REC-HPVPSCC-000239,Single-Cell and Spatial Transcriptomic Profiling of Penile Squamous Cell Carcinoma Reveals Dynamics of Tumor Differentiation and Immune Microenvironment.,2025,Adv Sci (Weinh),"Song, Hongjian; Tong, Zhichao; Xie, Guixiang; Li, Yaowei; Zhao, Yubo; Fan, Fengpu; Yang, Zongzheng; Shi, Qing; Zhang, Qian; Wen, Feng; Meng, Hongxue; Li, Haonan; Guo, Pengyu; Hou, Dayong; Zhang, Zhenwei; Yin, Zhihao; Liu, Ziyi; Wang, Jianwei; Zhang, Peng; Dai, Peng; Li, Changfu; Teng, Lichen; Xu, Yangyang; Ding, Dexin; Xu, Tao; Li, Jianzhang; Chen, Yongsheng; Qiu, Yu; Hu, XiaoWei; Liu, Wentao; Wu, Liang; Nawroth, Roman; Li, Guibo; Su, Hang; Deng, Ziqing; Wang, Ziqi; Wang, Di; Xu, Wanhai",10.1002/advs.202500216,"Penile squamous cell carcinoma (PSCC) is a highly aggressive malignancy without effective treatment due to limited knowledge of its development and tumor microenvironment (TME). In this study, single-nucleus RNA sequencing (snRNA-seq) and high-resolution spatial transcriptomics are employed to comprehensively investigate the development trajectories and the TME. The results revealed that PSCC cells mimicked the differentiation and tissue organization of normal penile epithelium, independent of the human papillomavirus (HPV) infection status. Notably, a spatial subtype, Tum_1, appeared at early stage of tumor differentiation and in tumor-normal boundary regions. This subtype exhibited enhanced basal-like and stemness features and showed high LAMC2 expression, which activated laminin-integrin signaling via ITGA6/ITGB4, promoting tumor invasiveness. Furthermore, the results indicated that HPV-positive basal stem-like neoplasms dampened the immune function of T cells and macrophages, promoting an immunosuppressive environment that facilitates tumor progression. Supporting this, the patients with head and neck squamous cell carcinoma and lung squamous cell carcinoma who have high expression of HPV-positive Tum_1 signatures derived greater benefit from PD-1 blockade therapy. In summary, the findings provide a comprehensive spatial landscape of the PSCC TME and suggest potential treatment approaches targeting laminin-integrin interaction and immunotherapy, especially in HPV-positive patients.",not_reported,https://doi.org/10.1002/advs.202500216,https://doi.org/10.1002/advs.202500216,Included,not_applicable,pending,Included,not_applicable,snRNA-seq and spatial transcriptomics of pSCC: tumour differentiation dynamics and immune microenvironment by HPV status (immunosuppressive environment in HPV+).,agreement,consensus_included,Included,retrieved,Included,not_applicable,screening/full_text/REC-HPVPSCC-000239.pdf
REC-HPVPSCC-000240,A phase 2 study of sacituzumab govitecan with or without atezolizumab in rare genitourinary tumors (SMART) - design and rationale.,2025,Future Oncol,"Kydd, Andre R; Chandran, Elias; Simon, Nicholas I; Atiq, Saad; Ley, Lisa; Wang, Tzu-Fang; Cordes, Lisa; Patel, Ruchi; Smith, Elizabeth; Boudjadi, Salah; Niglio, Scot A; Yousefi-Rad, Abbas; Weng, Sally; Stukes, Ian; Banday, A Rouf; Akbulut, Dilara; Gurram, Sandeep; Redd, Bernadette; Steinberg, Seth; Choo-Wosoba, Hyoyoung; Apolo, Andrea B",10.1080/14796694.2025.2516901,"Sacituzumab govitecan (SG) is a TROP2-directed antibody-drug conjugate with a payload of SN-38, a topoisomerase inhibitor. SG monotherapy has demonstrated activity in multiple solid tumors, including metastatic breast and bladder cancer. Rare tumors of the genitourinary tract often exhibit aggressive clinical behavior yet lack effective treatment options. This article describes the design and rationale for an open-label, non-randomized, phase 2 trial of SG monotherapy or concomitant SG plus atezolizumab in locally advanced/metastatic bladder/urinary tract adenocarcinoma/urachal adenocarcinoma, squamous cell carcinoma, or high-grade neuroendocrine carcinoma; renal medullary carcinoma; and penile squamous cell carcinoma.Clinical Trial Registration: NCT06161532 (ClinicalTrials.gov).",not_reported,https://doi.org/10.1080/14796694.2025.2516901,https://doi.org/10.1080/14796694.2025.2516901,Included,not_applicable,pending,Maybe,not_applicable,Phase 2 trial protocol (SMART) of sacituzumab govitecan with or without atezolizumab in rare genitourinary tumours including pSCC; no results yet.,conflict,consensus_excluded,Excluded,not_required_after_initial_screening,Pending,wrong publication type,not_applicable
REC-HPVPSCC-000241,Efficacy of pembrolizumab and vorinostat combination in patients with recurrent and/or metastatic squamous cell carcinomas: a phase 2 basket trial.,2025,Nat Cancer,"Borcoman, Edith; Cabarrou, Bastien; Francisco, Miguel; Bigot, Frédéric; Ghiringhelli, François; Vansteene, Damien; Legrand, François; Halladjian, Maral; Dupain, Célia; Le Saux, Olivia; Coutzac, Clelia; Borel, Christian; Chaltiel, Raphael; You, Benoit; Gomez-Roca, Carlos; Cousin, Sophie; Coquan, Elodie; Lambert, Aurélien; Saada-Bouzid, Esma; Durando, Xavier; Saint-Ghislain, Mathilde; Frige, Gianmaria; Guerini-Rocco, Elena; Tonini, Maria Manuela; Bièche, Ivan; Castel-Ajgal, Zahra; Marret, Grégoire; Sablin, Marie-Paule; Jeannot, Emmanuelle; Andre, Fabrice; Filleron, Thomas; Jimenez, Marta; Mazzarella, Luca; Servant, Nicolas; Kamal, Maud; Le Tourneau, Christophe",10.1038/s43018-025-01004-2,"Immune checkpoint inhibitors improve the treatment of many solid tumors and have shown encouraging results in advanced squamous cell carcinoma (SCC), yet only a minority of patients respond to immune checkpoint inhibitor monotherapy. We conducted the PEVOsq trial, an open-label, nonrandomized, multicenter, basket phase 2 trial to evaluate the combination of pembrolizumab and vorinostat in recurrent/metastatic SCC of various origins. The primary endpoint was the objective response rate (ORR) in each tumor cohort during treatment as per the investigators' assessment. Secondary endpoints included safety and antitumor activity evaluation in terms of centrally confirmed ORR, progression-free survival, overall survival and duration of response. In the efficacy population (n = 107), the ORR was met in cervical (39%), anal (31%) and vulvar/vaginal (19%) cancer cohorts, but not in head and neck SCC (19%) or penile (18%) cancer cohorts (overall ORR = 26%). Median progression-free survival was 4.0 months (95% confidence interval: 2.6-4.3), and median overall survival was 11.1 months (95% confidence interval: 9.2-17.4). In the safety population, 101 (91%) of 111 patients developed at least one treatment-related adverse event, with 39% and 5.4% of patients experiencing at least one grade 3 and grade 4 treatment-related adverse event, respectively. Vorinostat-related toxicity prompted a dose reduction/interruption in 66% of patients. Whole-exome sequencing analyses revealed several potential predictive biomarkers of response to treatment. Further studies in a larger number of patients are required to validate these findings. ClinicalTrials.gov identifier: NCT04357873 .",not_reported,https://doi.org/10.1038/s43018-025-01004-2,https://doi.org/10.1038/s43018-025-01004-2,Included,not_applicable,pending,Included,not_applicable,PEVOsq phase 2 basket trial (pembrolizumab plus vorinostat) with a dedicated penile cancer cohort; response to immunotherapy. Extract the penile subgroup.,agreement,consensus_included,Included,retrieved,Included,not_applicable,screening/full_text/REC-HPVPSCC-000241.pdf
REC-HPVPSCC-000242,Clinicopathological features and reclassification of penile squamous cell carcinoma according to WHO classification 2022 for penile carcinoma with p16 immunohistochemical expression and its prognostic impact.,2025,Diagn Pathol,"Kaushik, Vaanya; Pai, Kanthilatha; Rao, Anuradha; Sharma, Swati",10.1186/s13000-025-01676-5,"INTRODUCTION: Squamous cell carcinoma (SCC) is the most common type of penile cancer, and infection with human papillomavirus (HPV) is one of the most highly associated risk factors. The WHO classification for penile SCC (2022) strongly recommends and advocates penile SCC to be reported as HPV-associated or HPV-independent type in pathology reports. Further, p16 immunohistochemistry (IHC) is recommended to classify SCC into the above major types, although it is not completely reliable for HPV infection. Although there are no established differences in the prognosis or treatment between HPV-associated and HPV-independent penile tumours, there is recent evidence to suggest that HPV-associated SCC may respond better to radiation therapy, immunotherapy, etc. AIM AND OBJECTIVES: This study aims to = analyse the clinicopathological features of penile squamous cell carcinoma and reclassify penile SCC into HPV-associated and HPV-independent types to align with the WHO classification of penile carcinoma (2022) and study the expression of p16 by immunohistochemistry. Additionally, we studied the prognostic significance of HPV-associated and independent SCC based on histology and p16 immunostaining. MATERIALS AND METHODS: This is a five-year retrospective single-institution study that included all diagnosed cases of penile SCC. Clinicopathological features and p16 expressions were studied and analysed. RESULTS: A total of 72 cases of penile SCC were included during the study period. The mean age of occurrence of penile SCC was 58 years. The most common site of the tumor was the glans penis (50.74%). We encountered only 6 cases (8.3%) of HPV-associated type of penile SCC, while the majority belonged to the HPV-independent type (91.7%) based on histology. p16 immunohistochemistry showed positivity in 15 cases (21%) and negativity in 57 cases (79%). Most of the tumors showed favorable features- histological grade I, pathological T1 stage with a low incidence of nodal metastasis. There was a strong association between histological subtyping into HPV-associated and independent SCC with p16 IHC expression (p = 0.015). Classification of penile SCC by histology and p16 expression into HPV associated and independent type showed no prognostic significance with pathological stage but was significant with histological grade and lymph node metastasis.",not_reported,https://doi.org/10.1186/s13000-025-01676-5,https://doi.org/10.1186/s13000-025-01676-5,Excluded,wrong outcome,pase: reclasificación WHO clinicopatológica; sin TIME/IT,Included,not_applicable,"Reclassification of pSCC per WHO 2022 into HPV-associated vs HPV-independent using p16, with prognostic impact: core to the dichotomy under study.",conflict,consensus_included,Included,retrieved,Included,not_applicable,screening/full_text/REC-HPVPSCC-000242.pdf
REC-HPVPSCC-000243,CircRNA Sequencing Analysis Reveals the Regulatory Role of circ_CDR1as in Penile Squamous Cell Carcinoma via the ceRNA Network.,2025,Int J Med Sci,"Du, Lin; Lv, Shanshan; Jiang, Zhenzhen; Song, Xiaohong; Liu, Leping; Huang, Rong; Nie, Xinmin; Gui, Rong; Li, Jian; Zhang, Junhua; Guo, Jie; Cao, Jian; Liu, Zhizhong; Gong, Zhaojian; Luo, Yanwei",10.7150/ijms.112109,"Penile squamous cell carcinoma (PSCC) is a malignant reproductive tumor, and circRNAs are essential regulators in the progression of cancers. However, their specific roles in PSCC have not been adequately investigated, which are available to function via the competing endogenous RNA (ceRNA) network. We collected 5 normal and 6 PSCC tissue samples for bulk RNA sequencing and obtained differentially expressed circRNAs (DE-circRNAs) and differentially expressed mRNAs (DE-mRNAs). Then we conducted a correlation analysis between them, followed by the prediction and intersection of their target miRNAs and mRNAs by online databases. We constructed a ceRNA network of 11 circRNAs, 14 miRNAs, and 33 mRNAs. The enrichment analysis showed that the positively circRNA-related mRNAs are mainly involved in the positive regulation of leukocyte activation and cell adhesion. It was revealed that circ_CDR1as and its target gene GATA6 were significantly downregulated in PSCC, and their reduction in tumor samples was validated by an external dataset and qRT-PCR, indicating a potential regulatory relationship between them. Our study identified that circ_CDR1as may affect PSCC progression through the circRNA-miRNA-mRNA network, and GATA6 could be one of its possible targets for PSCC therapy strategies.",not_reported,https://doi.org/10.7150/ijms.112109,https://doi.org/10.7150/ijms.112109,Excluded,wrong outcome,molecular/clínico sin TIME/IT,Excluded,wrong outcome,"circRNA ceRNA network in pSCC; molecular, non-immune outcome.",agreement,consensus_excluded,Excluded,not_required_after_initial_screening,Pending,wrong outcome,not_applicable
REC-HPVPSCC-000244,Penile Cancer Distant Metastasis or Primary Lung Cancer? Using Focused Genomic Profiling of Tumor and Germline Mutations With Next-Generation Sequencing for Clinical Decision-Making.,2025,Cancer Rep (Hoboken),"Moen, Christian A; Nordanger, Ida M; Karlsdóttir, Ása; Honoré, Alfred; Juliebø-Jones, Patrick; Blomberg, Siri M; Haslerud, Torjan M; Aamelfot, Christina; Salminen, Pirjo-Riitta; Beisland, Christian; Vetti, Hildegunn H; Costea, Daniela E; Berget, Ellen",10.1002/cnr2.70278,"BACKGROUND: The presence of a distant metastasis in penile squamous cell carcinoma (PSCC) is associated with a very poor prognosis. When isolated distant tumors are detected in patients with known PSCC, it is therefore important to accurately determine whether such lesions represent penile cancer metastasis or indeed a new primary cancer. This distinction can have a significant influence on both patient prognostication as well as recommended treatment regimens. CASES: In this case series, we present three patients surgically treated for inguinal node-positive PSCC. Two of the patients developed isolated lesions in the right hilar lymph nodes within 14 months after surgery, and one patient had a concurrent lesion in the right upper lobe at the time of diagnosis. None of the standard radiological or histopathological examinations could truly identify the origin of these lesions. Moreover, neither could biomarker analysis with p16^INK4a and human papillomavirus (HPV) DNA status. However, focused genomic profiling of both penile and thoracic tumor tissue with next generation sequencing (NGS) technology identified specific mutations in the TP53 gene (2 cases) and a potentially actionable mutation in the ERBB2 gene (1 case) that additionally could aid in distinguishing possible primary lung SCC from metastatic PSCC. No germline mutations were detected. CONCLUSION: Focused NGS analysis of tumor tissue can provide molecular insights that may help clarify the possible origin of thoracic tumors in patients with PSCC. The results may support clinical decision-making and also be used for prognostication and patient counseling.",not_reported,https://doi.org/10.1002/cnr2.70278,https://doi.org/10.1002/cnr2.70278,Excluded,wrong outcome,NGS diferencial metástasis vs primario pulmonar; sin TIME,Excluded,wrong outcome,Genomic profiling to distinguish penile metastasis from primary lung cancer; diagnostic outcome.,agreement,consensus_excluded,Excluded,not_required_after_initial_screening,Pending,wrong outcome,not_applicable
REC-HPVPSCC-000245,Immune checkpoint inhibitor therapy for advanced HPV-related penile squamous cell carcinoma: a rare case report.,2025,Front Oncol,"Pan, Zhen-Kun; Wu, Meng-Hua; Shi, Hua; Ye, Jin-Sheng",10.3389/fonc.2025.1569124,"BACKGROUND: Human papillomavirus type 16 (HPV-16)-associated penile squamous cell carcinoma (PSCC) poses considerable therapeutic challenges, especially in its advanced stages. Although surgery continues to be the cornerstone of treatment, immunotherapeutic approaches hold a promising alternative for patients unable to endure conventional chemotherapy. CASE SUMMARY: A 69-year-old male presented with progressive ulceration of the foreskin over the course of one year, which ultimately extended to the glans, accompanied by inguinal lymph node metastasis. The patient underwent surgical resection, including bilateral inguinal lymph node dissection. Histopathological examination confirmed a diagnosis of HPV-16-related PSCC with concomitant PD-L1 expression. Given the patient's poor tolerance to chemotherapy, he was treated with four cycles of the PD-1 inhibitor tislelizumab, resulting in a partial response. CONCLUSION: This case underscores the promising potential of immunotherapy as a viable alternative treatment for advanced PSCC in patients who are unable to tolerate chemotherapy. The synergistic integration of surgical intervention, immunotherapy, and psychological support is essential to achieving the best possible outcomes for patients.",not_reported,https://doi.org/10.3389/fonc.2025.1569124,https://doi.org/10.3389/fonc.2025.1569124,Included,not_applicable,pending,Included,not_applicable,Case of advanced HPV-16 pSCC with PD-L1 expression and partial response to tislelizumab.,agreement,consensus_included,Included,retrieved,Included,not_applicable,screening/full_text/REC-HPVPSCC-000245.pdf
REC-HPVPSCC-000246,Survivin and Ki-67 immunohistochemical expression in penile squamous cell carcinoma: clinicopathological features and overall survival.,2026,Int Urol Nephrol,"De Bacco, Mateus W; Pires, Iago Z; Marçal, Josenel M B; Wagner, Mário B; Fay, André P; Averbeck, Márcio A; Carvalhal, Gustavo F",10.1007/s11255-025-04672-2,"BACKGROUND: The present study evaluated Survivin and Ki-67 immunohistochemical expression in squamous cell carcinoma of the penis and its association with clinicopathological features and outcomes. PATIENTS AND METHODS: A retrospective cohort study, from 1998 to 2016, was conducted at a tertiary hospital in Brazil, utilizing a convenience sample. The study collected clinical characteristics, pathological features, and outcomes. Immunohistochemical expressions of Survivin and Ki-67 were performed on formalin-fixed paraffin-embedded specimens from patients with PSCC. Survivin positivity (Survivin +) was defined as any staining in more than 5% of tumor cells, while Ki-67 positivity was defined as any staining in more than 10%. The Mann-Whitney U test and Fisher's exact test were used to perform the associations. Kaplan-Meier curves with log-rank were used to estimate survival. RESULTS: Forty patients undergoing partial or total penectomy were selected, with five subsequently excluded. Among the remaining 35 patients, 15 (42.8%) were Ki-67 positive, and 9 (25.7%) were Survivin + . Ki-67 expression did not demonstrate association with higher tumor grade (73.3% for grades II and III vs. 55% for grade II in the Ki-67 < 10% group; p = 0.06), larger lesions (p = 0.05), or survival outcomes (HR 1.66; 95% CI 0.56-4.98; p = 0.36). Survivin + was more common in grade II and III than grade I (77.8% vs. 22.1; p = 0.027), and Survivin + patients were correlated with worse overall survival (HR 3.73; 95%CI 1.25-11.12; p = 0.01). CONCLUSION: Ki-67 expression does not seem to have an impact on clinicopathological features and overall survival. The expression of survivin seems to be promising in detecting penile squamous cell carcinoma patients with a worse prognosis.",not_reported,https://doi.org/10.1007/s11255-025-04672-2,https://doi.org/10.1007/s11255-025-04672-2,Excluded,wrong outcome,molecular/clínico sin TIME/IT,Excluded,wrong outcome,"Survivin and Ki-67 in pSCC; proliferation/apoptosis markers, non-immune.",agreement,consensus_excluded,Excluded,not_required_after_initial_screening,Pending,wrong outcome,not_applicable
REC-HPVPSCC-000247,[Penile carcinoma: the importance of histological classification and new treatment strategies].,2026,Aktuelle Urol,"Fiegl, August; Mink, Jan Niklas; Junker, Kerstin; Linxweiler, Johannes; Hartmann, Arndt",10.1055/a-2638-4574,"Penile carcinoma is a rare malignancy, predominantly derived from squamous epithelium, with a partially aggressive clinical course. The 2022 WHO classification distinguishes HPV-associated (HPV(+)) and HPV-independent (HPV(-)) subtypes, a differentiation that bears significant prognostic and therapeutic implications. HPV(-) carcinomas often develop as result of chronic inflammation, e.g. lichen sclerosus. While HPV(+) tumours, such as the warty subtype, often exhibit an indolent course, basaloid and sarcomatoid variants are associated with poor prognosis and an increased risk of metastasis.The prognostic value of HPV status alone is still inconsistent across studies. In contrast, p16 overexpression as surrogate marker for HPV infection, has been linked to improved survival outcomes. A combined assessment of HPV and p16 status is therefore recommended, particularly for therapeutic decision-making. In HPV(-) tumours, additional analysis of p53 expression is advisable, as TP53 mutations - frequently observed in this group - are associated with more aggressive tumour biology.Beyond conventional platinum-based chemotherapy, targeted therapies are gaining attention. Antibody-drug conjugates (ADCs), such as enfortumab vedotin (targeting Nectin-4) and sacituzumab govitecan (targeting Trop-2) have shown promising efficacy in other tumour types. Both targets are also expressed in penile carcinoma, and early clinical trials are underway. HER2 is expressed in a relevant proportion of cases and may be an additional therapeutic target.Immune checkpoint inhibitors like atezolizumab have so far demonstrated limited efficacy in penile cancer, despite high rates of PD-L1 expression. This discrepancy may be attributed to the immunosuppressive tumour microenvironment. EGFR-targeted monoclonal antibody therapies are also a potential treatment option.Accurate histopathological and molecular characterisation is critical for personalised treatment approaches and should become an integral component of the clinical management of penile carcinoma.",not_reported,https://doi.org/10.1055/a-2638-4574,https://doi.org/10.1055/a-2638-4574,Included,not_applicable,pending,Included,not_applicable,Review of WHO 2022 histological classification (HPV+ vs HPV-) with prognostic implications and new treatment strategies.,agreement,consensus_included,Included,unavailable,Pending,not_applicable,not_applicable
REC-HPVPSCC-000248,Penile squamous cell carcinoma with posterior urethra involvement: A case report.,2025,Radiol Case Rep,"Daskareh, Mahyar; Rahmanipour, Elham; Alamdar, Maryam Sadat",10.1016/j.radcr.2025.06.065,"Penile squamous cell carcinoma (SCC) is a rare malignancy that is more prevalent among immunocompromised individuals. Given that the tumor primarily originates along the penile shaft, it typically affects the anterior urethra. In contrast, primary urethral cancers (PUC) more commonly involve the posterior urethra. The imaging features of penile SCC and PUC often overlap, making the pattern of urethral infiltration a key factor in distinguishing between these 2 conditions. Magnetic resonance imaging (MRI) plays a crucial role in local staging and in identifying the patterns of urethral involvement. We present the case of a 40-year-old man diagnosed with penile SCC following a kidney transplant and prolonged immunosuppressive therapy. This case illustrates the rare occurrence of penile SCC with posterior urethral involvement, as demonstrated through MRI findings. This case sheds light on the possible atypical penile SCC urethral involvement. We aim to highlight its significance for clinicians and radiologists regarding the absence of similar diagnostic imaging illustrations of penile SCC with such a posterior urethra infiltration.",not_reported,https://doi.org/10.1016/j.radcr.2025.06.065,https://doi.org/10.1016/j.radcr.2025.06.065,Excluded,wrong outcome,clínico/quirúrgico/caso sin TIME/IT,Excluded,wrong outcome,Case of pSCC with posterior urethral involvement; radiological outcome.,agreement,consensus_excluded,Excluded,not_required_after_initial_screening,Pending,wrong outcome,not_applicable
REC-HPVPSCC-000249,Feasibility and effectiveness of second-line chemotherapy with mitomycin C in patients with advanced penile cancer.,2023,Front Urol,"Draeger, Desiree Louise; Hakenberg, Oliver W",10.3389/fruro.2023.1198980,"BACKGROUND: Triple-drug cisplatin- and taxane-based chemotherapy is the standard treatment for metastatic penile squamous cell cancer (PeSCC), with a moderate response rate of 30% to 38%. Relapse after first-line chemotherapy has a poor prognosis and there is no established second-line treatment. Mitomycin C (MMC) is used as an effective chemotherapy in squamous cell carcinoma of other localities. We therefore used MMC as a single agent for the second-line treatment for patients with advanced PeSCC. METHODS: Nine patients [median age 63 years (range 31 years-81 years)], who, after inguinal and pelvic lymphadenectomy and progression after first-line chemotherapy, received second-line treatment with 20 mg of MMC administered intravenously and weekly, were included in this study. The median number of cycles of MMC was 6 (range 2-12 cycles) and the median cumulative dose was 120 mg absolute (range 40 mg absolute-240 mg absolute). The patients' toxicity and treatment responses were evaluated, with the latter evaluated using ¹⁸F-FDG-PET/CT. RESULTS: Common Terminology Criteria for Adverse Events (CTCAE) grades 3 or 4 thrombocytopenia and grades 2 or 3 leukopenia occurred in all patients, as did anemia. In seven patients, the application interval had to be extended due to thrombocytopenia. Stable disease was achieved in two patients, and all others progressed under treatment. Seven patients died of the disease, with most patients dying 6 months after starting MMC therapy. Of the two patients who responded with disease stabilization, one died of progressive disease 14 months after MMC treatment. The other responding patient has been stable for over 1 year and is still receiving treatment, which he tolerates well, and has a good quality of life. CONCLUSION: MMC has only moderate efficacy as a second-line treatment in patients with metastatic PeSCC. With MMC treatment, hematological toxicity is marked.",not_reported,https://doi.org/10.3389/fruro.2023.1198980,https://doi.org/10.3389/fruro.2023.1198980,Excluded,wrong outcome,clínico/quirúrgico/caso sin TIME/IT,Excluded,wrong intervention,Second-line chemotherapy with mitomycin C; no immune component and no HPV.,agreement,consensus_excluded,Excluded,not_required_after_initial_screening,Pending,wrong outcome,not_applicable
REC-HPVPSCC-000250,"Expression of PD-L1, TIGIT, and CD155, and Human Papillomavirus Status in Patients with Advanced Penile Cancer.",2025,Eur Urol Open Sci,"Ulvskog, Emma; Kirrander, Peter; Persson, Erik K; Lillsunde-Larsson, Gabriella; Dorofte, Luiza; Franceschini, Tania; Fiorentino, Michelangelo; Davidsson, Sabina",10.1016/j.euros.2025.07.012,"BACKGROUND AND OBJECTIVE: To improve treatment for patients with penile cancer, there is a need for prognostic and treatment predictive biomarkers. The objective of this study was to examine the expression of checkpoint proteins (programmed cell death ligand 1 [PD-L1], T-cell immunoglobulin and immunoreceptor tyrosine-based inhibitory motif domain [TIGIT], and cluster of differentiation 155 [CD155]) and human papillomavirus (HPV) status in primary tumors of penile cancer patients with indication for perioperative oncological treatment. As a secondary aim, we evaluated the associations between these biomarkers and penile cancer-specific survival. METHODS: Fifty-two patients who underwent surgical treatment during 2009-2018 were included. HPV status was determined by polymerase chain reaction, and tissue microarray sections from primary tumors were subjected to immunohistochemistry to evaluate the expression of PD-L1, TIGIT, and CD155. KEY FINDINGS AND LIMITATIONS: PD-L1, TIGIT, and CD155 were expressed widely. Specifically, 75% of patients had PD-L1-positive tumors, 80% had TIGIT-positive tumors, and 98% had CD155-positive tumors. Additionally, 47% of patients had HPV-positive tumors. Patients with HPV-positive tumors had better survival than those with HPV-negative tumors. Patients with indication for perioperative oncological therapy who received such treatment and whose tumors exhibited low PD-L1 expression demonstrated better survival than those with higher PD-L1 expression levels. The main limitations of this study include the small number of patients, retrospective design, and use of tissue microarrays rather than whole tissue sections. CONCLUSIONS AND CLINICAL IMPLICATIONS: We found high expressions of the investigated checkpoint proteins, suggesting an immunosuppressed tumor microenvironment in patients with advanced penile cancer. These findings imply that checkpoint proteins could serve as prognostic and treatment predictive biomarkers. Patients with HPV-positive tumors had better prognosis. PATIENT SUMMARY: In this report, we investigated tumor tissue from patients with penile cancer and identified a high prevalence of proteins that play an important role in the immune system's defense against cancer. The findings suggest that these proteins can be important in understanding and developing treatments for patients with lymph node metastasized penile cancer.",not_reported,https://doi.org/10.1016/j.euros.2025.07.012,https://doi.org/10.1016/j.euros.2025.07.012,Included,not_applicable,pending,Included,not_applicable,"PD-L1, TIGIT and CD155 (checkpoints) together with HPV status in 52 patients with advanced penile cancer and survival.",agreement,consensus_included,Included,retrieved,Included,not_applicable,screening/full_text/REC-HPVPSCC-000250.pdf
REC-HPVPSCC-000251,"Emerging nanotherapeutics for HPV-associated cancers: current advances, challenges, and future directions.",2025,Discov Oncol,"Sharma, Ujjawal; Shekhar, Himanshu; Sharma, Bunty; Sahu, Anidrisha; Haque, Shafiul; Mathkor, Darin Mansor; Kaur, Damandeep; Tuli, Hardeep Singh; Mishra, Astha; Ahmad, Faraz",10.1007/s12672-025-02439-w,"Human Papillomavirus or HPV are viruses belonging to the family Papillomaviridae, these have double-stranded circular DNA. HPV is among the most common sexually transmitted infections which affect over 50% of the adult population. It is also responsible for approximately 5% of total cancer cases. The cancers associated with HPV include cervical cancer, vulvar cancer, vaginal cancer in females, and penile cancer in males. Apart from genital cancer, it also causes other cancers, such as anal cancer, oral cancer and oropharyngeal cancer. Traditional therapeutic methods like surgery, chemotherapy, radiotherapy, and others come with many drawbacks, such as non-specificity towards tumorous cells and other harmful effects on other non-tumorous cells. Advancement in nanotherapeutics has enabled us to precisely target cancer cell for better therapeutic outcome. These nanoparticles help in precise drug delivery, and they can also be combined with other treatments like gene therapy or immunotherapy for better results. This review synthesizes findings from PubMed and Scopus databases using keywords such as ""nanoparticles"" ""HPV"" and ""cancer"" to provides a comprehensive overview of HPV-related cancer, their current treatment approaches and their limitations, and advanced nanotherapeutic approaches for HPV-related cancers such as targeted drug delivery using nanoparticles, nanoparticle-mediated radiotherapy, immunotherapy, and gene therapy. Our review findings suggest that advanced nanotherapeutics have the potential to significantly enhance therapeutic outcomes in HPV-related cancers.",not_reported,https://doi.org/10.1007/s12672-025-02439-w,https://doi.org/10.1007/s12672-025-02439-w,Excluded,wrong population,pase: nanotherapeutics HPV pan-cáncer,Excluded,wrong intervention,Review of nanotherapeutics in HPV-associated cancers; ineligible intervention and no penile-specific TIME data.,agreement,consensus_excluded,Excluded,not_required_after_initial_screening,Pending,wrong population,not_applicable
REC-HPVPSCC-000252,"Interplay of PD-L1, FOXP3, and CD8 in the Immune Microenvironment of Penile Squamous Cell Carcinoma: Expression Profiles and Correlations.",2026,Int J Surg Pathol,"Canete-Portillo, Sofia; Cubilla, Antonio L; Netto, George J; Chaux, Alcides",10.1177/10668969251361176,"Background: This study investigates the interplay between PD-L1, FOXP3+ regulatory T cells, and CD8+ cytotoxic T lymphocytes in penile squamous cell carcinoma (penile SCC), where understanding the tumor immune microenvironment is crucial. Methods: We analyzed 108 penile SCC specimens using tissue microarrays (528 spots). Immunohistochemistry was performed for PD-L1, FOXP3, and CD8. Expression was quantified in tumor and stromal compartments, and correlated with clinicopathological features including histological grade, HPV-associated morphology, and host inflammatory response. Results: PD-L1 in tumor cells positively correlated with intratumoral CD8+ (rho = 0.408, P < .001) and FOXP3+ T cells (rho = 0.293, P = .009). Peritumoral FOXP3+ and CD8+ T cells also showed a strong correlation (rho = 0.753, P < .001). Higher PD-L1 and intratumoral CD8+ were associated with higher histological grade (P < .001). HPV-associated morphology correlated with higher PD-L1 (P < .001) but lower FOXP3+ infiltration (P < .001). Intense inflammatory response was associated with increased peritumoral FOXP3+ and CD8+ T cells (P < .001). Conclusions: The immune microenvironment of penile SCC involves complex interactions among PD-L1, FOXP3+, and CD8+, and was significantly influenced by histological grade, HPV status, and inflammation. The strong co-localization of peritumoral regulatory and cytotoxic T cells suggests a critical regulatory axis. These findings highlight distinct immune profiles within penile SCC, offering insights for developing tailored immunotherapeutic strategies.",not_reported,https://doi.org/10.1177/10668969251361176,https://doi.org/10.1177/10668969251361176,Included,not_applicable,pending,Included,not_applicable,"Interplay of PD-L1, FOXP3 and CD8 in the immune microenvironment of 108 pSCC, with HPV-associated morphology. (Chaux A. co-authorship - same criterion applied as to every other record.)",agreement,consensus_included,Included,retrieved,Included,not_applicable,screening/full_text/REC-HPVPSCC-000252.pdf
REC-HPVPSCC-000253,Clinicopathological Features of Non-HPV-associated Common Differentiated Penile Squamous Cell Carcinoma: A Study of 55 Patients.,2025,Appl Immunohistochem Mol Morphol,"Zou, Yanan; Zhang, Li; Yang, Ping; Yu, Guohua; Sun, Di",10.1097/pai.0000000000001279,"To investigate the clinicopathological characteristics of non-HPV-related common differentiated penile squamous cell carcinoma, and to observe and analyze the changes of TP53 gene and the expression and significance of TP53, P16, programmed death-ligand 1 (PD-L1), epidermal growth factor receptor (EGFR), androgen receptor (AR), human epidermal growth factor receptor-2 (HER2), and Ki67 proteins in tumor tissue. A total of 65 patients with penile squamous cell carcinoma diagnosed from May 2008 to May 2020 in Yantai Yuhuangding Hospital were retrospectively analyzed, and tumors were confirmed as non-HPV-associated common differentiated squamous cell carcinoma of the penis with negative HPV molecular tests in 55 patients. The relevant clinicopathological data of 55 patients were collected, and the TP53 gene mutation was detected by applying first-generation sequencing technology. And tumor tissue microarrays were prepared, and further immunohistochemical EnVision 2-step method was used to detect the expression levels of 7 of these proteins: TP53, P16, PD-L1, EGFR, AR, HER2, and Ki67. Pathologic grading non-HPV-associated common differentiated penile squamous cell carcinoma of 55 patients was G1 in 22 patients, G2 in 28 patients, and G3 in 5 patients. The tumor pathologic stage was pT1 in 22 patients, pT2 in 26 patients, pT3 in 6 patients, and pT4 in 1 case. Immunohistochemical markers showed positive expression of TP53 protein in about 84% (46/55 patients) and strong positive expression in about 20% of patients (11/55 patients), and the expression level of this protein was closely related to the pathologic grade and stage of the tumor. All patients showed negative expression of P16 protein. PD-L1 protein-positive expression patients accounted for about 35% (19/55 patients), among whom strong positive expression patients accounted for 20% (11/55 patients), and there was a correlation between PD-L1 protein expression level and the maximum tumor diameter. EGFR protein was positively expressed in 76% (42/55 patients) of patients and confirmed a significant correlation with the pathologic grade and stage of the tumor. The percentage of Ki67 protein-positive expression patients was 58% (32/55 patients) and significantly correlated with tumor pathology grade. In contrast, AR and HER2 proteins were negative in all 55 tumors. In 55 patients, except for 10 patients with failed DNA extraction, the mutation rate of TP53 gene in the remaining 45 patients was about 33% (15/45 patients), and the mutation sites were mainly concentrated in exon 5, followed by exon 8 and exon 5/8 combined mutation, and occasionally in exon 7/8 combined mutation. TP53 gene mutations were present in all positive TP53 protein expression intervals, and the highest rate of TP53 gene mutations was found in patients with ≥80% strong positive expression of TP53 protein, about 67% (6/9 patients). In addition, statistical analysis revealed a significant positive correlation between TP53 and Ki67 protein expression, and a low correlation between TP53 and EGFR protein, PD-L1 and Ki67, and EGFR and Ki67 protein. Non-HPV-associated common differentiated squamous cell carcinoma of the penis currently dominates the morbidity, with relatively good pathologic grading/staging and prognosis for most tumors, with a few being poor. TP53 mutations play an important role in the pathogenesis of this tumor, but TP53 mutations do not always coexist with TP53 protein overexpression. The combination of 3 proteins, TP53, P16, and Ki67, are useful antibodies for adjuvant staging and prognosis of penile squamous cell carcinoma. PD-L1 and EGFR are important new biological targets for adjuvant therapy in non-HPV-associated common differentiated squamous cell carcinoma of the penis, whereas AR and HER2 proteins were not clearly targeted in all patients. In conclusion, the combined detection of 5 proteins, TP53, P16, PD-L1, EGFR, and Ki67, in addition to AR and HER2, is important for the precise diagnosis and prognosis analysis of non-HPV-associated common differentiated squamous cell carcinoma of the penis.",not_reported,https://doi.org/10.1097/pai.0000000000001279,https://doi.org/10.1097/pai.0000000000001279,Included,not_applicable,pending,Included,not_applicable,"55 HPV-negative pSCC: PD-L1 expression among the markers assessed, with characterisation of the HPV-independent pathway.",agreement,consensus_included,Included,unavailable,Pending,not_applicable,not_applicable
REC-HPVPSCC-000254,Single-cell transcriptomic profiling reveals distinct tumor microenvironments in HPV-associated penile squamous cell carcinoma.,2025,Precis Clin Med,"Zhu, Lianbang; Shen, Deyun; Zhou, Jiahao; Cheng, Chen; Xu, Zhiyao; Liang, Yong; Pan, Wen; Tao, Tao",10.1093/pcmedi/pbaf013,"BACKGROUND: Penile squamous cell carcinoma (PSCC) is a rare yet potentially lethal malignancy, often resulting in devastating disfigurement, with a 5-year survival rate of only ∼50%. Human papillomavirus (HPV) infection is implicated in approximately half of PSCC cases and is associated with improved clinical outcomes; however, the underlying mechanisms remain poorly understood. METHODS: To elucidate HPV-associated differences in the tumor microenvironment, we performed single-cell RNA sequencing on tumors from 11 treatment-naïve PSCC patients, analyzing a total of 52 980 single cells. Unsupervised clustering identified 49 distinct cellular clusters across immune and stromal compartments. RESULTS: HPV-positive tumors exhibited an increased abundance of mast cells and a reduction in the proliferative macrophages subpopulation compared to HPV-negative tumors. Notably, CD8⁺ T cells in HPV-positive PSCC expressed lower levels of immune checkpoint molecules, suggesting a less exhausted immune state. Conversely, TIGIT and its ligands were significantly enriched in HPV-negative tumors, potentially fostering an immunosuppressive niche. CONCLUSION: Collectively, our study delineates the single-cell landscape of PSCC and highlights distinct tumor microenvironment remodeling associated with HPV status, suggesting that the reduced immunosuppression in HPV-positive tumors may underlie their more favorable prognosis.",not_reported,https://doi.org/10.1093/pcmedi/pbaf013,https://doi.org/10.1093/pcmedi/pbaf013,Included,not_applicable,pending,Included,not_applicable,"scRNA-seq of 11 pSCC: distinct microenvironments by HPV status (mast cells, proliferative macrophages, CD8 exhaustion, TIGIT axis).",agreement,consensus_included,Included,retrieved,Included,not_applicable,screening/full_text/REC-HPVPSCC-000254.pdf
REC-HPVPSCC-000255,Characterization of CD8+ and FOXP3+ T-Cell Ratios in Tumor and Stromal Compartments of Penile Squamous Cell Carcinoma: An Analysis Across Histologic Subtypes and Grades.,2026,Int J Surg Pathol,"Canete-Portillo, Sofia; Cubilla, Antonio L; Netto, George J; Chaux, Alcides",10.1177/10668969251362475,"BackgroundThe balance between CD8+ cytotoxic T cells and FOXP3+ regulatory T cells within the tumor microenvironment is crucial in cancer progression. This study aimed to characterize CD8+/FOXP3+ T-cell ratios in tumor and stromal compartments of penile squamous cell carcinoma (SCC) across different histologic subtypes and grades.MethodsThis retrospective study analyzed 1 tissue microarray block (144 spots from 35 patients). CD8 and FOXP3 immunohistochemistry was performed. Ratios of CD8+/FOXP3+ T cells per high-power field were categorized as CD8 > FOXP3 or CD8 ≤ FOXP3 in tumor and stromal compartments. Associations with histologic subtype (including WHO classification) and grade were examined.ResultsSeventy-nine spots (55%), representing 23 unique patients, were evaluable. Median intratumoral CD8+ and FOXP3+ counts were 5 and 4 per high-power field, respectively. Stromal median counts were 22 (CD8+) and 38 (FOXP3+) per high-power field. No statistically significant associations were found between CD8+/FOXP3+ ratios and histologic grade in either tumor (P = .529) or stromal compartments (P = .660). Similarly, no significant associations were observed with histologic subtype, though a non-significant trend (P = .09) was noted between stromal ratio and subtype.ConclusionsThis study characterized CD8+ and FOXP3+ T-cell infiltrates and their ratios in penile SCC, revealing distinct patterns between tumor and stromal compartments. In this cohort, significant associations with histologic grade or subtype were not observed. These findings underscore the need for larger, prospective studies incorporating HPV status and clinical outcomes to elucidate the role of these immune ratios.",not_reported,https://doi.org/10.1177/10668969251362475,https://doi.org/10.1177/10668969251362475,Included,not_applicable,pending,Included,not_applicable,CD8+/FOXP3+ ratios in tumour and stromal compartments of pSCC by histological subtype and grade. (Chaux A. co-authorship - same criterion applied as to every other record.),agreement,consensus_included,Included,retrieved,Included,not_applicable,screening/full_text/REC-HPVPSCC-000255.pdf
REC-HPVPSCC-000256,Pembrolizumab Plus Platinum-Based Chemotherapy for Patients With Advanced Penile Cancer: The Nonrandomized HERCULES (LACOG 0218) Clinical Trial.,2025,JAMA Oncol,"Cotait Maluf, Fernando; Trindade, Karine; Preto, Daniel; de Almeida Luz, Murilo; Medeiros Milhomem Beato, Patrícia; Assed Bastos, Diogo; Holanda Soares, João Paulo; Marcondes Lopes, Victor; Werneck de Carvalho, Luis Eduardo; Queiroz Borges Muniz, David; Racy, Douglas Jorge; de Jesus, Rafaela Gomes; Rebelatto, Taiane Francieli; Werutsky, Gustavo; Halabi, Susan; Sabino Marques Monteiro, Fernando; Poisl Fay, André",10.1001/jamaoncol.2025.3266,"IMPORTANCE: Advanced penile squamous cell carcinoma (PSCC) is associated with poor survival, and no new treatment strategies have changed clinical outcomes in past decades. This highlights the unmet need to understand the biology and develop more effective and tolerable treatment options. OBJECTIVE: To evaluate the efficacy and safety of adding an immune checkpoint inhibitor to chemotherapy for advanced PSCC. DESIGN, SETTING, AND PARTICIPANTS: HERCULES (LACOG 0218) was a phase 2 single-arm nonrandomized clinical trial evaluating pembrolizumab plus platinum-based chemotherapy as first-line treatment in patients with advanced PSCC from August 2020 to December 2022. Patients were followed up for 24 months. Patients with metastatic, recurrent, or locally advanced disease not amenable to curative-intent therapy were included. Statistical analyses were performed between November 21, 2023, and January 25, 2024. INTERVENTION: Fluorouracil, 1000 mg/m2 per day, intravenously for days 1 to 4; cisplatin, 70 mg/m2 (or carboplatin, area under the curve, 5) intravenously on day 1; and pembrolizumab, 200 mg, intravenously on day 1 every 3 weeks for 6 cycles, followed by pembrolizumab, 200 mg, intravenously every 3 weeks for up to 34 cycles. MAIN OUTCOME: The primary end point was the overall response rate (ORR) assessed using the Response Evaluation Criteria in Solid Tumors (RECIST 1.1). RESULTS: Overall, 37 patients were enrolled in 11 Brazilian centers and 33 patients were eligible for efficacy analysis. The median (range) age was 56 (30-76) years, 24 patients (64.9%) had metastatic disease, 8 (21.6%) had recurrent disease, and 5 (13.5%) had locally advanced disease. ORR was 39.4% (95% CI, 22.9%-57.9%). At median follow-up of 24.0 months (cut-off date January 24, 2024), median progression-free survival was 5.4 (95% CI, 2.7-7.2) months and median overall survival was 9.6 (95% CI, 6.4-13.2) months. Treatment-related adverse events (AE) rates of any grade and grades 3 to 4 were 91.9% and 51.4%. Immune-related AE rates of any grade were 21.6% and grade 3 to 4 were 5.4%. There were no treatment-related deaths. CONCLUSION AND RELEVANCE: The HERCULES clinical trial is the first trial to demonstrate the efficacy of immune checkpoint inhibitors combined with chemotherapy in patients with advanced PSCC with a manageable safety profile. TRIAL REGISTRATION: ClinicalTrials.gov Identifier: NCT04224740.",not_reported,https://doi.org/10.1001/jamaoncol.2025.3266,https://doi.org/10.1001/jamaoncol.2025.3266,Included,not_applicable,pending,Included,not_applicable,HERCULES phase 2 trial (LACOG 0218): pembrolizumab plus platinum-based chemotherapy in advanced pSCC.,agreement,consensus_included,Included,retrieved,Included,not_applicable,screening/full_text/REC-HPVPSCC-000256.pdf
REC-HPVPSCC-000257,Metachronous nodal metastases from HPV-associated penile carcinoma in situ.,2025,Urol Case Rep,"Antar, Ryan; Kathuria, Brij; Wynne, Michael; Clyne, Megan; Hall, Andrew; Stein, Daniel; Whalen, Michael",10.1016/j.eucr.2025.103183,"Penile intraepithelial neoplasia (PeIN) is a premalignant precursor of squamous cell carcinoma (SCC) with a 5-15 % risk of progression. Nodal metastasis without histologic invasion is exceedingly rare. We describe a 40-year-old man with recurrent, HPV-positive basaloid PeIN of the glans and distal urethra who developed right inguinal and pelvic nodal metastases despite serial resections consistently showing carcinoma in situ. Genomic profiling revealed EGFR and JUN amplifications with NCOR1 and PRKAR1A losses, alterations linked to aggressive tumor biology. This case highlights the paradoxical metastatic potential of high-grade PeIN and underscores the need for molecular risk stratification in surveillance and management.",not_reported,https://doi.org/10.1016/j.eucr.2025.103183,https://doi.org/10.1016/j.eucr.2025.103183,Excluded,wrong outcome,PeIN/BLT sin TIME,Excluded,wrong outcome,Case of nodal metastases from HPV-associated carcinoma in situ; genomic profiling with no immune data (and a pre-invasive lesion).,agreement,consensus_excluded,Excluded,not_required_after_initial_screening,Pending,wrong outcome,not_applicable
REC-HPVPSCC-000258,Evaluating the Evolving Treatment Landscape of Systemic Therapies in Penile Cancer.,2025,Cancers (Basel),"Jaime-Casas, Salvador; Barragan-Carrillo, Regina; Eskenazi, Federico; Dugarte, Juan P; Chahoud, Jad; Spiess, Philippe E; Medina, Luis G",10.3390/cancers17182956,"Penile squamous cell carcinoma (PSCC) represents a malignancy with low incidence. Despite advances in chemotherapy-based management, outcomes for patients with locally advanced and metastatic disease remain poor, with 5-year survival rates of 51% and 9%, respectively. Early diagnosis is crucial, yet psychosocial/structural barriers often delay it. Treatment strategies are stage-dependent, ranging from organ-sparing surgery and targeted radiotherapy for early-stage disease to cisplatin-based chemotherapy for locally advanced and metastatic cases. However, systemic therapies provide modest survival benefits and can expose the patient to unnecessary toxicities. Immunotherapy has emerged as a promising area, given the high expression of PD-L1 in PSCC and the significant proportion of HPV-driven tumors. Although initial results from immunotherapy-based trials are limited, preliminary trials such as HERCULES, ALPACA, PULSE, and PERICLES aim to define their role better. Similarly, combination regimens utilizing toripalimab in combination with nimotuzumab and taxane-based chemotherapy (TNT) followed by consolidative surgery are currently underway. Furthermore, the development of therapeutic HPV vaccines offers a novel strategy to enhance local antitumor immunity. Antibody-drug conjugates (ADCs) targeting HER-2, Trop-2, and Nectin-4 antigens represent another evolving therapeutic avenue that has shown preliminary promising results. As the landscape of penile cancer treatment continues to grow, incorporating these novel strategies could further improve survival outcomes and/or offer improved quality of life. This review provides a comprehensive overview of emerging systemic therapies in PSCC, underscoring ongoing research efforts to address unmet needs.",not_reported,https://doi.org/10.3390/cancers17182956,https://doi.org/10.3390/cancers17182956,Included,not_applicable,revisión/contexto,Included,not_applicable,Review of the systemic therapy landscape in pSCC emphasising immunotherapy given high PD-L1 expression and the proportion of HPV-driven tumours.,agreement,consensus_included,Included,retrieved,Included,not_applicable,screening/full_text/REC-HPVPSCC-000258.pdf
REC-HPVPSCC-000259,An update on the pharmacotherapy of penile cancer.,2026,J Oncol Pharm Pract,"Samperio, Victor M; Ike, Ifeoma; Hamoud, Moza; Dasanu, Constantin A",10.1177/10781552251383790,"ObjectiveTo review the current pharmacologic treatment landscape for penile squamous cell carcinoma (PSCC), with a focus on current pharmacotherapy and emerging therapeutic approaches.Data SourcesAn extensive Medline, Embase and Cochrane search of peer-reviewed sources reporting on pharmacotherapy of penile cancer was performed (1/1/2000-06/30/2025). Contribution of immune checkpoint inhibitors (ICIs) to the therapeutics of penile cancer was carefully considered.Data SummaryThis review highlights recent advances in the management of PSCC, covering key aspects of global epidemiology, molecular subtyping, guideline-based treatment by stage, and systemic therapeutic approaches. Particular attention is given to the growing role of immunotherapy in biomarker-selected populations and its potential to reshape the treatment landscape of this disease. For fit patients with advanced disease, platinum-based chemotherapy, particularly the paclitaxel-ifosfamide-cisplatin regimen (TIP), remains the standard first-line option, offering reasonable response rates albeit with significant toxicity. In contrast, ICIs have emerged as valuable alternatives. Cemiplimab and pembrolizumab have shown durable responses in this setting, with the added benefit of improved tolerability and quality of life.ConclusionsDespite its rarity, penile squamous cell carcinoma (PSCC) remains a therapeutically challenging malignancy. Randomized clinical trials with ICIs are being awaited. We believe that clinical trials to test the addition of these agents to a backbone of platinum-based chemotherapy are also warranted. Continued global collaboration and prospective trials are essential to refine stage-based management, improve access to specialized care, and integrate precision oncology to the bedside of patients with PSCC.",not_reported,https://doi.org/10.1177/10781552251383790,https://doi.org/10.1177/10781552251383790,Included,not_applicable,revisión/contexto,Included,not_applicable,Review of pSCC pharmacotherapy with specific attention to the role of checkpoint inhibitors in biomarker-selected populations.,agreement,consensus_included,Included,unavailable,Pending,not_applicable,not_applicable
REC-HPVPSCC-000260,CD4 and CD8 T-cell lymphocytes from penile squamous cell carcinoma tumors are more differentiated with higher PD-1 expression compared to lymphocytes in peripheral circulation.,2026,Immunol Lett,"Mumba, Chibamba; Mwale, Nicholas K; Mapulanga, Victor; Ngalamika, Owen",10.1016/j.imlet.2025.107099,"BACKGROUND: Penile squamous cell carcinoma (PSCC) is the commonest malignancy of the penis, with a higher incidence and poor treatment outcomes in developing countries. T-cell phenotypes have been shown to identify patients who may respond favorably to immune therapy, and also associate with treatment outcomes. This study aimed to determine and compare the tumor and peripheral blood T-cell phenotypes of individuals with PSCC, and whether factors such as smoking and presence of HPV associate with these T-cell phenotypes. METHODS: We conducted a prospective cross-sectional study at the University Teaching Hospital, Lusaka, Zambia. Participants with a histologically-confirmed PSCC were recruited into the study. Socio-demographic information was obtained, and whole blood was collected and subjected to peripheral blood mononuclear cells (PBMCs) isolation. Fresh penile tumors were mechanically and enzymatically digested. CD4 and CD8 cells were sorted from PBMCs and tumor, stained using antibodies against CD3, CD45RO, CCR7, PD-1, CD103 and CD69, and subjected to flow cytometry. Parts of the tumor were subjected to HPV detection, and histological grading and staging. RESULTS: Twenty-four participants were recruited into the study. The median age was 55.5 years, 45.8 % were smokers, 87.5 % were HIV positive, 62.5 % had high-risk HPV detected in the tumors, and 25 % had advanced-stage disease. There was a significantly higher proportion of naïve cells among CD4 T-cells from PBMCs than tumor (40.2 % vs 3.8 %; p = 0.01). CD4 T cells from the tumor demonstrated a significantly higher proportion of cells expressing CD69 (3.2 % vs 95.9 %; p = 0.0001), CD103 (0.7 % vs 7.3 %; p = 0.0001), and PD-1 (35.5 % vs 92 %; p = 0.0001) than the ones from PBMCs. Tumoral CD8 T-cells had a significantly lower proportion of terminally-differentiated effector cells but higher proportion of central memory cells compared to PBMCs, (7.9 % vs 15.1 %, p = 0.04) and (55 % vs 14.4 %; p = 0.01) respectively. Tumoral CD8 T-cells also had a significantly higher proportion of cells expressing CD69 (96.7 % vs 8.5 %; p = 0.0001), CD103 (22.2 % vs 1.2 %; p = 0.0001), and PD-1 (79.3 % vs 18.8 %; p = 0.0001) when compared to the PBMCs. Early-stage disease was associated with a significantly higher proportion of central memory CD4 T-cells among the PBMCs when compared with advanced stage disease (46.7 % vs 30 %; p = 0.01), while smoking was associated with a significantly higher proportion of tumoral CD8 T-cells expressing the homing marker CD103 (28.2 % vs 17.8 %; p = 0.01). CONCLUSION: PSCC tumors demonstrate a higher proportion of primed T-cells with a memory phenotype compared to T-cells in the circulation. T-cells from PSCC tumors also have a higher proportion of cells expressing the immune checkpoint PD-1 and homing markers than those from the circulation.",not_reported,https://doi.org/10.1016/j.imlet.2025.107099,https://doi.org/10.1016/j.imlet.2025.107099,Included,not_applicable,pending,Included,not_applicable,"CD4/CD8 T-cell phenotypes in tumour vs circulation in pSCC with higher PD-1 expression, analysed by smoking and HPV status.",agreement,consensus_included,Included,unavailable,Pending,not_applicable,not_applicable
REC-HPVPSCC-000261,Spatial Transcriptional Dynamics of CD74⁺ B Cells in Tertiary Lymphoid Structures Drive Immune Evolution in Penile Squamous Cell Carcinoma.,2025,Adv Sci (Weinh),"Xue, Ting; Deng, Chuangzhong; Liu, Jingya; Yan, Ru; Li, Jing; Hu, Xiheng; Li, Xueying; Xiao, Xiao; Jin, Jietian; Tang, Hongzhen; Chen, Desi; Zuo, Zihan; Liang, Yujie; Wang, Dongbin; Chen, Bonan; Han, Hui; Li, Zaishang",10.1002/advs.202509742,"Penile squamous cell carcinoma (PSCC) is a malignancy characterized by a poor prognosis and lack of reliable biomarkers, presenting considerable therapeutic challenges. Tertiary lymphoid structures (TLSs) are critical modulators of antitumor immunity; however, the immunological dynamics, particularly the roles of B cells and their interactions with naive T cells in PSCC tissues, remain inadequately understood. This study integrates transcriptomic approaches, including spatial transcriptomics, single-cell sequencing (scRNA-seq), and bulk RNA sequencing (bulk RNA-seq), and immunohistochemistry to elucidate the immune architecture of and functional mechanisms within TLSs. The results reveal a positive correlation between TLS density and patient survival, with CD74⁺ B cells tending to be enriched during early TLS formation. These cells exhibit strong immune activation and a propensity to differentiate into plasma cells. By engaging with naive T cells through HLA-DRA via ligand-receptor interactions, CD74⁺ B cells activate transcription factors, including NFKB1, NFKB2, NFATC1, NFATC2, FOS, and RUNX1, in naive T cells, thereby enhancing the immune response. Consequently, CD74⁺ B cells represent a compelling biomarker for and therapeutic target of PSCC, offering profound insights into the immunological mechanisms that drive PSCC progression and response to immunotherapy.",not_reported,https://doi.org/10.1002/advs.202509742,https://doi.org/10.1002/advs.202509742,Included,not_applicable,pending,Included,not_applicable,"Spatial transcriptomics and scRNA-seq of CD74+ B cells in tertiary lymphoid structures of pSCC, with prognostic correlation.",agreement,consensus_included,Included,retrieved,Included,not_applicable,screening/full_text/REC-HPVPSCC-000261.pdf
REC-HPVPSCC-000262,Phase 2 study of dostarlimab plus niraparib in stage III-IV recurrent or refractory Penile squamous cell carcinoma.,2025,Future Oncol,"Hatoum, Firas; Souza, Gabriel Roman; Johnson, Jeff; Miller, Justin; Fazili, Adnan; Pettaway, Curtis Alvin; Campbell, Matthew T; Neubauer, Robin; Johns, Andrew; Mizelle, Sarah Raymond; Kim, Youngchul; Chadha, Juskaran; Zhang, Jingsong; Jameel, Ghazal; Oschmann, Erika; Dhillon, Jasreman; Moscu, Anay; Janeway, Ryan; Harris, Walt; Lu, Xin; Spiess, Philippe E; Chahoud, Jad",10.1080/14796694.2025.2577632,"Management of penile squamous cell carcinoma (PSCC) remains challenging, with limited effective treatment options. Preclinical studies have shown that combining a PD-1 inhibitor with a PARP inhibitor may produce synergistic antitumor activity. This phase II trial will evaluate the combination of niraparib (PARP inhibitor) with dostarlimab (PD-1 inhibitor) in patients with recurrent or refractory stage III or IV PSCC. The primary endpoint will be the objective response rate (ORR) assessed using iRECIST. Progression-free survival (PFS), overall survival (OS), and safety will be included as secondary endpoints. A first stage cohort of 15 patients will be enrolled; if the ORR exceeds 13%, enrollment will be expanded to include an additional 10 patients in the second stage. If successful, this combination could represent a novel therapeutic strategy for advanced platinum refractory PSCC.Clinical trial registration: www.clinicaltrials.gov identifier is NCT05526989.",not_reported,https://doi.org/10.1080/14796694.2025.2577632,https://doi.org/10.1080/14796694.2025.2577632,Included,not_applicable,pending,Included,not_applicable,Phase 2 trial of dostarlimab (anti-PD-1) plus niraparib in recurrent/refractory pSCC. Protocol: check whether results have since been published.,agreement,consensus_included,Included,unavailable,Pending,not_applicable,not_applicable
REC-HPVPSCC-000263,Marjolin's Ulcer in Patients With Anogenital Lichen Planus: A Systematic Review.,2026,J Cutan Med Surg,"Branyiczky, Miranda K; Lowe, Megan S; Abu-Hilal, Mohannad; Litvinov, Ivan V",10.1177/12034754251364858,"Anogenital lichen planus (ALP) is a chronic inflammatory condition associated with significant morbidity and a potential risk of cutaneous squamous cell carcinoma (cSCC), specifically Marjolin ulcer (MU), a rare, but aggressive, life-threatening complication. This systematic review aimed to describe the clinical characteristics of patients developing MU within ALP and its treatment outcomes. MEDLINE and Embase (inception-November 2024) were searched, identifying studies reporting MU or squamous dysplasia arising within ALP lesions. Thirty-two studies (n = 176 cases) were analyzed, including cohort studies, case series, and reports, and a descriptive analysis was performed. Patients had a mean age of 63.9 years, with 77.3% female. ALP lesions were most commonly vulval (72.2%) in females and penile (22.2%) in males. MU or cSCC precursor prevalence in ALP cohorts ranged from 0.9% to 4.2%. Human papillomavirus was rarely detected (8.4%), suggesting other mechanisms underlying MU development. The mean ALP duration prior to squamous dysplasia was 47.5 months. Metastases were present in 45.7% of cases that reported this outcome. MU treatment primarily involved surgical excision, with recurrence in 32.9% of cases and mortality in 21.1%. Poor disease control, erosive morphology, and long-standing lesions were associated with higher malignancy risk. Overall, this review highlights the malignant potential of ALP and underscores the importance of early detection and multidisciplinary care. Routine anogenital examinations, timely biopsies of suspicious lesions, and aggressive management of ALP may improve outcomes. Further research is needed to elucidate the mechanisms underlying MU development and optimize treatment strategies for this rare but morbid complication.",not_reported,https://doi.org/10.1177/12034754251364858,https://doi.org/10.1177/12034754251364858,Excluded,wrong population,pase: Marjolin/liquen; no pSCC TIME,Excluded,wrong population,"Systematic review of Marjolin ulcer in anogenital lichen planus; mixed dermatological population, not pSCC.",agreement,consensus_excluded,Excluded,not_required_after_initial_screening,Pending,wrong population,not_applicable
REC-HPVPSCC-000264,[Personalized systemic therapy of penile cancer: molecular targets and new therapeutic horizons].,2025,Urologie,"von Amsberg, Gunhild",10.1007/s00120-025-02717-z,"BACKGROUND: Penile cancer is a rare urological malignancy with approximately 36,000 new cases worldwide each year. In the first-line setting of locally advanced or metastatic disease, platinum-based chemotherapy is recommended, but it yields only moderate response rates, short remission durations, and considerable toxicity. Effective second-line treatment options are largely lacking, underscoring the urgent need for innovative therapeutic approaches. OBJECTIVE: This article aims to summarize current evidence on immunotherapeutic and targeted treatment strategies in advanced penile cancer. MATERIAL AND METHODS: A systematic literature search was conducted in PubMed, complemented by recent abstracts and presentations from major congresses (American Society of Clinical Oncology, ASCO; ASCO Genitourinary, ASCO GU; European Society for Medical Oncology, ESMO) and clinical trial registries (clinicaltrials.gov). RESULTS: Immune checkpoint inhibitor monotherapy demonstrates response rates of 13-17% in unselected cohorts, with improved outcomes in patients with high tumor mutational burden or exclusively nodal metastases. In combination with chemotherapy, response rates increased to around 40%. Epidermal growth factor receptor (EGFR)-targeted antibodies achieved remissions in approximately one third of patients, albeit generally of short duration. Based on expression patterns of various surface proteins (EGFR, HER2, Nectin‑4, Trop-2), several antibody-drug conjugates are currently being evaluated in phase II trials. Moreover, poly ADP ribose polymerase (PARP) inhibition may represent a rational option in tumors harboring alterations in homologous recombination repair genes. CONCLUSION: Immuno- and targeted therapies open new perspectives for the management of advanced penile cancer. Because of the rarity of this malignancy, international collaborations are crucial to ensure adequate trial recruitment. Such efforts are essential to render innovative approaches accessible to a broader patient population and to strengthen the evidence base for future treatment strategies.",not_reported,https://doi.org/10.1007/s00120-025-02717-z,https://doi.org/10.1007/s00120-025-02717-z,Included,not_applicable,pending,Included,not_applicable,Review of personalised systemic therapy in penile cancer: ICI response rates by TMB and biomarkers.,agreement,consensus_included,Included,unavailable,Pending,not_applicable,not_applicable
REC-HPVPSCC-000265,Tissue Factor Expression in Penile Squamous Cell Carcinoma: A Potential Marker of HPV-Independent Disease.,2025,Cancers (Basel),"Jackson, Jamaal C; Johns, Andrew C; Campos Clemente, Leticia; Manuel, Christopher M; Qiao, Wei; Lu, Wei; Khan, Khaja; Solis Soto, Luisa M; Chahoud, Jad; Rao, Priya; Campbell, Matthew T; Pettaway, Curtis A; Zacharias, Niki M",10.3390/cancers17213410,"Background/Objectives: In a series of 33 patients with advanced penile squamous cell carcinoma (PSCC), we evaluated tissue factor (TF), TROP2, and nectin-4 protein expression as potential therapeutic targets. Expression levels of these proteins were also correlated to clinicopathological characteristics, including high-risk human papillomavirus (HPV), CDKN2A (p16) status, and aberrant p53 expression. Methods: A tissue microarray (TMA) was constructed with three cores per patient tumor (99 total cores). Anti-TF antibody staining was performed by immunohistochemistry, and H-scores for membrane and cytoplasm staining were assessed (range 0-300). The percentage of cores and patient tumors staining positive for TF (≥10% of tumor cells with at least 1+ intensity in cytoplasm and/or membrane) and H-scores were described and compared with HPV and p16 status. The association of TF expression with tumor grade, presence of metastatic disease, lymphovascular invasion (LVI), perineural invasion (PNI), aberrant p53 expression, recurrence-free survival (RFS), and cancer-specific survival (CSS) was assessed. Nectin-4 and TROP2 staining and their association with clinical/pathological data were determined in a similar manner. Results: TF staining was evident in 26 (81.3%) of the cohort and was more prominent in HPV-negative tumors in both the membrane (H-score 69.6 vs. 18.8; p = 0.003) and cytoplasm (H-score 59.2 vs. 17.7, p = 0.007). Cytoplasmic (H-score 61.7 vs. 11.7, p < 0.001) and membrane TF staining (H-score 71.7 vs. 15.0, p < 0.001) favored p16-negative tumors. The p53 status was more likely to be aberrant in the higher TF staining samples (cytoplasm H-score 61.7 vs. 18.3, p = 0.012; membrane H-score 67.5 vs. 20.3, p = 0.006). We observed an association with TROP2 staining and positive p16 status (membrane H-score 120.3 vs. 85, p = 0.052; cytoplasmic H-score 135 vs. 107.5, p = 0.041). We observed an association of TROP2 staining with positive LVI (membrane H-score 136.7 vs. 66.7, p = 0.014; cytoplasmic H-score 110 vs. 93.3, p = 0.04). We found no association between TF, TROP2, or nectin-4 staining with CSS or RFS; however, we suspect that this was due to our small sample size. Conclusions: Our results indicate that TF was expressed in the majority of advanced PSCC with enhanced expression among HPV-independent, p53-aberrant tumors and may represent a novel therapy target in advanced PSCC.",not_reported,https://doi.org/10.3390/cancers17213410,https://doi.org/10.3390/cancers17213410,Excluded,wrong outcome,molecular/clínico sin TIME/IT,Excluded,wrong outcome,"Tissue factor (TF), TROP2 and nectin-4 as markers of HPV-independent disease; non-immune targets.",agreement,consensus_excluded,Excluded,not_required_after_initial_screening,Pending,wrong outcome,not_applicable
REC-HPVPSCC-000266,B lymphocytes and tertiary lymphoid structures have a prognostic impact on penile squamous cell carcinoma.,2025,J Pathol Clin Res,"Zavillová, Nicolette; Waldauf, Petr; Kendall Bártů, Michaela; Čapka, David; Hojný, Jan; Prouzová, Zuzana; Matěj, Radoslav; Zachoval, Roman; Hrudka, Jan",10.1002/2056-4538.70059,"Several prognostic markers, including tumor-infiltrating lymphocytes, which have been recently identified in penile squamous cell carcinoma (pSCC), have focused mostly on T cells. The prognostic role of B cells and tertiary lymphoid structures (TLSs) has not yet been sufficiently described. We examined whole tissue sections histopathologically for TLSs and immunohistochemically for CD20 and CD138. The B-cell immunoscore (B-IS) divided the cohort into five categories based on the expression of these two B-cell/plasma cell markers (CD20 and CD138, respectively). Patients with fewer TLSs had worse overall survival (OS) [hazard ratio (HR) = 2.17; 95% CI: 0.94-5; p = 0.069]. A significant association was identified between a high TLS diameter and the presence of a lymphocytic infiltrate [odds ratio (OR) = 2.2442; 95% CI: 1.1022-4.55; p = 0.0208]. Patients with low B-IS (HR = 1.89, 95% CI: 1.18-3.03, p = 0.008), a low number of CD20⁺ cells in the tumor center (HR = 1.67, 95% CI: 1.04-2.7, p = 0.035), and a low number of CD20⁺ cells at the tumor invasion front (HR = 1.69, 95% CI: 1.06-2.78; p = 0.028) had significantly worse OS. High B-ISs were strongly associated with a mutated p53 profile detected by immunohistochemistry (OR = 4.76, 95% CI: 1.32-25, p = 0.011), low T-cell immunoscores (OR = 0.49; 95% CI: 0.23-1.03; p = 0.051), and brisk lymphocytic infiltration (OR = 2.0417, 95% CI: 1.01-4.76; p = 0.037). High CD20⁺ cell counts at the invasion front were associated with histological grade 3 disease (OR = 2.44, 95% CI 1.15-5.26, p = 0.015). An association was also observed between low B-IS and mutations in KMT2D (OR 0.31, 95% CI: 0.07-1.21, p = 0.057) and EGFR (OR = ∞, 95% CI: 0.86-∞, p = 0.053). In conclusion, high numbers of tumor-infiltrating B cells within TLSs represent a favorable prognostic marker in pSCC. These findings emphasize the need to identify novel microscopic prognostic markers during pathological assessment to guide early and appropriate therapeutic strategies.",not_reported,https://doi.org/10.1002/2056-4538.70059,https://doi.org/10.1002/2056-4538.70059,Included,not_applicable,pending,Included,not_applicable,"B lymphocytes and tertiary lymphoid structures (CD20, CD138, B-cell immunoscore) with prognostic impact in pSCC.",agreement,consensus_included,Included,retrieved,Included,not_applicable,screening/full_text/REC-HPVPSCC-000266.pdf
REC-HPVPSCC-000267,"Re: Fernando Cotait Maluf, Karine Trindade, Daniel Preto, et al. Pembrolizumab plus Platinum-based Chemotherapy for Patients with Advanced Penile Cancer: The Nonrandomized HERCULES (LACOG 0218) Clinical Trial. JAMA Oncol. In press. https://doi.org/10.1001/jamaoncol.2025.3266.",2026,Eur Urol,"Monteiro, Fernando Sabino Marques; Santoni, Matteo; Spiess, Philippe E",10.1016/j.eururo.2025.10.020,[Resumen no disponible],not_reported,https://doi.org/10.1016/j.eururo.2025.10.020,https://doi.org/10.1016/j.eururo.2025.10.020,Excluded,wrong publication type,pase: comentario editorial Re: HERCULES,Excluded,wrong publication type,'Re:' commentary in Eur Urol on the HERCULES trial; no abstract and no primary data.,agreement,consensus_excluded,Excluded,not_required_after_initial_screening,Pending,wrong publication type,not_applicable
REC-HPVPSCC-000268,Penile squamous cell carcinoma in neurofibromatosis type 1 (NF1): RAS-pathway mechanisms and management - A case report.,2025,Urol Case Rep,"Javanmard, Babak; Samenezhad, Sina; Rafighi, Dorna; Yaghoubpour, Lena; Dehghan, Nasim",10.1016/j.eucr.2025.103257,"Neurofibromatosis type 1 (NF1) predisposes to neural and occasionally epithelial malignancies. We report a 65-year-old man with NF1 who presented with urethral obstruction, meatal discharge, and glans swelling. Imaging identified a 22 × 25 mm hypervascular penile lesion invading the corpus spongiosum and anterior urethra. Biopsy confirmed well-differentiated squamous cell carcinoma. Staging showed no distant disease; inguinal FNA was negative. He underwent radical penectomy with perineal urethrostomy; margins were clear, and recovery was uneventful. This rare occurrence highlights RAS-pathway plausibility, supports prompt biopsy of changing genital lesions in NF1, and recommends HPV testing, molecular profiling, and multidisciplinary follow-up.",not_reported,https://doi.org/10.1016/j.eucr.2025.103257,https://doi.org/10.1016/j.eucr.2025.103257,Excluded,wrong outcome,clínico/quirúrgico/caso sin TIME/IT,Excluded,wrong outcome,"Case of pSCC in neurofibromatosis type 1; RAS pathway mechanisms, no immune or HPV data.",agreement,consensus_excluded,Excluded,not_required_after_initial_screening,Pending,wrong outcome,not_applicable
REC-HPVPSCC-000269,Low GATA3 predicts worse survival in penile cancer.,2025,Sci Rep,"Hrudka, Jan; Prouzová, Zuzana; Matěj, Radoslav; Hojný, Jan; Kendall Bártů, Michaela; Čapka, David; Zavillová, Nicolette; Waldauf, Petr",10.1038/s41598-025-24166-6,"Penile squamous cell carcinoma (pSCC) is a rare genitourinary tumor associated with notable psychosexual distress and poor prognosis. Traditional prognostic factors for pSCC include TNM stage and histological grade, with lymph node metastases being a critical indicator of poor prognosis. This study aimed to evaluate the prognostic impact of the following immunohistochemistry markers routinely used in histopathology practice: GATA3, IMP3, HIF-1-α, CK7, CA-IX, HER2, and TTF-1. A retrospective cohort of 145 patients with pSCC was analyzed using tissue microarray and immunohistochemical techniques. Overall survival (OS) was correlated statistically with detected marker expression. Key findings include that low GATA3 expression is associated with significantly worse OS in univariate Cox regression truncated at 3 years of follow-up. Low GATA3 retained prognostic impact when adjusted for major clinicopathological variables: Age, pT and pN stage, grade, lymphatic, venous, and perineural invasion, lymphocytic infiltrate, and expression of p16, p53, and PD-L1. Low GATA3 expression was associated with shorter cancer-specific survival (CSS) at 10 years follow-up. IMP3, CK7, and CA-IX showed statistically insignificant trends towards poorer prognosis. CK7 and CA-IX were more frequently expressed in high grade pSCC and in p16/HPV-positive tumors. IMP3 and CA-IX were associated with regional lymph node metastases. All cases were negative in TTF-1 and HER2. This study suggests GATA3 as a potential prognostic marker in pSCC.",not_reported,https://doi.org/10.1038/s41598-025-24166-6,https://doi.org/10.1038/s41598-025-24166-6,Excluded,wrong outcome,GATA3 pronóstico; sin TIME,Excluded,wrong outcome,"GATA3 as a prognostic marker; PD-L1, p16 and lymphocytic infiltrate appear only as adjustment covariates.",agreement,consensus_excluded,Excluded,not_required_after_initial_screening,Pending,wrong outcome,not_applicable
REC-HPVPSCC-000270,FXR-mediated antigen-specific CD8⁺ T cell enhances antitumor immunity in intrahepatic cholangiocarcinoma.,2025,J Immunother Cancer,"Liu, Shanshan; Liang, Zhixing; Zhu, Lisi; Zheng, Yuhao; Yu, Haoyuan; Ye, Shusen; Liang, Texi; Huang, Linzi; Ouyang, Jiayi; Cao, Yingjiao; Ye, Lilin; Ye, Linsen",10.1136/jitc-2025-012259,"BACKGROUND: Intrahepatic cholangiocarcinoma (ICC) offers limited opportunities for surgical treatment, and advanced-stage patients exhibit poor responses to immunotherapy. Therefore, the exploration of new therapeutic strategies is of paramount importance. The farnesoid X receptor (FXR) is a nuclear receptor that has been reported to regulate immune cells in recent years. However, whether FXR can regulate CD8⁺ T cells to affect tumor development remains unknown. METHODS: The function of FXR in CD8⁺ T cell-mediated antitumor immunity was assessed using spontaneous murine ICC models in systemic Nr1h4-knockout, and T cell-specific conditional knockout mice, with immune phenotyping performed by multicolor flow cytometry. The tumor antigen-specific CD8⁺ T response was tracked by tetramer staining and adoptive transfer of OT-1 T cells. The regulatory mechanism of FXR was confirmed using RNA sequencing, Chromatin Immunoprecipitation sequencing (ChIP-seq), Chromatin Immunoprecipitation polymerase chain reaction (ChIP-PCR), and luciferase reporter assays. The translational therapeutic potential was evaluated by administration of the FXR inhibitor ursodeoxycholic acid (UDCA), both as monotherapy and in combination with anti-programmed death-ligand 1 (PD-L1) blockade, in murine models and ex vivo using patient-derived tumor fragments. RESULTS: FXR was specifically overexpressed in exhausted CD8⁺ tumor-infiltrating lymphocytes in both human and murine ICC. FXR ablation enhanced CD8⁺ T-cell effector function, proliferation, and stem-like progenitor capacity, leading to potent tumor control. Mechanistically, FXR transcriptionally upregulated the exhaustion marker LAG3 by directly binding to its promoter. Pharmacological inhibition of FXR with UDCA reversed T-cell exhaustion, and synergized with anti-PD-L1 therapy to significantly suppress tumor growth and enhance tumor cell apoptosis in murine models and human ICC ex vivo cultures. CONCLUSIONS: Together, these data identify FXR as an immune checkpoint and support repurposing UDCA for ICC immunotherapy.",not_reported,https://doi.org/10.1136/jitc-2025-012259,https://doi.org/10.1136/jitc-2025-012259,Excluded,wrong population,TIME/IT sin pSCC,Excluded,wrong population,Intrahepatic cholangiocarcinoma in murine models; neither pSCC nor human patients.,agreement,consensus_excluded,Excluded,not_required_after_initial_screening,Pending,wrong population,not_applicable
REC-HPVPSCC-000271,A B cell-IgA-epithelial axis enhances antitumor immunity and improves outcome in HPV-associated penile squamous cell carcinoma.,2025,Nat Commun,"Tao, Tao; Zhu, Lianbang; Shen, Deyun; Zhang, Jiayang; Zhang, Panrui; Gu, Zhixi; Cao, Dan; Xiao, Jun; Pan, Wen",10.1038/s41467-025-67356-6,"Penile squamous cell carcinoma (PSCC) is a rare, aggressive malignancy, with HPV driving approximately 50% of cases and correlating with improved outcomes. In this study, we perform single-cell RNA sequencing on tumor microenvironment (TME) cells from 23 treatment-naive PSCC patients, including 11 cases reported previously, and validate our findings in a larger cohort of 85 patients. Our analysis reveals significant immune cell infiltration in PSCC, with HPV⁺ tumors exhibiting elevated levels of tumor-infiltrating B cells, plasma cells, tertiary lymphoid structures, and IgA secretion. A subset of malignant epithelial cells in HPV⁺ PSCC express the polymeric IgA receptor (PIGR), facilitating IgA transcytosis and inducing anti-tumor responses. Functional studies show that PIGR overexpression promotes tumor apoptosis and enhances immune responses, with these effects diminish in IgA-deficient mice. Elevated IgA and PIGR expression correlate with improved survival. These findings provide a single-cell atlas of the PSCC TME, highlighting the B cell-IgA-PIGR axis as a pivotal driver of antitumor immunity and clinical outcomes in HPV⁺ PSCC.",not_reported,https://doi.org/10.1038/s41467-025-67356-6,https://doi.org/10.1038/s41467-025-67356-6,Included,not_applicable,pending,Included,not_applicable,"scRNA-seq of the TME in 23 pSCC (validated in 85): B cell-IgA-PIGR axis with higher B-cell infiltrate, plasma cells and TLS in HPV+ tumours.",agreement,consensus_included,Included,retrieved,Included,not_applicable,screening/full_text/REC-HPVPSCC-000271.pdf
REC-HPVPSCC-000272,Premalignant lesion over glans penis treated with neodymium:yttrium-aluminum-garnet laser.,2025,Indian J Sex Transm Dis AIDS,"Pillai, Devna Subramonia; Jadav, Kishan M; Vora, Rita V",10.4103/ijstd.ijstd_9_25,"Penile intraepithelial neoplasia (PeIN) is now the new term for premalignant penile skin lesions. It is psychologically devastating to the patient and can pose a challenge to clinicians in the diagnosis. Risk factors for the development of PeIN include phimosis, uncircumcised state, poor genital hygiene, human papillomavirus infection, and smoking. When the condition is more advanced, inguinal lymphadenectomy may be needed, which has considerable morbidity. These lesions are classified separately as Bowenoid papulosis, Bowen disease, Erythroplasia of Queyrat, and squamous cell carcinoma in situ of the penis. Initial treatment of early-stage disease is surgical and has a good prognosis.",not_reported,https://doi.org/10.4103/ijstd.ijstd_9_25,https://doi.org/10.4103/ijstd.ijstd_9_25,Excluded,wrong outcome,PeIN/BLT sin TIME,Excluded,wrong intervention,PeIN treated with Nd:YAG laser; pre-invasive lesion and therapeutic outcome with no immune data.,agreement,consensus_excluded,Excluded,not_required_after_initial_screening,Pending,wrong outcome,not_applicable
REC-HPVPSCC-000273,Not all penile tumours are alike: A rare case of penile melanoma.,2026,Urol Case Rep,"Gil, Miguel; Carneiro, José Cabrita; Meireles, Ana; Campos Pinheiro, Luís",10.1016/j.eucr.2025.103294,"Penile melanoma is a rare neoplasm with aggressive biological behaviour and a dismal prognosis. We report the case of a 65-year-old male with a pigmented nodular lesion on the glans. Histopathology confirmed the diagnosis of penile melanoma with adverse prognostic features. Lymph node involvement was already present at diagnosis. He underwent partial penectomy and robotic-assisted laparoscopic bilateral inguinal and pelvic lymph node dissection, following confirmation of lymphatic spread by fine needle aspiration cytology. Thereafter, he received adjuvant radiotherapy and was started on nivolumab. This case highlights the importance of multimodal treatment, with no recurrence after 15 months of follow-up.",not_reported,https://doi.org/10.1016/j.eucr.2025.103294,https://doi.org/10.1016/j.eucr.2025.103294,Excluded,wrong population,melanoma peniano,Excluded,wrong population,Penile melanoma; not squamous cell carcinoma.,agreement,consensus_excluded,Excluded,not_required_after_initial_screening,Pending,wrong population,not_applicable
REC-HPVPSCC-000274,Comparison of efficacy and prognosis between neoadjuvant chemotherapy and adjuvant chemotherapy in penile cancer patients with regional lymph node metastasis.,2025,Front Oncol,"You, Ruijian; Ji, Yongpeng; Yang, Xiao; Zhao, Qiang; Cao, Yudong; Ma, Jinchao; Yu, Ziyi; Cui, Yushuang; Ma, Jinduo; Li, Ruojing; Miao, Liuyang; Yang, Yong; Du, Peng; Wang, Shuo",10.3389/fonc.2025.1611077,"INTRODUCTION: The comparative efficacy of neoadjuvant chemotherapy (NAC) and adjuvant chemotherapy (AC) in patients with lymph node metastatic penile squamous cell carcinoma (PSCC) remains unclear. This study aims to evaluate the differences in efficacy and survival outcomes between NAC and AC in PSCC patients with lymph node metastasis. METHODS: We conducted a retrospective analysis of penile cancer patients treated at Peking University Cancer Hospital between May 2015 and December 2023. All patients had lymph node metastasis and underwent lymph node dissection. 11 patients received NAC, while 14 received AC. Kaplan-Meier survival curves and multivariate Cox regression models were used to analyze baseline characteristics, progression-free survival (PFS), overall survival (OS), and associated risk factors. RESULTS: There was no statistical difference in the baseline characteristics of patients between the two groups. In the NAC group, 4 patients achieved partial response (PR), 1 achieved complete response (CR), 4 achieved progression disease (PD), and 2 had stable disease (SD). After a median follow-up of 65.1 months, the NAC group had a shorter PFS compared to the AC group (P = 0.029), while no significant difference was observed in OS (P = 0.268). Multivariate Cox regression analysis identified the presence of cM stage as an independent predictor of both PFS and OS. CONCLUSION: Penile cancer with lymph node metastasis typically carries a dismal prognosis. NAC substantially diminishes tumor size and facilitates surgical excision, whereas AC is more effective in controlling postoperative tumor progression. However, there was no significant difference in overall survival between the two treatment strategies.",not_reported,https://doi.org/10.3389/fonc.2025.1611077,https://doi.org/10.3389/fonc.2025.1611077,Excluded,wrong outcome,clínico/quirúrgico/caso sin TIME/IT,Excluded,wrong intervention,Comparison of neoadjuvant vs adjuvant chemotherapy; no immune component and no HPV.,agreement,consensus_excluded,Excluded,not_required_after_initial_screening,Pending,wrong outcome,not_applicable
REC-HPVPSCC-000275,"Efficacy and safety of tislelizumab combined with chemotherapy for locally advanced penile cancer: a prospective, single-arm clinical study.",2026,Br J Cancer,"Shan, Xingli; Bai, Hongsong; Ning, Houshan; Xie, Chengming; Chen, Yonghai; Xing, Sijia; Ni, Donglin; Guo, Xiaohua; Zeng, Jingke; Hu, Linjun",10.1038/s41416-025-03321-w,"BACKGROUND: Locally advanced penile squamous cell carcinoma (PSCC) generally has a poor prognosis. Our aim was to access the efficacy and safety of programmed cell death protein 1 (PD-1) inhibitor tislelizumab combined with chemotherapy for locally advanced PSCC. METHODS: In this prospective, single-arm clinical study, eligible patients received Nab-Paclitaxel (175 mg/m2 D1), Cisplatin (70 mg/m² in 3 days), Bleomycin (30 mg D1, 8), and tislelizumab (200 mg D1) every 3 weeks for 4-6 cycles, followed by consolidative treatment if necessary. The primary endpoint was objective response rate (ORR) and progression-free survival (PFS). RESULTS: Of all 20 enrolled patients, 75.0% (15/20) had a history of previous penectomy and were recurrence cases. The median treatment cycles was 4 (range: 2-6). The ORR reached 75.0%. 35.0% (7/20) of patients underwent consolidative surgery, and 55.0% (11/20) received maintenance immunotherapy (median 7 cycles). At median follow-up of 29.3 months, the median PFS and the median overall survival (OS) were 12.5 months (95% CI 7.4-NE), 22.8 months (95% CI 13.7-NE), respectively. Grade≥3 treatment-related adverse events (TRAEs) were observed in 40% (8/20) patients. No treatment-related deaths occurred. CONCLUSIONS: The combination of tislelizumab with chemotherapy demonstrated promising antitumor efficacy in locally advanced PSCC, with a manageable safety profile.",not_reported,https://doi.org/10.1038/s41416-025-03321-w,https://doi.org/10.1038/s41416-025-03321-w,Included,not_applicable,pending,Included,not_applicable,Prospective study of tislelizumab (anti-PD-1) plus chemotherapy in locally advanced pSCC.,agreement,consensus_included,Included,unavailable,Pending,not_applicable,not_applicable
REC-HPVPSCC-000276,IL-12 as a Potential Prognostic Marker in Penile Cancer: Implications for Immune Dysregulation.,2025,Int J Mol Sci,"Czajkowski, Mateusz; Kunc, Michał; Kieżun, Jacek; Kraziński, Bartłomiej Emil; Matuszewski, Marcin; Łyzińska, Weronika; Hakenberg, Oliver W; Wierzbicki, Piotr M",10.3390/ijms262411829,"Penile cancer (PeCa) is a rare malignancy with few validated tissue biomarkers to guide prognosis and treatment, despite growing evidence for a key role of inflammation in its biology. This retrospective study evaluated whether the immuno-expression of selected pro-inflammatory cytokines is associated with disease progression and cancer-specific survival (CSS) in PeCa. Immunohistochemistry (IHC) analysis of eight cytokines (IL-1A, IL-1B, IL-2, IL-6, IL-12, TGF-β1, TNF-α and IFN-γ) was performed in paired tumour tissues and corresponding negative surgical margins from 94 patients with penile squamous cell carcinoma. Compared with surgical margins, tumour tissues showed a characteristic inflammatory shift, with markedly increased IL-1β and IL-6 and relatively reduced TNF-α, IFN-γ, IL-12 and IL-2. Receiver Operating Characteristic (ROC) analysis indicated that TNF-α, IL-6 and IL-12 had the strongest ability to discriminate tumour from normal tissue and provided data-driven cut-offs for subsequent analyses. Within tumour samples, high IL-1α, IL-12 and TGF-β1 immuno-expression was significantly associated with advanced UICC TNM prognostic stage and lymph node involvement. Importantly, in contrast to the classically anti-tumour role of IL-12 described in many other solid cancers, increased IL-12 immuno-expression in tumour tissues in our cohort was independently associated with poorer CSS in multivariable Cox regression (HR 2.42, 95% CI: 1.08-5.41, p = 0.031), alongside advanced TNM stage (HR 5.03, 95% CI: 2.12-11.95, p = 0.0002). These findings highlight IL-1α, IL-12 and TGF-β1 as promising tissue biomarkers of aggressive PeCa and support a central role for cytokine-driven immune dysregulation in penile cancer. The prognostic value of IL-12 should be considered exploratory and warrants validation in larger, multicentre cohorts.",not_reported,https://doi.org/10.3390/ijms262411829,https://doi.org/10.3390/ijms262411829,Included,not_applicable,pending,Included,not_applicable,"Tissue immunoexpression of eight pro-inflammatory cytokines (IL-12, IL-6, TNF-alpha, IFN-gamma, TGF-beta1) in 94 pSCC with survival; immune dysregulation of the microenvironment.",agreement,consensus_included,Included,retrieved,Included,not_applicable,screening/full_text/REC-HPVPSCC-000276.pdf
REC-HPVPSCC-000277,Adding pembrolizumab to a platinum doublet may be a new option for advanced penile cancer.,2026,Cancer,"Lawrence, Leah",10.1002/cncr.70180,[Resumen no disponible],not_reported,https://doi.org/10.1002/cncr.70180,https://doi.org/10.1002/cncr.70180,Included,not_applicable,sin abstract; por título,Excluded,wrong publication type,Editorial/news commentary without abstract on the pembrolizumab trial; no primary data.,conflict,consensus_excluded,Excluded,not_required_after_initial_screening,Pending,wrong publication type,not_applicable
REC-HPVPSCC-000278,"Systemic Chemotherapy in Penile Squamous Cell Carcinoma: Mechanisms, Clinical Applications, and Evidence-Based Regimens.",2025,Cancers (Basel),"Grudzińska, Michalina; Czajkowski, Mateusz; Dolny, Maciej; Matuszewski, Marcin; Wierzbicki, Piotr Mieczysław; Rybarczyk, Agnieszka; Hakenberg, Oliver Walther",10.3390/cancers18010046,"Background/Objectives: Penile squamous cell carcinoma (PSCC) is rare but aggressive. Systemic chemotherapy plays a crucial role in the management of node-positive or metastatic cases; however, the supporting evidence predominantly originates from small, non-randomized studies. This review provides a narrative analysis of the cytotoxic classes and regimens employed in PSCC and compares major clinical guidelines to facilitate informed decision-making in practice. Methods: English-language reports were identified in PubMed/Scopus/Google Scholar without date limits. Selection prioritized objective response, survival and toxicity outcomes, and guidance statements across neoadjuvant, adjuvant, and palliative settings. Results: Bleomycin-containing triplet regimens demonstrated efficacy but were associated with unacceptable pulmonary toxicity, leading to their discontinuation in clinical recommendations. Currently, cisplatin/taxane-based combinations remain fundamental in treatment protocols. The paclitaxel-ifosfamide-cisplatin (TIP) regimen achieves approximately 40-50% objective responses in phase II studies and may enable curative surgery, while taxane-cisplatin-5-fluorouracil (TPF) shows comparable efficacy with higher toxicity. For less fit patients, cisplatin-5-fluorouracil (PF) or carboplatin-taxane doublets are pragmatic alternatives. Single-agent taxanes or vinflunine offer modest second-line benefits. Although EAU-ASCO 2023, ESMO-EURACAN 2024, and NCCN v2.2025 are broadly in consensus, recommendations differ regarding eligibility thresholds and regimen preferences. Overall, the quality of the evidence remains low. Conclusions: TIP remains the reference neoadjuvant option for chemotherapy-fit patients with bulky nodal disease; doublets are reasonable when cisplatin fitness is limited; and bleomycin should be avoided. Harmonized eligibility criteria, biomarker-enriched studies, and coordinated multicenter trials are needed to improve outcomes in this rare malignancy.",not_reported,https://doi.org/10.3390/cancers18010046,https://doi.org/10.3390/cancers18010046,Excluded,wrong outcome,pSCC sin TIME/HPV/IT,Excluded,wrong intervention,Review of cytotoxic systemic chemotherapy in pSCC; no immune component.,agreement,consensus_excluded,Excluded,not_required_after_initial_screening,Pending,wrong outcome,not_applicable
REC-HPVPSCC-000279,"Subsequent-line Systemic Therapy for Metastatic or Recurrent Penile Cancer: A Systematic Review of Efficacy, Toxicity, and Outcomes.",2026,Eur Urol Focus,"Garaz, Radion; Ziada, Mahmoud; Crozier, Jack; Pang, Karl H; Alnajjar, Hussain M; Alifrangis, Constantine; Tsaur, Igor; Muneer, Asif",10.1016/j.euf.2025.12.016,"BACKGROUND AND OBJECTIVE: Treatment options for metastatic or recurrent penile squamous cell carcinoma (PSCC) progressing after first-line platinum-based chemotherapy are limited, and no standard subsequent-line systemic therapy exists. We systematically reviewed the efficacy, safety, and survival outcomes of second- and later-line systemic treatments in this setting. METHODS: A systematic review, compliant with the Preferred Reporting Items for Systematic Reviews and Meta-analyses guidelines, was performed across PubMed, Scopus, Embase, Medline, Web of Science, ClinicalTrials.gov, Cochrane Central Register of Controlled Trials (CENTRAL), and International Clinical Trials Registry Platform (from inception to June 2025). Eligible studies enrolled adult males receiving systemic chemotherapy, immunotherapy, or targeted therapy after progression on first-line treatment. The primary outcomes were overall (OS) and progression-free (PFS) survival; the secondary outcomes included objective response rate, disease control rate, duration of response, adverse events (AEs), and quality of life (QoL). KEY FINDINGS AND LIMITATIONS: Seventeen studies (seven nonrandomized trials and ten case series; 367 patients) were included. Evidence quality was low due to small cohorts, heterogeneity, and potential bias. The reported median OS ranged from 4.3 to 9.5 mo and PFS ranged from 1.3 to 4.8 mo. Targeted therapies showed the most favorable OS (6.7-9.5 months) and lowest grade 3-4 AE rates (0-30%), followed by immunotherapy and chemotherapy. Biomarker-driven benefit was observed in patients with human papillomavirus positivity, programmed death-ligand 1 expression, or actionable genomic alterations (eg, PIK3CA, RAD51, and NOTCH1). QoL data were reported in only two studies, underscoring a major evidence gap. Interpretation is limited by the absence of randomized studies, inconsistent reporting, and the inability to distinguish second-line from later-line therapies in most studies. CONCLUSIONS AND CLINICAL IMPLICATIONS: No standard systemic therapy exists beyond first-line treatment for metastatic or recurrent PSCC. Targeted agents and immune checkpoint inhibitors show encouraging activity in biomarker-selected subgroups. Prospective biomarker-guided trials and international collaborations are needed, while multidisciplinary management and clinical trial enrollment remain essential for optimizing outcomes for this rare malignancy.",not_reported,https://doi.org/10.1016/j.euf.2025.12.016,https://doi.org/10.1016/j.euf.2025.12.016,Included,not_applicable,revisión/contexto,Included,not_applicable,"Systematic review of subsequent-line systemic therapy in metastatic pSCC, including immunotherapy outcomes.",agreement,consensus_included,Included,retrieved,Included,not_applicable,screening/full_text/REC-HPVPSCC-000279.pdf
REC-HPVPSCC-000280,Efficacy and Safety of Immune Checkpoint Blockade in Locally Advanced or Metastatic Penile Cancer: A Systematic Review and Meta-Analysis.,2026,Clin Genitourin Cancer,"Noronha, Mariana Macambira; de Almeida, Luiz Felipe Costa; Passos, Pedro Robson Costa; da Silva, Luís Felipe Leite; Cappellaro, Anelise Poluboiarinov; Filho, Valbert Oliveira Costa; Santana, Leonardo-Gil; Park, Changsu Lawrence; Saldanha, Erick Figueiredo",10.1016/j.clgc.2025.102491,"Locally advanced or metastatic penile cancer (LA/mPC) is an aggressive and rare malignancy with limited treatment options. While promising, the role of Immune Checkpoint Blockade (ICB) in LA/mPC remains controversial. We performed a systematic review and meta-analysis to evaluate the efficacy and safety of ICB in patients with LA/mPC. A literature search was conducted in PubMed, Embase, and Cochrane (up to June 2025). The analysis was performed according to the Preferred Reporting Items for Systematic Reviews and Meta-analyses guidelines (CRD420251070583). Proportional outcomes were pooled using a random-effects proportional meta-analysis, and hazard ratios (HR) were pooled using a random-effects model. We used the available Kaplan-Meier curves to recreate time-to-event data from the studies considered. Heterogeneity between studies was evaluated using the I² metric and Cochran's Q test. A total of 12 cohorts (488 patients) were included in the analysis. The pooled Objective Response Rate in patients treated with ICB was 34.13% (95% CI, 20.62%-56.48%). Subgroup analysis demonstrated marked variability by treatment strategy, with an ORR of 60.7% for ICB plus chemotherapy versus 16.7% for ICB monotherapy (P < .01). At 12 months, pooled Progression-Free Survival (PFS) and Overall Survival (OS) rates were 62.64% (95% CI, 55.55%-70.63%) and 80.21% (95% CI, 74.11%-86.83%), respectively. The median PFS and OS were 5.7 months and 13.6 months, respectively. The pooled incidence of Immune-related Adverse Events was 40.36% (95% CI, 26.82%-60.74%) for any grade and 13.79% (95% CI, 7.67%-24.80%) for grade ≥ 3 events. ICB, particularly when combined with chemotherapy, shows signals of clinical activity in LA/mPC. However, due to high inter-study variability and the single-arm nature of the analysis, these findings are hypothesis-generating and require prospective, randomized, biomarker-driven validation.",not_reported,https://doi.org/10.1016/j.clgc.2025.102491,https://doi.org/10.1016/j.clgc.2025.102491,Included,not_applicable,revisión/contexto,Included,not_applicable,"Systematic review and meta-analysis (12 cohorts, 488 patients) of efficacy and safety of checkpoint blockade in advanced penile cancer.",agreement,consensus_included,Included,unavailable,Pending,not_applicable,not_applicable
REC-HPVPSCC-000281,Geospatial and Cell Density Analysis Using Multiplex Immunofluorescence Reveals an Important Role of Clustering Patterns of Immunosuppressive Macrophages in Survival Outcomes of Penile Squamous Cell Carcinoma.,2026,Cancers (Basel),"Fazili, Adnan; Gullapalli, Keerthi; Roman Souza, Gabriel; Hatoum, Firas; Miller, Justin; Kim, Youngchul; Whiting, Junmin; Johnson, Jeffrey S; Dhillon, Jasreman; Nguygen, Jonathan; Segura, Carlos Moran; Spiess, Philippe E; Chahoud, Jad",10.3390/cancers18020257,"BACKGROUND/OBJECTIVES: Penile squamous cell carcinoma (PSCC) is a rare malignancy with poor prognosis in advanced and recurrent disease, and therapeutic options remain limited. Increasing evidence suggests that the tumor immune microenvironment (TIME), including immune cell composition and spatial organization, plays a critical role in tumor progression and survival outcomes. This study aimed to characterize immune cell density and geospatial clustering patterns within the TIME of PSCC and to evaluate their associations with clinical outcomes. METHODS: Multiplex immunofluorescence (mIF) was performed on tumor samples from 57 patients with PSCC using a panel of immune markers to identify lymphoid and myeloid cell populations. Immune cell densities were quantified within tumoral and stromal compartments. Spatial relationships among immune cells and between immune cells and tumor cells were analyzed using point pattern analysis. Survival outcomes, including overall survival (OS), recurrence-free survival (RFS), and cancer-specific survival (CSS), were assessed using Kaplan-Meier methods and Cox proportional hazards models, with analyses stratified by nodal and human papillomavirus (HPV) status. RESULTS: Higher intratumoral and stromal densities of pro-immunogenic M1 macrophages were associated with improved OS. Increased densities of CD3⁺CD4⁺ helper T cells in both compartments were also associated with favorable survival outcomes. In contrast, close clustering of pro-tumorigenic M2 macrophages with tumor cells and with one another was associated with worse OS, RFS, and CSS. Bivariate clustering of helper T cells with tumor cells was associated with improved OS, including among patients with node-positive disease. Survival outcomes did not differ significantly by HPV status in patients with high helper T cell clustering. CONCLUSIONS: Immune cell density and spatial organization within the TIME are associated with survival outcomes in PSCC. Favorable patterns involving helper T cells and M1 macrophages correlate with improved survival, whereas clustering of M2 macrophages is associated with poorer outcomes, supporting the relevance of spatial immune profiling in this disease.",not_reported,https://doi.org/10.3390/cancers18020257,https://doi.org/10.3390/cancers18020257,Included,not_applicable,pending,Included,not_applicable,Multiplex immunofluorescence with geospatial analysis in 57 pSCC: clustering of immunosuppressive macrophages within the TIME and survival.,agreement,consensus_included,Included,retrieved,Included,not_applicable,screening/full_text/REC-HPVPSCC-000281.pdf
REC-HPVPSCC-000282,Decoding the Cellular Heterogeneity and Malignant Progression of Human Penile Squamous Cell Carcinoma by Single-Cell RNA Sequencing.,2026,Adv Sci (Weinh),"Hu, Xiheng; Shi, Wensheng; Dong, Liang; Huang, Lingjuan; Zhang, Xiyuan; Feng, Yiting; Sun, Jie; Liu, Lanlan; Liu, Teng; Fu, Jun; Zhong, Bowen; Leng, Qihao; Wu, Xiaohua; Chen, Minfeng; Li, Lingfang; Li, Yuan; Jin, Xin; Wang, Long; Cao, Jian; Li, Xin; Yin, Mingzhu; Chen, Xiang",10.1002/advs.202503894,"Penile squamous cell carcinoma (PSCC) is a rare genitourinary malignancy, and factors of its tumor microenvironment (TME) could serve as prognostic indicators for tumor recurrence and metastasis. Here, we generated a comprehensive single-cell map of PSCC (66 421 cells) and identified 9 distinct cell populations with samples from nine tumor samples and six adjacent normal samples. Among the malignant cells, SEMA3C^high Mals was found to be associated with epithelial-mesenchymal transition. T cells in tumor tissues are in a highly exhausted state, while SPP1^high TAMs were observed to promote tumor progression. Cancer-associated fibroblasts were found to interact with malignant cells to facilitate EMT through several pathways. Notably, there is a specific type of pericyte called POSTN⁺ pericytes, which can promote angiogenesis and extracellular matrix remodeling in PSCC. Finally, SEMA3C was identified as an effective biomarker reflecting cancer stage and microvessel density. Overall, we investigated the heterogeneity of TME from a single-cell perspective and demonstrated that SEMA3C serve as an effective biomarker for predicting lymph node metastasis and prognosis in PSCC. These findings may offer valuable insights for future therapeutic strategies.",not_reported,https://doi.org/10.1002/advs.202503894,https://doi.org/10.1002/advs.202503894,Included,not_applicable,pending,Included,not_applicable,"Single-cell map of pSCC (66,421 cells): exhausted T cells, SPP1-high TAMs and cancer-associated fibroblasts in the microenvironment.",agreement,consensus_included,Included,retrieved,Included,not_applicable,screening/full_text/REC-HPVPSCC-000282.pdf
REC-HPVPSCC-000283,Soluble immune checkpoint proteins as predictive biomarkers for lymph node metastases in penile cancer.,2026,Front Immunol,"Glombik, Dominik; Carlsson, Jessica; Kirrander, Peter; Davidsson, Sabina",10.3389/fimmu.2026.1754254,"BACKGROUND: Penile cancer (PeCa) is a rare but aggressive disease where lymph node metastases (LNM) represent the most significant prognostic factor. Accurate identification of LNM remains a clinical priority, but traditional imaging and clinical parameters often fail to detect occult LNM. Soluble immune checkpoint proteins (sICs) have recently emerged as potential non-invasive biomarkers in various malignancies, although unexplored in PeCa. The primary aim of this study was to explore the value of a panel of 14 sICs for predicting LNM in PeCa. The secondary aim was to compare plasma sIC levels between PeCa patients and cancer-free controls. METHODS: Using ProcartaPlex immunoassays, BTLA, IDO, LAG-3, HVEM, PD-1, PD-L1, PD-L2, TIM-3, CD80, CTLA-4, GITR, CD27, CD28, and CD137 were measured in plasma from 284 PeCa patients and 45 cancer-free controls. PeCa patients were divided into a training set (n=202) and a test set (n=82). A prediction model for LNM was created using logistic regression. RESULTS: Overall accuracy of the prediction model reached 77.5% (95% CI: 70.9 - 83.3) for the training set, yielding 8.9% sensitivity and 99.3% specificity in predicting LNM. Upon validation using the test set, the accuracy decreased to 62.2% (95% CI: 50.8-72.7) with 17.9% sensitivity and 85.2% specificity. When comparing PeCa patients and cancer-free controls, four inhibitory sICs (IDO, TIM-3, CD80, and CTLA-4) were found at significantly higher levels in the PeCa group. Due to the rarity of the disease, the main limitation of the study is the small number of patients with LNM. CONCLUSION: Our study provides no evidence that sICs can predict LNM in PeCa, although four inhibitory sICs were significantly elevated in PeCa patients compared to cancer-free controls, suggesting systemic immunosuppression associated with tumor presence, consistent with findings in other malignancies. Studies with larger cohorts are warranted to clarify the prognostic significance of sICs in PeCa.",not_reported,https://doi.org/10.3389/fimmu.2026.1754254,https://doi.org/10.3389/fimmu.2026.1754254,Included,not_applicable,pending,Included,not_applicable,"Panel of 14 SOLUBLE checkpoint proteins in plasma (PD-1, PD-L1, CTLA-4, LAG-3, TIM-3, IDO...) in 284 patients to predict lymph node metastasis. Note: circulating checkpoints, not tissue TIME - decide at consensus whether the corpus admits them.",agreement,consensus_included,Included,retrieved,Included,not_applicable,screening/full_text/REC-HPVPSCC-000283.pdf
REC-HPVPSCC-000284,The role of the tumor microenvironment in penile carcinoma and emerging therapeutic concepts: A review.,2026,Urol Oncol,"Fiegl, August; Mink, Jan; Junker, Kerstin; Hartmann, Arndt; Eckstein, Markus",10.1016/j.urolonc.2026.111008,"Penile carcinoma (PC) is a rare malignancy with substantial geographic and etiological heterogeneity. Histologically, it is stratified into HPV-associated and HPV-independent subtypes, each with distinct clinical behaviors and molecular features. Prognostic markers such as histologic tumor stage, grade, nodal involvement, and lymphovascular invasion guide therapeutic decision-making, while emerging predictive biomarkers-HPV status, PD-L1 expression, and tumor mutational burden-show potential to personalize systemic treatment. Advances in tumor microenvironment (TME) profiling have revealed immune and stromal signatures that have the potential to influence treatment response. While immune checkpoint inhibitors (ICIs) and antibody-drug conjugates (ADCs) show early clinical benefits, biomarker-driven patient selection remains essential to optimize efficacy. This review summarizes current evidence on the TME in PC and novel therapeutic strategies, aiming to guide future personalized treatment strategies.",not_reported,https://doi.org/10.1016/j.urolonc.2026.111008,https://doi.org/10.1016/j.urolonc.2026.111008,Included,not_applicable,revisión/contexto,Included,not_applicable,"Review of the role of the tumour microenvironment in penile carcinoma with HPV-associated/HPV-independent subtypes, PD-L1, TMB and ICIs.",agreement,consensus_included,Included,retrieved,Included,not_applicable,screening/full_text/REC-HPVPSCC-000284.pdf
REC-HPVPSCC-000285,Low yield of pathological lymph node metastasis among patients with invasive penile squamous cell carcinoma in the context of high HIV burden: evidence from a prospective cohort study in Zambia.,2026,Front Urol,"Mapulanga, Victor; Ngalamika, Owen; Mumba, Chibamba; Muhimbe, Zoran; Pettaway, Curtis A; Bowa, Kasonde; Sinkala, Edford",10.3389/fruro.2026.1727689,"INTRODUCTION: Penile squamous cell carcinoma (PSCC) is common in developing countries such as those in sub-Saharan Africa (SSA) and has been attributed to a high prevalence of human papillomavirus (HPV). Additionally, since the prevalence of human immunodeficiency virus (HIV) is high in SSA, and considering that HIV causes reactive lymphadenopathy, this may potentially affect the clinical manifestation, including staging and surgical management, of inguinal lymph nodes in PSCC. Data on surgical staging via inguinal lymph node dissection (ILND) in penile cancer patients from areas of high HIV burden, such as SSA, are scanty. We evaluated the use of ILND as a staging tool to determine the status of inguinal lymph nodes in patients with invasive PSCC in the context of a high HIV burden. METHODS: This was a prospective cross-sectional cohort study of participants recruited between November 2022 and January 2024 at the University Teaching Hospital in Lusaka, Zambia. Patients with surgically resectable PSCC who underwent surgery for both the primary tumor and inguinal lymph nodes simultaneously were recruited into the study. A questionnaire was administered to capture relevant clinical information. The dissected lymph nodes were pathologically analyzed for lymph node number, size, and the presence of metastasis. RESULTS: Forty patients were enrolled in the study, with a mean age of 53 years (SD 10.28). Thirty-five patients (87.5%) were HIV seropositive, with most patients being virologically suppressed at the time of surgery. Thirty-two patients (80%) presented with clinically palpable inguinal lymph nodes (cN+). The yield of pathological lymph node metastasis (LNM) from surgical staging was 37.5% (12/32) among patients with clinically palpable (cN+) inguinal lymph nodes. CONCLUSION: The study demonstrates a modestly low yield of pathological inguinal lymph node metastasis in patients with clinically palpable nodes in the context of a high HIV burden. Minimally invasive biopsy techniques to assess nodal status should be explored in this setting to reduce the morbidity associated with surgical staging while accurately assessing nodal status.",not_reported,https://doi.org/10.3389/fruro.2026.1727689,https://doi.org/10.3389/fruro.2026.1727689,Excluded,wrong outcome,molecular/clínico sin TIME/IT,Excluded,wrong outcome,Yield of inguinal lymph node dissection as a staging tool in a high HIV burden setting; surgical outcome.,agreement,consensus_excluded,Excluded,not_required_after_initial_screening,Pending,wrong outcome,not_applicable
REC-HPVPSCC-000286,CD47 as a prognostic biomarker and potential immunotherapy target in penile squamous cell carcinoma.,2026,Sci Rep,"Zhang, Junying; Hu, Xugang; Xu, Jing; Ai, Can; Wang, Haitao; Xie, Xiaodu; Ao, Yangkun; Tan, Jiao; Jin, Junhao; Liu, Gaolei; Huang, Yiqiang; Lan, Weihua",10.1038/s41598-026-42801-8,"Penile squamous cell carcinoma (PSCC) remains a global healthcare concern, characterized by poor outcomes and limited therapeutic options. CD47, a “don’t-eat-me” signal that enables tumor immune evasion, has not been extensively evaluated in PSCC. This study aims to explore the expression and significance of CD47 in PSCC. RNA-sequencing was performed on eight paired PSCC and adjacent normal tissues. Protein expression was assessed by immunohistochemistry (IHC) in an independent of 131 PSCC cases, and associations with clinicopathological factors and prognosis was evaluated. In addition, the interrogation of CD47-interacting proteins, immune cell infiltration, and signaling pathways related to CD47 subgroups were analyzed from the public database. CD47 mRNA levels were higher in PSCC tumors compared to normal tissues. High CD47 protein expression (41.98%, 55/131) significantly correlated with advanced tumor stage (P = 0.002) and larger tumor size (P = 0.002). With a median follow-up of 38 months, Kaplan-Meier survival analysis demonstrated that patients with high CD47 expression had significantly poorer overall survival (OS) (P = 0.006). Multivariate Cox regression analysis confirmed that high CD47 expression remained an independent predictor of poor OS (HR = 9.956, 95% CI 2.410–41.141, P = 0.001). Functional enrichment analyses of CD47-interacting proteins indicated involvement in immune-related and adhesion-associated pathways. Furthermore, immune infiltration analyses using CIBERSORT and IHC revealed that high CD47 expression was associated with reduced CD8 + T-cell infiltration. Gene set variation and enrichment analyses suggested activation of MYC targets and mTORC1 signaling in the high-CD47 group, which was further validated by increased phosphorylated S6K1 expression observed through IHC. These findings provide novel evidence that CD47 may serve as a promising prognostic biomarker and a potential immunotherapeutic target for PSCC.",not_reported,https://doi.org/10.1038/s41598-026-42801-8,https://doi.org/10.1038/s41598-026-42801-8,Included,not_applicable,pending,Included,not_applicable,"CD47 ('don't-eat-me' signal) in 131 pSCC: prognosis, immune cell infiltration and potential immunotherapeutic target.",agreement,consensus_included,Included,retrieved,Included,not_applicable,screening/full_text/REC-HPVPSCC-000286.pdf
REC-HPVPSCC-000287,Tertiary lymphoid structures in genitourinary cancers: a comprehensive review.,2026,Front Oncol,"Abreu, Alvaro; Viera Plasencia, Alejandra; Iribarren, Mercy; Wegner, Carter; Nuraj, Joana; Davicioni, Elai; Bahmad, Hisham F; Shahait, Mohammed",10.3389/fonc.2026.1787200,"Tertiary lymphoid structures (TLSs) are lymphoid cell clusters that form in non-lymphoid tissues in response to chronic inflammation and function as sites for localized, antigen-specific immune responses, potentially enhancing anti-tumor immunity. This review examines TLS presence, composition, and clinical significance across genitourinary (GU) cancers to evaluate their potential as prognostic and therapeutic targets. In prostate cancer, TLSs are infrequently found due to a typically immunologically inactive tumor microenvironment (TME), but when present, they correlate with improved outcomes and reduced recurrence, especially when structurally mature with active germinal centers (GCs). Bladder cancer, in contrast, demonstrates increased TLS activity, particularly in high-grade disease, with high TLS density associated with superior responses to Bacillus Calmette-Guérin (BCG) therapy and anti-PD-L1 treatment. In testicular seminomas, TLSs have been associated with a more favorable prognosis, whereas non-seminomatous germ cell tumors demonstrate TLS suppression driven by SERPINB9-mediated downregulation of chemokines that promote their development. In clear cell renal cell carcinoma (ccRCC), TLSs correlate with improved survival and enhanced immunotherapy responses, although elevated CXCL13 expression may paradoxically signal more aggressive disease. Unlike ccRCC, TLSs are infrequent in papillary and chromophobe RCC, reflecting a less-inflamed TME that likely contributes to reduced immunotherapy responsiveness and prognostic value. TLSs in penile squamous cell carcinomas show enhanced immune infiltration and improved overall survival (OS) independent of stage. Notably, mature TLSs are key for effective anti-tumor immunity, whereas immature TLSs may fail to generate an adequate response. Collectively, these findings highlight TLSs as prognostic biomarkers with prognostic value and therapeutic potential in GU malignancies.",not_reported,https://doi.org/10.3389/fonc.2026.1787200,https://doi.org/10.3389/fonc.2026.1787200,Excluded,wrong population,pase: TLS GU amplio; pene no primario,Maybe,not_applicable,Review of tertiary lymphoid structures in genitourinary cancers; penile cancer is one section among several sites.,conflict,consensus_excluded,Excluded,not_required_after_initial_screening,Pending,wrong population,not_applicable
REC-HPVPSCC-000288,"Mechanisms, Management and Prognosis of Paraneoplastic Hypercalcemia in Penile Squamous Cell Carcinoma: A Structured Review.",2026,J Clin Med,"Andreșanu, Andrei; Gîngu, Constantin; Oliță, Mihaela Roxana; Dobra, Mihai Adrian; Sorohan, Bogdan Marian; Obrișcă, Bogdan; Georgescu, Dragoș Eugen; Eftimie, Mihai Adrian; Sinescu, Ioanel",10.3390/jcm15051809,"Background and Objectives: Paraneoplastic hypercalcemia represents a rare but clinically significant complication of penile squamous cell carcinoma (PSCC); however, limited information is available for this condition. Therefore, this systematically conducted narrative review aimed to comprehensively evaluate the pathophysiological mechanisms, clinical presentation, therapeutic strategies and prognostic outcomes of tumor-induced hypercalcemia in PSCC. Methods: A comprehensive literature search was conducted across PubMed/MEDLINE and Scopus databases from their inception to December 2024. Cases were included if they documented histopathologically confirmed PSCC with biochemically verified hypercalcemia and objective evidence of paraneoplastic etiology. Data extraction included tumor characteristics, severity of hypercalcemia, mechanistic classification, therapeutic interventions and survival outcomes. The search methodology followed PRISMA 2020 guidelines adapted for narrative synthesis. Given the absence of comparative studies for this rare condition, all study types were eligible for inclusion, resulting in an evidence base that consisted exclusively of case reports and case series. Results: Twelve published cases spanning six decades (1965-2024) met the inclusion criteria. The median age at presentation was 56 years, with 91.6% of patients presenting with advanced disease. Severe hypercalcemia (≥14 mg/dL) occurred in 66.7% of cases, with a median calcium level of 15.45 mg/dL. Two established pathophysiological mechanisms were identified: PTHrP-mediated humoral hypercalcemia and bone metastasis-associated hypercalcemia. By contrast, three cases with unmeasured PTHrP levels had an undetermined mechanism. Despite biochemical correction, median overall survival was 9 weeks following diagnosis of hypercalcemia. Conclusions: Paraneoplastic hypercalcemia in PSCC represents a rare metabolic emergency. While aggressive management can achieve biochemical correction, the occurrence of hypercalcemia uniformly indicates advanced tumor biology with limited survival benefit. Early recognition and prompt multidisciplinary intervention remain essential for symptomatic relief and preserving quality of life. Reporting future cases and collaborating with international registries will be necessary to improve understanding of this rare paraneoplastic entity.",not_reported,https://doi.org/10.3390/jcm15051809,https://doi.org/10.3390/jcm15051809,Excluded,wrong outcome,clínico/quirúrgico/caso sin TIME/IT,Excluded,wrong outcome,Review of paraneoplastic hypercalcaemia in pSCC; metabolic complication unrelated to the TIME.,agreement,consensus_excluded,Excluded,not_required_after_initial_screening,Pending,wrong outcome,not_applicable
REC-HPVPSCC-000289,Penile involvement associated with renal pelvic squamous cell carcinoma: a case report and mechanistic considerations.,2026,Front Oncol,"Masaki, Kotaro; Tsujino, Takuya; Okada, Hiroyuki; Yoshikawa, Yuki; Maenosono, Ryoichi; Imura, Yusaku; Sanada, Masashi; Hirosuna, Kensuke; Furusawa, Yuta; Yoshimi, Rei; Kojima, Issei; Sakamoto, Moritoshi; Iwatsuki, Kengo; Nakajima, Yuki; Matsuda, Takuya; Higashio, Takuya; Tsuchida, Shuya; Yamazaki, Shogo; Nakamura, Ko; Fukushima, Tatsuo; Nishimura, Kazuki; Nakamori, Keita; Tsutsumi, Takeshi; Matsunaga, Tomohisa; Azuma, Haruhito",10.3389/fonc.2026.1761194,"BACKGROUND: Squamous cell carcinoma (SCC) of the renal pelvis is an uncommon malignancy, accounting for less than 1% of upper urinary tract tumors. Penile metastasis from renal pelvic SCC has not been documented. CASE PRESENTATION: A 74-year-old man presented with a firm penile nodule. Magnetic resonance imaging (MRI) demonstrated an intracavernosal mass, while contrast-enhanced computed tomography (CT) revealed a large left renal pelvic tumor (89 mm) with hepatic and hilar lymph node metastases, without pelvic or inguinal lymphadenopathy. Histopathological examination of both the renal pelvic and penile lesions showed keratinizing SCC. Immunohistochemistry demonstrated diffuse p40 and p63 positivity with PAX8 and p16 negativity, supporting a urothelial tract origin rather than a primary penile carcinoma. Given the disseminated disease and rapid clinical deterioration, no systemic or surgical therapy was undertaken, and best supportive care was provided. CONCLUSION: This case constitutes, to our knowledge, the first reported instance of penile involvement most consistent with metastatic renal pelvic SCC. In patients with advanced upper urinary tract malignancy who develop penile lesions, secondary involvement should be considered. The absence of regional lymphadenopathy and the disseminated pattern suggest a hematogenous retrograde venous dissemination pathway.",not_reported,https://doi.org/10.3389/fonc.2026.1761194,https://doi.org/10.3389/fonc.2026.1761194,Excluded,wrong outcome,clínico/quirúrgico/caso sin TIME/IT,Excluded,wrong population,Penile involvement from renal pelvic squamous cell carcinoma; not primary pSCC.,agreement,consensus_excluded,Excluded,not_required_after_initial_screening,Pending,wrong outcome,not_applicable
REC-HPVPSCC-000290,Association of CCL21⁺ CAFs with B-cell recruitment and TLS maturation in penile squamous cell carcinoma.,2026,Cancer Immunol Immunother,"Li, Xueying; Chen, Desi; Guo, Yepeng; Huang, Gaowei; Cai, Zijian; Xue, Ting; Chen, Zhaohui; Han, Hui; Li, Zaishang",10.1007/s00262-026-04348-5,"Penile squamous cell carcinoma (PSCC) is an aggressive malignancy with a poor prognosis and limited therapeutic options. Tertiary lymphoid structures (TLSs) can support antitumour immunity, yet TLS maturation and maturation-associated stromal determinants in PSCC remain unclear. Here, we integrated hematoxylin and eosin (H&E) staining, multiplex immunohistochemical (mIHC) colocalization, spatial transcriptomics, single-cell RNA sequencing (scRNA-seq), and bulk RNA sequencing (bulk RNA-seq) to profile TLS maturity and TLS-associated stromal-immune features in PSCC. TLS maturity was quantified using an AUCell germinal centre-like signature, and the presence of mature TLSs (mTLSs) coincided with improved survival. We identified a CCL21⁺ CAF subset that was preferentially enriched in mTLSs, spatially concentrated in the mTLS-core and adjacent to B-cell-rich areas; mIHC further confirmed dense CCL21⁺ACTA2⁺ CAFs near CD20⁺ aggregates. Along an inferred iTLS-to-mTLS continuum, the abundance of CCL21⁺ CAFs increased, and the expression of chemokines increased. Spatial and transcriptomic analyses further linked B-cell chemotaxis- and activation-related signatures to the CCL21-CCR7 axis, accompanied by germinal centre-like B-cell features. Clinically, higher CCL21 expression, elevated CCL21⁺ CAF signature scores, and stronger CCL21-CCR7 signatures in B cells were associated with favourable outcomes. Together, these data suggest that CCL21⁺ CAFs or CCL21 are potential prognostic biomarkers for risk stratification and immune microenvironment profiling and highlight the CCL21-CCR7 axis as a candidate pathway for therapeutic modulation of TLS maturity in PSCC.",not_reported,https://doi.org/10.1007/s00262-026-04348-5,https://doi.org/10.1007/s00262-026-04348-5,Included,not_applicable,pending,Included,not_applicable,"CCL21+ CAFs associated with B-cell recruitment and tertiary lymphoid structure maturation in pSCC, with survival.",agreement,consensus_included,Included,retrieved,Included,not_applicable,screening/full_text/REC-HPVPSCC-000290.pdf
REC-HPVPSCC-000291,Radiotherapy combined with immunotherapy achieves clinical complete response in elderly metastatic penile cancer: a case report.,2026,Front Immunol,"Huang, Guizhen; Li, Yanghui; Li, Su; Gong, Long; Chen, Hongtao; Li, Xianming; Liao, Guixiang",10.3389/fimmu.2026.1783437,"BACKGROUND: A combination of local and systemic therapies is used to treat inguinal lymph node metastases post-penile cancer surgery. This multimodal approach may include surgery, chemotherapy, radiotherapy, and immunotherapy. CASE SUMMARY: We describe an 89-year-old male with a history of penile cancer status post resection, who presented with multiple metastases to the left inguinal lymph nodes confirmed by pathological biopsy. The patient was treated with a combination of radiotherapy and Pembrolizumab. Following this combined modality therapy, he experienced symptomatic relief and achieved a progression-free survival exceeding 38 months. CONCLUSION: This case suggests that concurrent radiotherapy plus Pembrolizumab may achieve durable remission in elderly, chemotherapy-intolerant, metastatic PSCC, but verification in more patients is needed.",not_reported,https://doi.org/10.3389/fimmu.2026.1783437,https://doi.org/10.3389/fimmu.2026.1783437,Included,not_applicable,pending,Included,not_applicable,Case of metastatic pSCC in an elderly patient with complete response to radiotherapy plus pembrolizumab.,agreement,consensus_included,Included,retrieved,Included,not_applicable,screening/full_text/REC-HPVPSCC-000291.pdf
REC-HPVPSCC-000292,Neoadjuvant and/or adjuvant immune checkpoint inhibitors combined with chemotherapy for locally advanced resectable penile squamous cell carcinoma.,2026,Front Immunol,"Xu, Shanshan; Chen, Feiran; Diao, Lei; Wang, Weiyu; Wang, Xuemin; Wu, Qiong; Sun, Peipei; Hao, Yating; Wang, Yuqian; Ji, Rongjie; Jiang, Yanan; Du, Jun; Ang, Bing; Yang, Qing; Zhao, Zhigang",10.3389/fimmu.2026.1731920,"BACKGROUND: The efficacy of immune checkpoint inhibitors (ICI) combined with chemotherapy as a neoadjuvant/adjuvant therapy for locally advanced penile squamous-cell carcinoma (PSCC) remains unclear. METHODS: A prospective, non-randomized, two-cohort study was designed to evaluate the efficacy of sintilimab combined with chemotherapy in this setting. Based on preoperative assessment, Patients were assigned to either undergo surgery following neoadjuvant therapy plus adjuvant therapy or to proceed directly to surgery followed by adjuvant therapy. Outcomes included progression-free survival (PFS), objective response rate (ORR), pathological complete response (pCR), major pathological response (MPR), overall survival (OS), disease control rate (DCR), and adverse events (AEs). The study has been registered with the Chinese Clinical Trial Registry (ChiCTR2400094629) and is currently ongoing. RESULTS: A preliminary analysis was performed on 25 enrolled patients. With a median follow-up of 20 months, among the 17 patients who received neoadjuvant therapy, the ORR was 52.9% (including 2 complete responses and 7 partial responses), and the DCR was 76.5%. Notably, in the treatment-naive subgroup, the ORR reached 66.7%. Of the 12 patients who underwent surgery, 2 achieved pCR and 3 achieved MPR. The 18-month PFS and OS rates for the entire cohort were 71.4% and 90.0%, respectively. Stratified by treatment modality, the neoadjuvant-adjuvant group showed an 18-month PFS rate of 68.8% and an OS rate of 85.7%, while the adjuvant-only group had 18-month PFS and OS rates of 75.0% and 100.0%, respectively. Patients who attained a radiological CR/PR after neoadjuvant therapy had significantly better PFS compared to those with SD/PD (P = 0.005). No significant association was observed between PD-L1 expression (CPS ≥20) and PFS. Grade ≥3 treatment-related adverse events occurred in 20% of patients. CONCLUSION: This preliminary analysis demonstrates that ICI combined with chemotherapy provides durable antitumor activity and a manageable safety profile as neoadjuvant and/or adjuvant therapy for locally advanced PSCC. These results warrant further validation in larger cohorts.",not_reported,https://doi.org/10.3389/fimmu.2026.1731920,https://doi.org/10.3389/fimmu.2026.1731920,Included,not_applicable,pending,Included,not_applicable,Prospective study of neoadjuvant/adjuvant sintilimab (anti-PD-1) plus chemotherapy in locally advanced resectable pSCC.,agreement,consensus_included,Included,retrieved,Included,not_applicable,screening/full_text/REC-HPVPSCC-000292.pdf
REC-HPVPSCC-000293,"Prognostic value of the tumor immune microenvironment, PD-L1 and p16^INK4A in penile squamous cell carcinoma.",2026,Virchows Arch,"Fiegl, August; Angeloni, Miriam; Mink, Jan; Pryalukhin, Alexey; Khalmurzaev, Oybek; Lohse, Stefan; Lobo, João; Henrique, Rui; Jerónimo, Carmen; Loertzer, Hagen; Steffens, Joachim; Wunderlich, Heiko; Bohle, Rainer M; Stöckle, Michael; Matveev, Vsevolod; Geppert, Carol; Junker, Kerstin; Ferrazzi, Fulvia; Hartmann, Arndt",10.1007/s00428-026-04498-y,"Penile squamous cell carcinoma (PSCC) is a rare disease with limited systemic therapy strategies in advanced stages. To gain a better understanding about tumor and immune-related factors in PSCC with potential implications for future therapeutic options, we assessed T-lymphocytic tumor immune microenvironment (TIME), human papillomavirus (HPV) status, and p16 expression in a retrospective, multi-institutional cohort of 115 PSCC patients. We constructed a tissue microarray (TMA) containing cores from the tumor front (TF) and tumor center (TC) and performed immunohistochemistry (IHC) using antibodies against p16^INK4A, CD3, CD8, and PD-L1. Cluster analysis based on CD3, CD8, and PD-L1 expression revealed two distinct immunophenotypic subgroups. The non-inflamed cluster with low expression of CD3, CD8, and PD-L1, and the inflamed cluster with high expression of these markers. Specific clustering configurations involving IHC assessments from TC highlighted a significantly shorter overall survival and cancer-specific survival for the inflamed cluster compared to the non-inflamed cluster. PD-L1 tumor proportion score (TPS) was higher in cases with vascular and lymphatic invasion, whereas combined positive score (CPS) was higher in samples with lymphatic invasion and lymph node metastasis. p16^INK4A negative cases showed higher PD-L1 TPS/CPS and reduced metastasis free survival compared to p16^INK4A positive samples. Taken together, this study demonstrates the prognostic value of the TIME using the three widely available markers CD3, CD8, and PD-L1 in PSCC. Furthermore, it provides additional evidence for a survival benefit of p16^INK4A positive cases, compared to p16^INK4A negative cases.",not_reported,https://doi.org/10.1007/s00428-026-04498-y,https://doi.org/10.1007/s00428-026-04498-y,Included,not_applicable,pending,Included,not_applicable,"115 pSCC: T-lymphocytic immune microenvironment (CD3, CD8), PD-L1 and p16 with inflamed vs non-inflamed immunophenotypes and survival.",agreement,consensus_included,Included,retrieved,Included,not_applicable,screening/full_text/REC-HPVPSCC-000293.pdf
REC-HPVPSCC-000294,"Predicting inguinal lymph node metastasis in penile squamous cell carcinoma, from imaging, molecular biomarkers to multimodal AI: a narrative review.",2026,Transl Androl Urol,"Ahmad, Muhammad; Shao, Yanxiang; Gao, Yilong; Hu, Xu; Meng, Linghao; Cui, Hongrui; Hanif, Sumaida; Li, Xiang",10.21037/tau-2025-742,"BACKGROUND AND OBJECTIVE: Penile squamous cell carcinoma (PSCC) is a relatively uncommon malignancy that significantly impairs patients' quality of life. Inguinal lymph node metastasis (ILNM) is a key prognostic determinant of survival. Accurate preoperative ILNM prediction remains a major clinical challenge, emphasizing the need for better risk stratification. This review evaluates the conventional predictors and explores the potential of artificial intelligence (AI) models to enhance predictive accuracy for ILNM. METHODS: In our narrative review, the literature search was conducted in PubMed/MEDLINE, Web of Science, and Google Scholar from January 2005 to July 2025. We used the search terms: penile cancer, penile squamous cell carcinoma, inguinal lymph node metastasis, predictors, artificial intelligence, and multimodal prediction. Relevant titles and abstracts were screened; eligible full texts were reviewed. KEY CONTENT AND FINDINGS: Conventional clinicopathological predictors and existing predictive models exhibit limited accuracy in predicting ILNM in PSCC. Current imaging techniques, such as ultrasound, computed tomography (CT), magnetic resonance imaging (MRI), and positron emission tomography/computed tomography (PET/CT) provide complementary information, but each modality has limitations. Molecular and genomic biomarkers offer biological insights, but validation remains inconsistent. Recent AI approaches that integrate diverse data types have demonstrated superior predictive performance compared to unimodal models. Multimodal AI-based techniques have the potential to improve personalized risk stratification and inform management strategies. However, clinical adoption of AI-based frameworks in penile cancer is limited by major challenges, including data scarcity, heterogeneity, and lack of standardization. Addressing these issues through prospective multicenter cohorts with external validation will facilitate AI integration in clinical practice. CONCLUSIONS: ILNM is a critical prognostic factor and current predictors are suboptimal. Integrating clinicopathological, molecular, and imaging features through AI-based multimodal frameworks may enhance ILNM prediction and guide surgical decision-making. However, AI applications in penile cancer are in the early stages and require validation through large, multicenter trials.",not_reported,https://doi.org/10.21037/tau-2025-742,https://doi.org/10.21037/tau-2025-742,Excluded,wrong outcome,clínico/quirúrgico/caso sin TIME/IT,Excluded,wrong outcome,"Narrative review on predicting inguinal metastasis with imaging and artificial intelligence models; predictive, non-immune outcome.",agreement,consensus_excluded,Excluded,not_required_after_initial_screening,Pending,wrong outcome,not_applicable
REC-HPVPSCC-000295,Fungating Mass of the Glans Penis: A Case Report and Discussion on Penile Squamous Cell Carcinoma.,2026,J Investig Med High Impact Case Rep,"Collins, Dominic M; Simpkins, Alex Marvin; Diks, John; Robertson, Dale",10.1177/23247096251381563,"Penile squamous cell carcinoma (PSCC) is a rare presentation in the United States and Europe, accounting for only 1% of male malignancies. Most commonly due to human papilloma virus (HPV), PSCC has an insidious onset, often ignored by patients until functional impairments are present. This report outlines an interesting presentation of penile squamous cell carcinoma while focusing on current developments in the prognosis and treatment of PSCC. We present the case of a 68-year-old male who presented with a 5 cm fungating mass of the glans penis after emergent care following a stroke. Visual inspection revealed a large mass of the glans penis which had completely obliterated the urethral meatus. A partial penectomy and urethrostomy were performed. Surgical excision revealed a unifocal moderately differentiated (G2) squamous cell carcinoma, with immunohistochemical staining demonstrating p16 positivity, consistent with HPV-associated etiology. This case highlights the importance of individualized treatment regimens and prognostic determination for optimal patient outcomes.",not_reported,https://doi.org/10.1177/23247096251381563,https://doi.org/10.1177/23247096251381563,Excluded,wrong outcome,caso clínico masa fungating; sin TIME,Excluded,wrong outcome,Case report of a fungating glans mass with p16 positivity; no immune markers and no TIME analysis.,agreement,consensus_excluded,Excluded,not_required_after_initial_screening,Pending,wrong outcome,not_applicable
REC-HPVPSCC-000296,Redefining standards: a comprehensive systematic review of practice changing advances in GU oncology from ASCO and ESMO 2025.,2026,Front Endocrinol (Lausanne),"Ismaili, Nabil",10.3389/fendo.2026.1780259,"BACKGROUND: The year 2025 has been a transformative moment in GU oncology, with paradigm-shifting clinical trial results presented at major conferences and rapidly published. These developments are recasting therapeutic standards across bladder, kidney, prostate, penile, and testicular cancers through novel mechanisms and refined personalization. OBJECTIVES: This systematic review aimed to identify, synthesize, and critically evaluate pivotal phase II and III randomized controlled trials presented at ASCO/ESMO 2025 or published in 2025, focusing on innovative therapeutic strategies across GU malignancies. METHODS: Conducted per PRISMA 2020 guidelines, the review involved exhaustive searches of conference proceedings, PubMed/MEDLINE, and Embase (January-December 2025). Included studies were phase II and III RCTs in GU oncology reporting overall or progression-free survival for novel therapies. Study selection, data extraction, and risk-of-bias assessment using the Cochrane RoB 2 tool were performed. RESULTS: Forty studies met inclusion criteria: bladder cancer (13), kidney cancer (9), prostate cancer (16), testicular cancer (1), and penile cancer (1). Key advances include: (1) In bladder cancer, perioperative durvalumab (NIAGARA) and enfortumab vedotin plus pembrolizumab (KEYNOTE-905/EV-303) set new standards, while HER2-targeted disitamab vedotin plus toripalimab (RC48-C016) improved metastatic survival. Upfront MRI staging (BladderPath) and kidney-sparing approaches (DISTINCT-I) advanced. (2) In kidney cancer, adjuvant durvalumab (RAMPART) and transcriptomic-guided therapy (OPTIC RCC) were established. LenCabo compared post-immunotherapy regimens, and FRUSICA-2 introduced a novel VEGF-TKI/IO combination. (3) In prostate cancer, enzalutamide plus leuprolide improved survival in high-risk biochemical recurrence (EMBARK). Capivasertib plus abiraterone benefited PTEN-deficient metastatic hormone-sensitive disease (CAPItello-281). The PSMAddition trial demonstrated that adding [¹⁷⁷Lu]Lu-PSMA-617 to standard therapy significantly improved radiographic PFS in PSMA-positive mHSPC. Docetaxel scheduling was optimized (ARASAFE), and an AI model (STAMPEDE) identified patients for AR inhibitor benefit. Novel agents like saruparib and pasritamig showed promise. (4) In testicular cancer, de-escalated therapy was established for seminoma (SAKK 01/10). (5) In penile cancer, chemotherapy optimization progressed. CONCLUSION: The 2025 evidence establishes multiple new standards of care across GU cancers, emphasizing biomarker-driven strategies, immunotherapy integration, novel resistance mechanisms, and treatment optimization. This synthesis provides an evidence-based framework for updating guidelines and highlights the move toward more personalized management, while noting persistent challenges and future research needs.",not_reported,https://doi.org/10.3389/fendo.2026.1780259,https://doi.org/10.3389/fendo.2026.1780259,Excluded,wrong population,pase: avances ASCO/ESMO GU generales,Maybe,not_applicable,Systematic review of advances presented at ASCO/ESMO 2025 in genitourinary oncology; penile cancer is one of five sites.,conflict,consensus_excluded,Excluded,not_required_after_initial_screening,Pending,wrong population,not_applicable
REC-HPVPSCC-000297,"Penile squamous cell carcinoma masquerading as Fournier's Gangrene: A case of a young patient with aggressive, metastatic disease.",2026,Urol Case Rep,"Palanjian, Rita; Seaman, Jonathan A; Bracamonte, Erika; Chipollini, Juan",10.1016/j.eucr.2025.103325,"Fournier's gangrene (FG) is a rapidly progressive necrotizing fasciitis of the perineum and genitals. Although most cases result from polymicrobial infection, rare reports describe secondary causes that mimic FG, including malignancy. We present a man in his forties with clinical and radiographic findings concerning for FG who was ultimately found to have locally advanced, metastatic penile squamous cell carcinoma. This case illustrates that necrotic, infected tumors may masquerade as necrotizing soft-tissue infections, delaying oncologic diagnosis and limiting therapeutic options. Early consideration of underlying malignancy is warranted in atypical, refractory, or rapidly progressive presentations of presumed FG.",not_reported,https://doi.org/10.1016/j.eucr.2025.103325,https://doi.org/10.1016/j.eucr.2025.103325,Excluded,wrong outcome,clínico/quirúrgico/caso sin TIME/IT,Excluded,wrong outcome,Case of pSCC mimicking Fournier's gangrene; differential diagnosis focus.,agreement,consensus_excluded,Excluded,not_required_after_initial_screening,Pending,wrong outcome,not_applicable
REC-HPVPSCC-000298,A Systematic Review and Meta-Analysis of the Impact of Tumour Mutation Burden on Survival Outcomes in Solid Tumours.,2026,Cancer Med,"Meng, Aijia; Yuile, Alexander; Sim, Hao-Wen; Thavaneswaran, Subotheni; Noor, Humaira; Yeung, Jacky; Mehta, Ashish; Powell, Joseph; Zaman, Ashraf",10.1002/cam4.71888,"BACKGROUND: Tumour mutation burden (TMB) is an emerging pan-cancer biomarker with predictive value for immune checkpoint inhibitor (ICI) outcomes, yet evidence is inconsistent due to methodological variability and cut-off thresholds. This systematic review and meta-analysis evaluated the impact of TMB on overall survival (OS) and progression-free survival (PFS) across solid tumours in ICI-treated cohorts and its predictive relevance in non-ICI-treated cohorts. METHODS: Following PRISMA 2020 guidelines, we searched PubMed, Scopus, ScienceDirect and Cochrane for studies published between 2010 and 2024 reporting hazard ratios (HRs) and 95% confidence intervals (CIs) for OS and PFS in high- versus low-TMB cohorts. High and low TMB were defined by study-specific cut-offs, and ultra-high TMB was defined as the top 20% of cohort-specific values. Study quality was assessed with the Newcastle-Ottawa Scale; heterogeneity with I²; publication bias with funnel plots/Egger's test; and robustness by leave-one-out analysis. RESULTS: 5278 patients across 28 studies were analysed. High TMB, defined by cohort-specific cut-offs, was significantly associated with improved OS and PFS, particularly in non-small cell lung cancer (OS: HR = 0.56), selected gastrointestinal cancers (OS: HR = 0.36), and advanced/recurrent tumours (OS: HR = 0.52). Benefits were greatest in ICI-treated patients, especially with combined anti-PD-L1/PD-1 and anti-CTLA-4 therapy (OS: HR = 0.47; PFS: HR = 0.50). Chemotherapy-treated cohorts also showed better outcomes, but less consistently (OS: HR = 0.60; PFS: HR = 0.55). Ultra-high TMB had better OS than the universal 10 mut/Mb cut-off (HR = 0.44 vs. 0.58). Non-beneficial associations were observed in glioma and penile squamous cell carcinoma, highlighting disease-specific variability. Sequencing platforms and cut-off definitions remained sources of heterogeneity. CONCLUSION: TMB demonstrates prognostic relevance and predictive utility in a histology- and treatment-context-dependent manner, with the most consistent associations in selected ICI-treated tumours. Associations in non-ICI-treated cohorts were weaker and inconsistent, indicating putative predictive value. Standardising TMB assessment and refining relevant thresholds are essential for optimising its role in precision oncology. TRIAL REGISTRATION: PROSPERO Registration Number: CRD42024608809.",not_reported,https://doi.org/10.1002/cam4.71888,https://doi.org/10.1002/cam4.71888,Excluded,wrong population,pase: TMB meta pan-cáncer sólido,Excluded,wrong population,Pan-cancer meta-analysis of TMB in solid tumours; not specific to pSCC.,agreement,consensus_excluded,Excluded,not_required_after_initial_screening,Pending,wrong population,not_applicable
REC-HPVPSCC-000299,B7-H3 (CD276) as Target for T Cell-Based Bispecific Antibody Therapy of Penile Cancer.,2026,Immunotargets Ther,"Kielbik, Aleksander; Bahlinger, Veronika; Schürch, Christian M; Barcena, Maria Luisa; Vakhrusheva, Olesya; Thomas, Anita; Tsaur, Igor; Heitmann, Jonas S; Salih, Helmut R; Hagelstein, Ilona",10.2147/itt.s577364,"INTRODUCTION: Metastatic or locally advanced penile cancer (PeCa) has limited systemic treatment options and a 5-year survival rate of ~10% in metastatic disease. Using the in vitro and ex vivo models we preclinically assessed CC-3, a B7-H3xCD3 bispecific antibody (bsAb) currently in a Phase I basket trial (NCT05999396). METHODS: Primary PeCa cells were isolated from surgical specimens and characterized for surface antigen expression by flow cytometry (n = 4). B7-H3 expression was additionally evaluated in primary penile cancer tissues by immunohistochemistry (n = 10). The functional activity of the bsAb CC-3 was assessed in co-culture assays with PBMC, analyzing cytotoxicity, cytokine release, and T cell activation. RESULTS: Immunohistochemistry of tumors from ten PeCa patients revealed strong and consistent B7-H3 (CD276) expression, with a mean H-score of 200, in tumor cells and tumor-associated vasculature, potentially enhancing T cell influx upon targeting. In vitro and ex vivo co-cultures of primary PeCa cells with peripheral blood mononuclear cells from healthy donors and PeCa patients showed that CC-3 robustly activated CD4⁺ and CD8⁺ T cells, as defined by upregulation of CD69 and CD25, with donor-dependent kinetics. CC-3 also induced potent tumor cell lysis and T cell proliferation across all patient-derived tumor samples, whereas the isotype control had no effect, confirming target-restricted activity. DISCUSSION: These results demonstrate the strong immunostimulatory capacity of CC-3 and validate B7-H3 as a relevant target for T cell-based immunotherapy in PeCa. Our findings support the ongoing inclusion of PeCa patients in the clinical CC-3 trial and encourage further development of B7-H3-directed strategies for this rare, understudied malignancy.",not_reported,https://doi.org/10.2147/itt.s577364,https://doi.org/10.2147/itt.s577364,Included,not_applicable,pending,Included,not_applicable,"B7-H3 (CD276, checkpoint family) by IHC in 10 primary penile tumours and a B7-H3xCD3 bispecific antibody with T-cell activation. Note: ex vivo/preclinical component.",agreement,consensus_included,Included,retrieved,Included,not_applicable,screening/full_text/REC-HPVPSCC-000299.pdf
REC-HPVPSCC-000300,Urethral cancer management in contemporary practice: A review.,2026,Urol Oncol,"García-Perdomo, Herney Andrés; Dávila-Raigoza, Angélica María; Spiess, Philippe E",10.1016/j.urolonc.2026.04.006,"Primary urethral carcinoma (PUC) is a very rare and aggressive genitourinary cancer. Its low incidence has limited the availability of clinical trials and robust information, with most evidence derived from retrospective series, population-based registries, and expert consensus. This review synthesizes contemporary knowledge on epidemiology, diagnosis, histopathology, molecular biology, treatment, and future perspectives in PUC. Sex-specific and anatomical differences strongly influence presentation and histology: squamous cell carcinoma predominates in men with distal disease, urothelial carcinoma is more frequent in the prostatic urethra, and adenocarcinoma arises mainly from female periurethral diverticula. Chronic inflammation, strictures, long-term catheterization, and human papillomavirus infection are established etiologic factors. Diagnostic delays are common, particularly in women, underscoring the need for heightened suspicion, early biopsy, and advanced imaging for accurate staging. Surgical resection remains the cornerstone for localized disease, with penile- or urethra-preserving approaches favored in distal tumors to optimize functional outcomes. Radical surgery, including penectomy or anterior exenteration, is often required in proximal or advanced cases but carries significant morbidity. Radiotherapy, historically applied in women and unfit surgical candidates, retains a role in organ preservation when combined with other therapies. Systemic treatment, centered on cisplatin-based regimens, has demonstrated improved survival in advanced disease, with neoadjuvant strategies enhancing resectability. Emerging evidence supports integrating immunotherapy and targeted agents guided by molecular alterations. Multimodal therapy has become the standard in advanced stages, improving survival while enabling functional preservation in selected patients. Prognosis is dictated by stage, nodal status, histology, and surgical margins. Future priorities include international collaborations, harmonized registries, biomarker-driven personalization, and integration of patient-reported outcomes to align oncologic control with quality of life. PUC management today is defined by risk-adapted, multidisciplinary strategies delivered in specialized centers, reflecting both historical lessons and modern advances.",not_reported,https://doi.org/10.1016/j.urolonc.2026.04.006,https://doi.org/10.1016/j.urolonc.2026.04.006,Excluded,wrong population,"pase: cáncer uretral, no pSCC",Excluded,wrong population,Review of primary urethral carcinoma management; not pSCC.,agreement,consensus_excluded,Excluded,not_required_after_initial_screening,Pending,wrong population,not_applicable
REC-HPVPSCC-000301,Correction: Neoadjuvant and/or adjuvant immune checkpoint inhibitors combined with chemotherapy for locally advanced resectable penile squamous cell carcinoma.,2026,Front Immunol,"Xu, Shanshan; Chen, Feiran; Diao, Lei; Wang, Weiyu; Wang, Xuemin; Wu, Qiong; Sun, Peipei; Hao, Yating; Wang, Yuqian; Ji, Rongjie; Jiang, Yanan; Du, Jun; Ang, Bing; Zhao, Zhigang; Yang, Qing",10.3389/fimmu.2026.1863014,[This corrects the article DOI: 10.3389/fimmu.2026.1731920.].,not_reported,https://doi.org/10.3389/fimmu.2026.1863014,https://doi.org/10.3389/fimmu.2026.1863014,Included,not_applicable,pending,Excluded,wrong publication type,Correction notice (erratum) for record REC-HPVPSCC-000292; no scientific content of its own.,conflict,consensus_excluded,Excluded,not_required_after_initial_screening,Pending,wrong publication type,not_applicable
REC-HPVPSCC-000302,Neoadjuvant Treatment for Penile Cancer: A Systematic Review of Contemporary Evidence.,2026,Cancers (Basel),"Santucci, Jordan; Crisafi, Daniel; Sathianathen, Niranjan; Eapen, Renu; Bolton, Damien; Murphy, Declan; Lawrentschuk, Nathan; Perera, Marlon",10.3390/cancers18101595,"Background/Objectives: Penile squamous cell carcinoma (SCC) is a rare but aggressive malignancy in which survival declines sharply once regional lymph nodes are involved. Neoadjuvant therapy is recommended for clinically node-positive disease to improve resectability and address micro-metastatic spread; however, the supporting evidence remains limited. We systematically reviewed contemporary data on neoadjuvant strategies for penile SCC, including cytotoxic chemotherapy, radiotherapy, immunotherapy, and molecularly targeted agents. Methods: A systematic search of MEDLINE, EMBASE, ClinicalTrials.gov, and CENTRAL was conducted from inception to January 2026 in accordance with MECIR guidance. Eligible studies included patients with histologically confirmed penile cancer treated with neoadjuvant intent prior to curative surgery. Primary outcomes were objective response rate (ORR), pathological complete response (pCR), progression-free survival (PFS), and overall survival (OS). Data were synthesised narratively by treatment modality. Results: Forty-two studies met the inclusion criteria (32 chemotherapy, five radiotherapy, five immunotherapy, three targeted therapy). The evidence base was dominated by retrospective cohorts with limited prospective phase II data and no completed randomised trials. Across chemotherapy studies, the median reported ORR was 50% (range 29-90%), with pCR/ypN0 rates ranging 10-25%. Median reported PFS and OS were approximately 11 and 18 months, respectively, with durable survival concentrated among responders undergoing complete surgical consolidation. Radiotherapy data were sparse and heterogeneous. Early-phase immunotherapy combinations reported higher short-term response and pCR signals than historical chemotherapy, though the results were based on small single-arm cohorts. Molecularly targeted systemic monotherapy demonstrated modest activity. Conclusions: Neoadjuvant taxane-platinum-based chemotherapy remains the guideline-supported standard for cN2-3 penile SCC, supported by phase II and retrospective data but limited by methodological heterogeneity and absence of randomised evidence. Emerging combination immunotherapy strategies show promising efficacy signals and warrant prospective validation within biomarker-informed trial frameworks.",not_reported,https://doi.org/10.3390/cancers18101595,https://doi.org/10.3390/cancers18101595,Included,not_applicable,revisión/contexto,Included,not_applicable,Systematic review of neoadjuvant treatment in penile cancer including immunotherapy among the modalities assessed.,agreement,consensus_included,Included,retrieved,Included,not_applicable,screening/full_text/REC-HPVPSCC-000302.pdf
REC-HPVPSCC-000303,USP1-mediated lipophagy-lipogenesis axis drives cholangiocarcinoma progression and immune evasion.,2026,J Immunother Cancer,"Chen, Yananlan; Xu, Xiao; Shao, Shenye; Zhang, Jiawei; Wang, Ziyang; Chen, Changan; Jiang, Wangjie; Chang, Jiang; Chen, Ruixiang; Zhou, Tao; Wang, Jifei; Liu, Shuochen; Yu, Yue; Zhang, Yaodong; Li, Changxian; Li, Xiangcheng",10.1136/jitc-2026-015116,"BACKGROUND: Cholangiocarcinoma (CCA), a malignancy arising from biliary epithelial cells, features a tumor microenvironment (TME) characterized by metabolic dysregulation and immunosuppression. Although diverse metabolic aberrations have been observed, the dominant metabolic driver remains unclear. Therefore, the study aims to elucidate the molecular connections between metabolic reprogramming and immune evasion, and to provide the basis for developing TME-targeted therapies. METHODS: First, untargeted metabolomics was performed to identify key metabolite classes involved in CCA progression. We subsequently used next-generation sequencing combined with database analysis to identify the key genes involved in tumor fatty acid metabolism. Metabolomics, proteomics and metabolic phenotyping experiments were subsequently performed to investigate this metabolic process. Tumor malignancy was evaluated using a range of in vitro and in vivo models. Single-cell RNA sequencing, Olink proteomics, flow cytometry and multiplex immunohistochemistry were performed to analyze the changes in the TME. Finally, we used humanized NOG mice to evaluate the efficacy of the combination therapy. RESULTS: Integrated multi-omics analysis revealed that long-chain unsaturated fatty acids (LCUFAs) were enriched in CCA tissues and closely associated with tumor progression. Ubiquitin-specific peptidase 1 (USP1) was upregulated in CCA tissues, driving dynamic lipid metabolic reprogramming and was associated with poor prognosis. Mechanistically, USP1 orchestrated LCUFAs accumulation through coordinating the enhancement of lipophagy and lipogenesis, establishing a systems-level metabolic regulatory network. Tumor-secreted LCUFAs were preferentially internalized by tumor-associated macrophages (TAMs) through FABP5, thereby suppressing cytotoxic T cells activity. Additionally, TAMs upregulated USP1 in CCA cells, forming a positive feedback loop that perpetuates the metabolic-immune crosstalk. CONCLUSION: In summary, based on multi-omics analysis, this study establishes a systemic mechanism that links tumor lipid metabolism, immune suppression, and therapeutic response in CCA. Targeting the USP1-mediated metabolic-immune axis not only significantly suppresses tumor progression but also enhances the efficacy of immunotherapy. These findings construct a conceptual framework that integrates metabolic reprogramming, immune evasion, and treatment sensitivity, thereby establishing USP1 as a precision therapeutic target with broad biological and clinical importance for patients with CCA.",not_reported,https://doi.org/10.1136/jitc-2026-015116,https://doi.org/10.1136/jitc-2026-015116,Excluded,wrong population,TIME/IT sin pSCC,Excluded,wrong population,Cholangiocarcinoma (USP1-lipophagy axis) with murine models; not pSCC.,agreement,consensus_excluded,Excluded,not_required_after_initial_screening,Pending,wrong population,not_applicable
REC-HPVPSCC-000304,Front-line chemo-immunotherapy for advanced penile cancer: ready for prime time?,2026,Br J Cancer,"Thomas, Zachariah; Pettaway, Curtis A; Alhalabi, Omar; Campbell, Matthew T; Johns, Andrew C",10.1038/s41416-026-03513-y,"Immunotherapy has demonstrated activity in metastatic penile cancer. Shan and colleagues report encouraging safety, efficacy, and tolerability of perioperative chemoimmunotherapy in advanced disease. While these results are promising, they underscore the urgent need for randomized trials to define the role and timing of immunotherapy in this rare and lethal disease.",not_reported,https://doi.org/10.1038/s41416-026-03513-y,https://doi.org/10.1038/s41416-026-03513-y,Included,not_applicable,pending,Excluded,wrong publication type,Br J Cancer editorial/commentary on a chemoimmunotherapy trial; no primary data of its own.,conflict,consensus_excluded,Excluded,not_required_after_initial_screening,Pending,wrong publication type,not_applicable
REC-HPVPSCC-000305,Prognostic Role of PD-L1 in Penile Squamous Cell Carcinoma: A Systematic Review and Meta-Analysis.,2026,J Natl Compr Canc Netw,"Mahmoud, Nadine; Mustasam, Arfa; Miller, Justin; Lakhram, Alyssa; Hatoum, Firas; Thompson, Zachary J; Kim, Youngchul; Souza, Gabriel Roman; Johnson, Jeffrey S; Safa, Houssein; Spiess, Philippe E; Chahoud, Jad",10.6004/jnccn.2026.7025,"BACKGROUND: Penile squamous cell carcinoma (PSCC) is a rare but aggressive malignancy, with up to 40% of patients presenting with nodal metastasis and poor survival in advanced stages. PD-L1 is an immune checkpoint molecule implicated in tumor immune evasion, yet its prognostic relevance in PSCC remains uncertain. This study aimed to synthesize available evidence on PD-L1 expression, prevalence, and its association with survival and lymph node metastasis. PATIENTS AND METHODS: PubMed, EMBASE, and the Cochrane Library databases were systematically searched for studies published between January 1996 to June 2025. Eligible studies reported PD-L1 expression in tumor tissue and its correlation with overall survival (OS), cancer-specific survival (CSS), or lymph node metastasis (LNM). Hazard ratios (HRs) and odds ratios (ORs) with 95% confidence intervals (CIs) were pooled using random-effects models. Study quality and risk of bias were assessed using the Newcastle-Ottawa Scale. The protocol was registered with PROSPERO (CRD42019129410). RESULTS: Overall, 15 retrospective studies were included (n=1,445), and 57% of tumors were PD-L1-positive (IQR, 44%-66%). Among 796 patients, PD-L1 expression was significantly higher in HPV-negative than HPV-positive tumors (42% vs 13.5%). A total of 8 studies (n=930) evaluated OS, 9 studies (n=1,091) assessed CSS, and 5 studies (n=622) investigated LNM. PD-L1 positivity was associated with reduced OS (HR, 1.52; 95% CI, 1.12-2.05; I2=6.8%), reduced CSS (HR, 1.61; 95% CI, 1.16-2.23; I2=38.3%), and higher odds of LNM (OR, 2.94; 95% CI, 1.28-6.78; I2=57.3%). In meta-regression, HPV adjustment significantly strengthened the CSS association (QM=7.13; P=.008; HR, 2.06; 95% CI, 1.21-3.51), accounting for all observed heterogeneity. CONCLUSIONS: This meta-analysis, representing the largest pooled cohort to date, shows that PD-L1 expression is associated with adverse outcomes and greater tumor aggressiveness in PSCC. These findings support further evaluation of PD-L1 as a prognostic biomarker in PSCC and highlight the need for standardized assessment methods.",not_reported,https://doi.org/10.6004/jnccn.2026.7025,https://doi.org/10.6004/jnccn.2026.7025,Included,not_applicable,revisión/contexto,Included,not_applicable,Systematic review and meta-analysis (15 studies) of the prognostic role of PD-L1 in pSCC.,agreement,consensus_included,Included,retrieved,Included,not_applicable,screening/full_text/REC-HPVPSCC-000305.pdf
REC-HPVPSCC-000306,The Relationship Between Neutrophil Extracellular Traps and CD8⁺ T Lymphocytes in Cancer: A Comprehensive Review of Current Data.,2026,Cancers (Basel),"McKee, Kellyn E; Zhang, Hongji; Tsung, Allan; Ruff, Samantha M",10.3390/cancers18132059,"Neutrophil extracellular traps (NETs) are web-like structures composed of decondensed DNA, histones, and proteins released by activated neutrophils. Originally identified as an innate defense mechanism against pathogens, NETs have since been implicated in cancer progression and immune evasion. Within the tumor microenvironment (TME), NETs suppress anti-tumor immunity through multiple mechanisms, including the physical exclusion of CD8⁺ cytotoxic T lymphocytes from the tumor interior and upregulation of exhaustion markers via checkpoint ligands. This review synthesizes current preclinical and clinical evidence on the interplay between NETs and CD8⁺ T cells across multiple malignancies, including non-small cell lung cancer, pancreatic ductal adenocarcinoma, cholangiocarcinoma, colorectal cancer, bladder cancer, hepatocellular carcinoma, skin cancer, and penile cancer. Cancer-specific mechanisms of NET-mediated immune suppression are discussed, including IL-8, IL-17, CXCL6, and TGF-β-driven NETosis pathways. Clinical data consistently demonstrate that elevated NET levels correlate with reduced CD8⁺ T cell infiltration, T cell dysfunction, and worse patient outcomes. Emerging therapeutic strategies targeting this axis are reviewed, including DNase I-mediated NET degradation, Peptidyl arginine deiminase 4 (PAD4) inhibition, CXCR2 blockade, and combination approaches with immune checkpoint inhibitors. These interventions have shown promise in restoring CD8⁺ T cell cytotoxicity and overcoming immunotherapy resistance in preclinical models. Collectively, the evidence supports the NET-CD8⁺ T cell axis as a promising prognostic and therapeutic target warranting further clinical investigation.",not_reported,https://doi.org/10.3390/cancers18132059,https://doi.org/10.3390/cancers18132059,Excluded,wrong population,pase: NETs/CD8 pan-cáncer,Maybe,not_applicable,"Review of the interplay between neutrophil extracellular traps and CD8+ lymphocytes across multiple tumours, with penile cancer among them.",conflict,consensus_excluded,Excluded,not_required_after_initial_screening,Pending,wrong population,not_applicable
REC-HPVPSCC-000307,The HERCULES trial and the emerging role of chemoimmunotherapy in advanced penile squamous cell carcinoma: Evidence and implications.,2026,Indian J Urol,"Pal, Atanu Kumar",10.4103/iju.iju_117_26,[Resumen no disponible],not_reported,https://doi.org/10.4103/iju.iju_117_26,https://doi.org/10.4103/iju.iju_117_26,Included,not_applicable,sin abstract; por título,Excluded,wrong publication type,Commentary on the HERCULES trial without abstract or primary data.,conflict,consensus_excluded,Excluded,not_required_after_initial_screening,Pending,wrong publication type,not_applicable
REC-HPVPSCC-000308,"Vaccine Therapy for the Management of Penile Cancer: Evidence, Opportunities and Challenges.",2026,Vaccines (Basel),"Hatoum, Firas; Nehme, Ricardo; Fazili, Adnan; Miller, Justin; Johnson, Jeffrey S; Le, Casey; Spiess, Philippe E; Chahoud, Jad",10.3390/vaccines14070597,"Penile squamous cell carcinoma (PSCC) is a rare malignancy with limited therapeutic options in advanced and recurrent diseases. Advanced PSCC is typically managed with multimodal therapy, including neoadjuvant chemotherapy or chemoradiation followed by surgery; however, durable responses remain uncommon, and outcomes after recurrence are poor. Cancer vaccines represent a promising immunotherapeutic strategy, as these treatments induce tumor-specific immunity and heightened immune surveillance against penile cancer cells. While therapeutic cancer vaccines have not yet demonstrated consistent clinical efficacy as monotherapy in PSCC, their integration with complementary immune-modulating approaches, particularly immune checkpoint blockade, represents a rational strategy to enhance antitumor immunity. This review summarizes the rationale for vaccine development in PSCC, with emphasis on HPV-derived antigens, neoantigens, and emerging tumor-associated targets. We examine major vaccine platforms, including viral-vector, peptide-based, nucleic acid, and dendritic cell-based approaches. We also discuss how spatial transcriptomics, single-cell RNA sequencing, artificial intelligence-assisted antigen prediction, and nanotechnology-enhanced delivery systems may support future personalized vaccine development. Overall, therapeutic vaccines remain investigational in PSCC but may become relevant within biomarker-driven, combination-based immunotherapy strategies.",not_reported,https://doi.org/10.3390/vaccines14070597,https://doi.org/10.3390/vaccines14070597,Included,not_applicable,revisión/contexto,Included,not_applicable,Review of therapeutic vaccines in pSCC with HPV-derived antigens and combination with checkpoint blockade.,agreement,consensus_included,Included,retrieved,Included,not_applicable,screening/full_text/REC-HPVPSCC-000308.pdf
REC-HPVPSCC-000309,[Testicular Germ Cell Tumors and Penile Cancer: Molecular-Based Diagnosis and Treatment].,2026,Aktuelle Urol,"Paffenholz, Pia; Heidenreich, Axel; Weiten, Richard",10.1055/a-2915-1570,"Molecular diagnostics and targeted therapies are increasingly evolving towards a personalized medicine approach. This review summarizes recent advances in testicular germ cell tumors (TGCTs) and penile cancer, with a focus on emerging biomarkers and targeted therapeutic strategies. Conventional serum tumor markers such as AFP, β-HCG, and LDH remain important but are limited by suboptimal sensitivity and specificity. Novel biomarkers, particularly microRNA miR-371a-3p, have demonstrated substantially higher diagnostic accuracy and may improve risk stratification, detection of disease recurrence, and treatment decision-making in TGCTs. In addition, the analysis of circulating tumor DNA (ctDNA) has emerged as a promising liquid biopsy procedure. In penile squamous cell carcinoma, molecular classification based on human papillomavirus (HPV) status and comprehensive genomic profiling are becoming increasingly relevant for prognosis and therapeutic selection. The identification of actionable molecular alterations has facilitated the development of immunotherapy, anti-EGFR strategies, and antibody-drug conjugates. Early clinical data also suggest that ctDNA may provide valuable information for treatment monitoring and early relapse detection. Despite these promising findings, further prospective studies and standardized methodologies are required before many of these approaches can be incorporated into routine clinical practice. Overall, these developments highlight the ongoing transition towards biomarker-driven precision oncology and the potential for more individualized management of patients with TGCTs and penile cancer.",not_reported,https://doi.org/10.1055/a-2915-1570,https://doi.org/10.1055/a-2915-1570,Excluded,wrong population,foco testicular + penile genérico,Maybe,not_applicable,Joint review of testicular germ cell tumours and penile cancer; the penile section addresses HPV-based classification and immunotherapy.,conflict,consensus_included,Included,unavailable,Pending,not_applicable,not_applicable
REC-HPVPSCC-000310,From biology to morphology and treatment: the current role of pathology in penile cancer - a narrative review.,2026,Front Oncol,"Hrudka, Jan; Zavillová, Nicolette; Hojný, Jan; Waldauf, Petr; Matěj, Radoslav",10.3389/fonc.2026.1890741,"Penile carcinoma is a rare but psychosexually devastating malignancy associated with the worst prognosis among male-specific genitourinary malignancies (prostate, testicular, and penile cancer). In addition to loss of the organ itself, patients frequently suffer from chronic lymphedema following inguinal lymph node dissection. Despite advances in oncology, the prognosis of penile cancer has not substantially improved over the past half century, and the disease has long remained underrepresented in basic research, clinical trials, and patient advocacy initiatives. During the 2020s, however, the situation has begun to change, with an increasing number of large studies and the emergence of the first meta-analyses focused on penile carcinoma. Current morphological and molecular studies aim to identify features of aggressive disease that may guide treatment escalation or de-escalation and thereby improve patients' quality of life. This review summarizes recent advances in the field, with particular emphasis on prognostic parameters accessible by routine histopathological examination. In many settings, simple pathological biomarkers may provide greater clinical utility than expensive molecular analyses. Special attention is devoted to the interplay between morphology, HPV status, immune microenvironment, and molecular alterations. The review discusses histological grading, morphological subtypes, HPV status and its correlation with morphology and mutational profiles, the prognostic significance of tumor-infiltrating lymphocytes and PD-L1 expression, and particularly tumor budding, which is strongly associated with aberrant p53 status and adverse prognosis. Future perspectives include refinement of penile carcinoma classification into: 1) HPV-associated, 2) HPV-independent, p53 wild-type, and 3) HPV independent, p53-altered tumors. Additional parameters with potential to improve prognostic stratification include tumor budding and the subjectively assessed peritumoral lymphocytic rim (brisk versus non-brisk), both of which appear suitable for routine reporting alongside conventional staging and grading. To sum up: Morphology really matters even in the molecular era.",not_reported,https://doi.org/10.3389/fonc.2026.1890741,https://doi.org/10.3389/fonc.2026.1890741,Excluded,wrong outcome,pase: rol de patología clínico-morfológico general,Maybe,not_applicable,Narrative review of the role of pathology in penile cancer focused on histopathological prognostic parameters; verify at full text whether the immune infiltrate is covered.,conflict,consensus_excluded,Excluded,not_required_after_initial_screening,Pending,wrong outcome,not_applicable
REC-HPVPSCC-000311,CTCAE-Guided Management of Cytotoxic Chemotherapy Toxicity in Uro-Oncology: A Contemporary Narrative Review.,2026,Acta Medica (Hradec Kralove),"Tranová, Minh Nguyet; Izmaylov, Oleg; Princlová, Hanka; Navrátil, Pavel",10.14712/18059694.2026.20,"Cytotoxic chemotherapy remains integral to contemporary uro-oncology despite the rapid expansion of targeted therapy, antibody-drug conjugates, and immunotherapy. Its role is especially critical where therapeutic success depends on maintaining adequate dose intensity, most notably in metastatic testicular germ cell tumours and in cisplatin-based perioperative treatment for muscle-invasive bladder cancer. In metastatic prostate cancer and selected penile squamous cell carcinoma, taxane- and platinum-based regimens also retain clinical value but are constrained by hematologic, neurologic, renal, pulmonary, and gastrointestinal toxicities. This narrative review summarises current evidence and guideline recommendations for Common Terminology Criteria for Adverse Events (CTCAE)-guided management of chemotherapy toxicity across major uro-oncologic disease settings. A practical emphasis is placed on pretreatment risk stratification, cycle-by-cycle surveillance, supportive care, and intent-adapted treatment modification. Across tumour types, early recognition of grade 2 toxicity, urgent management of febrile neutropenia and organ toxicity, and thoughtful preservation of dose intensity when cure is realistic are the central management principles. In older, frail, immunosuppressed, heavily pretreated, or organ-limited patients, CTCAE grades must be interpreted against baseline reserve and cumulative toxicity.",not_reported,https://doi.org/10.14712/18059694.2026.20,https://doi.org/10.14712/18059694.2026.20,Excluded,wrong outcome,pase: toxicidad QT uro-oncología CTCAE,Excluded,wrong outcome,Review of CTCAE-guided management of cytotoxic chemotherapy toxicity; unrelated to the TIME.,agreement,consensus_excluded,Excluded,not_required_after_initial_screening,Pending,wrong outcome,not_applicable
REC-HPVPSCC-000312,Machine Learning Analysis of PD-L1 and CD8 Expression Patterns in Penile Squamous Cell Carcinoma: Implications for Immunotherapy,2024,medRxiv (preprint),Canete-Portillo S; Taheri D; del Carmen Rodriguez-Peña M; Eich M; Cocks M; Cubilla AL; Netto GJ; Chaux A,10.1101/2024.12.11.24318853,"Introduction: In 2023, the US reported an estimated 2,050 new penile squamous cell carcinoma (SCC) cases, with mortality rates rising to 23%. Despite therapeutic advancements, the need to identify molecular and immunotherapeutic targets, especially PD-L1 and CD8, has become increasingly evident as immunotherapy emerges as a promising treatment strategy. Methods: Tissue samples from 108 SCC patients were examined using four tissue microarrays (TMA). Alongside the assessment of histologic features and PD-L1 and CD8 expressions, a machine learning model was employed. Results: Histologic subtype was predominant in PD-L1 expression in tumor cells, explaining 13.5% variability, whereas combined with host response, it reached 20%. For intratumoral lymphocytes, host response stood out, explaining 11.2% of PD-L1 and 15% of CD8 variability. In peritumoral lymphocytes, host response again dominated, accounting for 21.1% of CD8 variability. Conclusions: The study highlighted the crucial relationship between penile SCC's pathologic features and PD-L1/CD8 expression, emphasizing their potential as both prognostic and predictive biomarkers. [NOTA: preprint medRxiv, pendiente de verificación editorial de version publicada; coautoría del usuario Chaux A.]",not_reported,https://doi.org/10.1101/2024.12.11.24318853,https://doi.org/10.1101/2024.12.11.24318853,Included,not_applicable,pending,Included,not_applicable,Machine learning analysis of PD-L1 and CD8 expression patterns in 108 pSCC (preprint). (Chaux A. co-authorship - same criterion applied as to every other record.),agreement,consensus_included,Included,retrieved,Included,not_applicable,screening/full_text/REC-HPVPSCC-000312.pdf
REC-HPVPSCC-000313,Whole-exome sequencing in penile squamous cell carcinoma uncovers novel prognostic categorization and drug targets similar to head and neck squamous cell carcinoma,2021,Clinical Cancer Research: An Official Journal of the American Association for Cancer Research,"Chahoud, Jad; Gleber-Netto, Frederico O; McCormick, Barrett Z; Rao, Priya; Lu, Xin; Guo, Ming; Morgan, Maggaret B; Chu, Randy A; Martinez-Ferrer, Magaly; Eterovic, Agda Karina; Pickering, Curtis R; Pettaway, Curtis A",10.1158/1078-0432.ccr-20-4004,"PURPOSE: Penile squamous cell carcinoma (PSCC) is rare with limited treatment options. We report the first whole-exome sequencing (WES) analysis and compare the molecular landscape of PSCC with other squamous cell carcinomas (SCC), with the goal to identify common novel targets. EXPERIMENTAL DESIGN: PSCC and matched normal penile tissues from 34 prospectively followed patients, underwent genomic WES and human papilloma virus testing. We performed tumor mutation signature estimation by two methods, first to identify APOBEC-related mutation enrichments and second to classify PSCC-enriched mutational patterns based on their association with the Catalogue of Somatic Mutations in Cancer mutation signatures. We performed an extensive genomic comparison between our PSCC cohort and other SCCs in The Cancer Genome Atlas studies. RESULTS: We identified that most PSCC samples showed enrichment for Notch pathway (n = 24, 70.6%) alterations, comparable with head and neck squamous cell carcinoma (HNSC). PSCC mutation signatures are most comparable with HNSC signatures. PSCC samples showed an enrichment of two distinct mutational signatures, the first, associated with oncogenic activity of AID/APOBEC, and the second, associated with defective DNA mismatch repair and microsatellite instability. MP1 enrichment was positively correlated with increased tumor mutation burden (TMB; CC, 0.71; P < 0.0001) and correlated with significantly worse survival in comparison with those with the MP2 subset [HR, 10.2 (1.13-92.9); P = 0.039]. We show that a subset of PSCC (38%), with enrichment of APOBEC-related mutation signature, had significantly higher TMB and worse overall survival in comparison with non-APOBEC-enriched subset [HR, 2.41 (1.11-6.77); P = 0.042]. CONCLUSIONS: This study identified novel druggable targets and similarities in mutational signatures between PSCC and HNSC with potential clinical implications.See related commentary by McGregor and Sonpavde, p. 2375.",not_reported,https://doi.org/10.1158/1078-0432.ccr-20-4004,https://doi.org/10.1158/1078-0432.ccr-20-4004,Excluded,wrong outcome,molecular/clínico sin TIME/IT,Excluded,wrong outcome,"Whole-exome sequencing in pSCC with molecular prognostic categorisation; genomic, non-immune outcome.",agreement,consensus_excluded,Excluded,not_required_after_initial_screening,Pending,wrong outcome,not_applicable
REC-HPVPSCC-000314,PD-L1 expression as predictor of immunotherapy eligibility in penile squamous cell carcinoma patients,2022,F1000Research (preprint),Haritsyah Warli M; Prapiska FF; Siregar GP; Sihombing B; Warli SM,10.12688/f1000research.126462.1,"Background: Penile cancer is a rare malignancy with an incidence of 0.6-2.1 per 100,000. Squamous cell carcinoma (SqCC) is the most common penile malignancy. PD-L1 co-stimulates PD-1 to suppress T-cell-mediated antitumor immunity. Methods: Retrospective cohort study of 76 male patients with penile SqCC; PD-L1 levels were measured on biopsy slides and correlated with tumor stage. Results: PD-L1 positivity was identified in 25/76 patients. Significant correlation between PD-L1 expression and metastasis (p=0.022); no significant correlation with N stage (p=0.167). Conclusions: PD-L1 is highly expressed in advanced-stage penile SqCC (32.9%), associated with high-risk clinicopathologic features and poor outcomes, suggesting potential for immunotherapy in advanced disease.",not_reported,https://doi.org/10.12688/f1000research.126462.1,https://doi.org/10.12688/f1000research.126462.1,Included,not_applicable,pending,Included,not_applicable,"PD-L1 as a predictor of immunotherapy eligibility in 76 pSCC, correlated with stage and metastasis (preprint).",agreement,consensus_included,Included,retrieved,Included,not_applicable,screening/full_text/REC-HPVPSCC-000314.pdf
REC-HPVPSCC-000315,Sintilimab-Induced Diabetic Ketoacidosis in A Patient with Radiation and Multichemorefractory Penile Cancer: A Case Report and Literature Review,2022,Preprints.org (preprint),Lv C; Wu C; Zhang Y; Li Wd; Wang Xs; Liang L,10.20944/preprints202207.0296.v1,"Penile squamous cell carcinoma (SCC) is rare, with limited treatment options in advanced disease. We report a 52-year-old male with recurrent/metastatic penile SCC, high PD-L1 expression (90%) and TMB (14.4 muts/Mb), who progressed despite penectomy, lymph node dissection, chemoradiotherapy and chemotherapy. He achieved progression-free survival exceeding 32 months with continuous sintilimab, though developed ICI-induced diabetes after 24 cycles requiring insulin, despite negative type 1 diabetes autoantibodies but susceptible HLA genotype DR3-DQ2. This is the first reported case of a radiation- and multichemorefractory penile SCC patient obtaining a remarkable, durable (>32 months) anti-tumor response to continuous sintilimab, complicated by immune-related diabetes.",not_reported,https://doi.org/10.20944/preprints202207.0296.v1,https://doi.org/10.20944/preprints202207.0296.v1,Included,not_applicable,revisión/contexto,Included,not_applicable,Case of pSCC with PD-L1 90% and high TMB on prolonged sintilimab. NOTE: preprint version of REC-HPVPSCC-000133 (Curr Oncol 2022) - deduplicate at consensus.,agreement,consensus_included,Included,unavailable,Pending,not_applicable,not_applicable
REC-HPVPSCC-000316,SPP1 is expected to be a biomarker for predicting prognosis and immunotherapy efficacy in penile cancer patients,2022,Research Square (preprint),Zou Y; Tan X; Yuan G; Tang Y; Wang Y; Yang C; Luo S; Yao K,10.21203/rs.3.rs-1934794/v1,"SPP1 was identified as the most differentially up-regulated gene in penile cancer tissues and positive lymph node tissues via whole transcriptome sequencing of 8 paired specimens. TCGA/TIMER analysis showed SPP1 was significantly associated with B cells, CD8+ T cells, CD4+ T cells, macrophages, neutrophils and dendritic cells. Survival analysis of 183 PSCC paraffin sections showed low-SPP1 patients had significantly better survival than high-SPP1 patients. ssGSEA/CIBERSORT analysis linked SPP1 to immune infiltration; GSVA/GSEA linked SPP1 to MAPK, mTOR, Wnt and immune checkpoint (PD-1/PD-L1) pathways. SPP1 may be an effective biomarker for predicting prognosis and immunotherapy efficacy in PSCC.",not_reported,https://doi.org/10.21203/rs.3.rs-1934794/v1,https://doi.org/10.21203/rs.3.rs-1934794/v1,Included,not_applicable,pending,Included,not_applicable,SPP1 as a prognostic and immunotherapy efficacy biomarker with immune infiltration analysis. NOTE: preprint version of REC-HPVPSCC-000168 (Hum Genomics 2023) - deduplicate at consensus.,agreement,consensus_included,Included,retrieved,Included,not_applicable,screening/full_text/REC-HPVPSCC-000316.pdf
REC-HPVPSCC-000317,Tislelizumab combination with chemotherapy successfully converted unresectable advanced penile cancer into complete surgical excision: a case report and literature review,2022,Research Square (preprint),Long X; Zhang S; Tang L; Li X; Liu J,10.21203/rs.3.rs-889417/v2,"Locally advanced penile squamous cell carcinoma (PSCC) with unresectable inguinal lymph nodes carries a poor prognosis and limited benefit from surgery alone. We report a locally advanced PSCC patient with bulky, fixed inguinal lymph node metastasis and genital skin ulcers who completed inguinal lymph node dissection and achieved pathologically complete response after conversion therapy with immunotherapy (tislelizumab) plus chemotherapy. Conclusion: for unresectable locally advanced PSCC, neoadjuvant immunotherapy combined with chemotherapy is a potential conversion treatment approach; biomarkers of immune efficacy require further study, and clinical trials are needed.",not_reported,https://doi.org/10.21203/rs.3.rs-889417/v2,https://doi.org/10.21203/rs.3.rs-889417/v2,Included,not_applicable,revisión/contexto,Included,not_applicable,Conversion therapy with tislelizumab plus chemotherapy in locally advanced pSCC. NOTE: preprint version of REC-HPVPSCC-000137 (World J Clin Cases 2022) - deduplicate at consensus.,agreement,consensus_included,Included,retrieved,Included,not_applicable,screening/full_text/REC-HPVPSCC-000317.pdf
REC-HPVPSCC-000318,Correlation between the evolution of somatic alterations during lymphatic metastasis and clinical outcome in penile squamous cell carcinoma,2021,Frontiers in Oncology,"Cao, Jian; Yang, Chun-He; Han, Wei-Qing; Xie, Yu; Liu, Zhi-Zhong; Jiang, Shu-Suan",10.3389/fonc.2021.641869,"Penile squamous cell carcinoma (PSCC) is a rare malignancy with poor survival after standard treatment. Although genomic alterations of PSCC have been characterized in several latest studies, the association between the formation of somatic landscape and regional lymph node metastasis (LNM), an important predictor for patient survival, has not been comprehensively investigated. Here, we collected formalin-fixed paraffin-embedded tumor tissue and matched normal samples of 32 PSCC patients, including 14 LNM patients and 18 clinically node-negative patients, to implement a whole-exome sequencing. Comparison of genomic features among different lymph node status subgroups was conducted after genomic profiling and its effects on patient survival were explored. Top-ranked recurrent gene mutants in our PSCC cohort were TP53 (13/32), NOTCH1 (12/32), CDKN2A (11/32), TTN (9/32) and FAT1 (8/32), mainly identified in the Notch, Hippo, cell cycle, TP53, RTK-RAS and PI3K pathways. While CDKN2A was confirmed to be the driver gene in all PSCC patients, certain gene mutants were significantly enriched in LNM involved patients, including TP53 (9/14 vs. 4/18, p = 0.029) and GBF1 (4/14 vs. 0/18, p = 0.028). Overall survival stratification of PSCC patients were found to be significantly correlated with mutations of three genes, including PIK3CA (Hazard ratio [HR] = 4.15, p = 0.029), CHD7 (HR = 4.82, p = 0.032) and LAMC3 (HR = 15.9, p < 0.001). PIK3CA and LAMC3 held a higher prevalence in patients with LNM compared to those without LNM (PIK3CA: 3/14 vs. 1/18, LAMC3: 2/14 vs. 1/18). Our finding demonstrated that genomic divergence exists across PSCC patients with different lymph node statuses, and it may be correlated with their survival outcome. It helps delineate somatic evolution during tumor progression and perfect potential therapeutic intervention in this disease.",not_reported,https://doi.org/10.3389/fonc.2021.641869,https://doi.org/10.3389/fonc.2021.641869,Excluded,wrong outcome,molecular/clínico sin TIME/IT,Excluded,wrong outcome,"Evolution of somatic alterations during lymphatic metastasis in pSCC; genomic, non-immune outcome.",agreement,consensus_excluded,Excluded,not_required_after_initial_screening,Pending,wrong outcome,not_applicable
