record_id,study_label,relation_type,publication_type,study_design,country_setting,funding,conflicts_of_interest,n_patients,population_description,hpv_stratified,hpv_method,hpv_positive_pct,time_markers,time_compartment,immunotherapy_agent,immunotherapy_setting,clinical_focus,primary_aim_as_stated,key_finding_time,key_finding_hpv,key_finding_prognosis,key_finding_immunotherapy,limitations_as_stated,other_key_outcomes,extractor_id,extraction_status,extraction_note,needs_review
REC-HPVPSCC-000014,Djajadiningrat2015,primary_report,original_research,observational / not fully specified,NR,NR,NR,168,Penile squamous cell carcinoma population (see PDF),yes,NR,NR,HLA,tumor,NR,NR,"TIME_composition,HPV_pathway,immunotherapy_response,prognosis",Loss of expression of HLA class I is a mechanism of immune evasion,Classic and Nonclassic HLA Class I Expression in Penile Cancer and Relation to HPV Status and Clinical Outcome Rosa S. Djajadi,"Classic and Nonclassic HLA Class I Expression in Penile Cancer and Relation to HPV Status and Clinical Outcome Rosa S. Djajadiningrat, Simon Horenblas, Dani€",le cancer tissue blocks from 168 patients DSS ¼ disease specific survival who underwent surgical resection between 2000 and 2009 to construct tissue,"down-regulation and immune evasion in regard to the clinical outcome will contribute to the future design of immunotherapy interventions. Key Words: penile neoplasms; carcinoma, squamous cell; human pap",NR,NR,REV-ALCIDES,complete,Auto-assisted extraction from REC-HPVPSCC-000014.pdf pp.1-10 (2026-08-25),no
REC-HPVPSCC-000020,Udager2016,primary_report,original_research,observational / not fully specified,NR,NR,NR,37,patients with penile SqCC treated at our institution between 2005 and 2013.,no,p16+PCR/ISH,NR,"PD-L1,PD-1,CD8",tumor,NR,advanced,"TIME_composition,immunotherapy_response,prognosis",assess the incidence and potential clinical signiﬁcance of,Published online 23 May 2016 Frequent PD-L1 expression in primary and metastatic penile squamous cell carcinoma: potential,NR,".040) and regional lymph node metastasis (P = 0.024), as well as decreased cancer-speciﬁc survival (P = 0.011). Conclusions: The majority of primary penile SqCC tumors express PD-L1, which","etastatic penile squamous cell carcinoma: potential opportunities for immunotherapeutic approaches A. M. Udager1, T.-Y. Liu2, S. L. Skala1, M. J. Magers1, A. S. McDaniel1,",NR,NR,REV-ALCIDES,complete,Auto-assisted extraction from REC-HPVPSCC-000020.pdf pp.1-10 (2026-08-25),no
REC-HPVPSCC-000022,Cocks2017,primary_report,original_research,observational / not fully specified,NR,NR,NR,21,Penile squamous cell carcinoma population (see PDF),yes,p16,NR,"PD-L1,PD-1,CD8,FOXP3",tumor,NR,advanced,"TIME_composition,HPV_pathway,immunotherapy_response,prognosis",NR,is still controversial in many cases. Drugs targeting immune checkpoints such as PD-1 or its ligand PD-L1 have potential clinical utility in these patients. We examined the expression of PD-L1 in tumor cel,"rst is cancers, with vulvar squamous cell carcinoma accounting for the human papillomavirus (HPV)–mediated pathway, which often a","presentative formalin-fixed, paraffin-embedded archival material were used for analysis. Odds ratios (OR) and hazard ratios (HR) were used to estimate risk for disease recurrence, overall mortality, and cancer mortality. PD-L1",be beneficial in vulvar squamous cell carcinomas. Keywords Squamous cell carcinoma . Vulva . PD-L1 . PD-1 . Immunotherapy . Tumor microenvironment . Checkpoint inhibitor . Outcome . Prognosis Introduction,NR,NR,REV-ALCIDES,complete,Auto-assisted extraction from REC-HPVPSCC-000022.pdf pp.1-10 (2026-08-25),no
REC-HPVPSCC-000023,Ottenhof2017,primary_report,original_research,observational / not fully specified,NR,NR,NR,37,Penile squamous cell carcinoma population (see PDF),yes,NR,NR,"PD-L1,PD-1,Treg,CD163",both,NR,advanced,"TIME_composition,HPV_pathway,immunotherapy_response,prognosis",PD-L1 (programmed death ligand 1) inhibits T-cell function and pre-,"(ESJ), Amsterdam, The Netherlands Purpose: PD-L1 (programmed death ligand 1) inhibits T-cell function and pre- Abbreviations","m UMC Expression of Programmed Death Ligand 1 in Penile Cancer is of Prognostic Value and Associated with HPV Status Ottenhof, Sarah R.; Djajadiningrat, Rosa S.; de Jong, Jeroen; Thygesen, Helene H.; Horenblas, Simon; J","Amsterdam UMC Expression of Programmed Death Ligand 1 in Penile Cancer is of Prognostic Value and Associated with HPV Status Ottenhof, Sarah R.; Djajadiningrat, Rosa S.; de Jong, Jeroen; Thygese",n be prevented by anti-PD-1 (programmed DSS ¼ disease specific survival death 1)/PD-L1 immunotherapy. In advanced penile cancer there is a need for hrHPV ¼ high risk HPV new th,NR,NR,REV-ALCIDES,complete,Auto-assisted extraction from REC-HPVPSCC-000023.pdf pp.1-10 (2026-08-25),no
REC-HPVPSCC-000028,Deng2017,primary_report,original_research,observational / not fully specified,NR,NR,NR,37,patients with penile squamous cell carcinoma.,no,PCR/ISH,NR,"PD-L1,PD-1,TIL",tumor,"pembrolizumab,nivolumab",advanced,"TIME_composition,immunotherapy_response,prognosis",NR,"O. 2, e1269047 (8 pages) http://dx.doi.org/10.1080/2162402X.2016.1269047 ORIGINAL RESEARCH Tumor PD-L1 expression is correlated with increased TILs and poor prognosis in penile squamous cell carcinoma C",NR,"/2162402X.2016.1269047 ORIGINAL RESEARCH Tumor PD-L1 expression is correlated with increased TILs and poor prognosis in penile squamous cell carcinoma Chuangzhong Denga,b,c,*, Zaishang Lia,b,c,* , Shengjie Guoa,b,c, Peng Che","to play an Accepted 30 November 2016 important role in tumor immune escape, and immunotherapies targeting this pathway have shown great KEYWORDS success in certain c",NR,NR,REV-ALCIDES,complete,Auto-assisted extraction from REC-HPVPSCC-000028.pdf pp.1-10 (2026-08-25),no
REC-HPVPSCC-000036,Gu2017,primary_report,original_research,retrospective cohort/observational,NR,NR,NR,26,Penile squamous cell carcinoma population (see PDF),yes,NR,NR,"PD-L1,PD-1",tumor,NR,neoadjuvant,"TIME_composition,HPV_pathway,immunotherapy_response,prognosis",NR,in patients with platinum- refractory penile cancer. The frequent overexpression of PD-L1 in advanced penile SCC indicates the potential efficacy of PD-1 inhibitors. Upcomin,"of skin, subcutaneous tissue and vessels invasion by extra Human papillomavirus status (HPV), cigarette smoking, nodal disease. There may be little option but to commence access",s to health care contribute to the discrepancies in this palliative systemic treatment as the prognosis is generally incidence (3). The dominant pathology is squamous cell very poor. Due t,"s patients and up to 50% in Asian patients (17-19). EGFR including novel targeted therapy and immunotherapy, exons 18 to 21 encode a portion of the EGFR kinase current treatment paradigms may shift t",NR,NR,REV-ALCIDES,complete,Auto-assisted extraction from REC-HPVPSCC-000036.pdf pp.1-10 (2026-08-25),no
REC-HPVPSCC-000039,Ottenhof2018,primary_report,original_research,retrospective cohort/observational,NR,NR,NR,213,Penile squamous cell carcinoma population (see PDF),yes,NR,NR,"PD-L1,CD8,FOXP3,Treg,CD163,HLA",tumor,NR,advanced,"TIME_composition,HPV_pathway,immunotherapy_response,prognosis",NR,"lgui De Oliveira, Universidade Estadual Paulista (PD-L1) expression, and novel data on tumor-infiltrating macrophages and cytotoxic an Júlio","Giuseppe Di Lorenzo, Azienda Ospedaliera Universitaria risk human papilloma virus (hrHPV) status, immunohistochemical scores for classical Federico II, Italy and non-classic",doi: 10.3389/fimmu.2018.01253 The Prognostic Value of immune Factors in the Tumor,"negativity and diffuse PD-L1 tumor-cell expression were significantly associated with Immunotherapy, poor DSS and remained so upon correction for clinical parameters [hazard ratio (HR) 9.7,",the relatively few cases with,NR,REV-ALCIDES,complete,Auto-assisted extraction from REC-HPVPSCC-000039.pdf pp.1-10 (2026-08-25),no
REC-HPVPSCC-000050,Hui2019,case_report,case_report,case report,NR,NR,NR,NR,Penile squamous cell carcinoma population (see PDF),no,NR,NR,"PD-L1,PD-1",tumor,"pembrolizumab,nivolumab,atezolizumab",neoadjuvant,"TIME_composition,immunotherapy_response,prognosis",NR,"but he developed recurrence and nodal involvement. Therefore, second-line therapy of the PD-L1 inhibitor was started in this patient. There were no available clinical trials for penile",NR,"ater than 4 cm in size, portend poorer prognosis and oftentimes warrant neoadjuvant chemother- In developed countries, penile cancer is considered to be a",UCLA UCLA Previously Published Works Title Treating Penile Cancer in the Immunotherapy and Targeted Therapy Era Permalink https://escholarship.org/uc/item/3kz1m54n Journal Case Reports in Oncol,NR,NR,REV-ALCIDES,complete,Auto-assisted extraction from REC-HPVPSCC-000050.pdf pp.1-10 (2026-08-25),no
REC-HPVPSCC-000052,Hu2019,review,meta_analysis,meta analysis,NR,NR,NR,NR,Penile squamous cell carcinoma population (see PDF),no,NR,NR,"PD-L1,NLR",tumor,NR,NA,"TIME_composition,prognosis",Inguinal lymph node metastasis (LNM) is one of the most signiﬁcant prognostic,"Hospital, Central South University, (PD-L1) overexpression (OR=2.55, p=0.002), higher neutrophil-to-lymphocyte ratio (NLR)",NR,Purpose: Inguinal lymph node metastasis (LNM) is one of the most signiﬁcant prognostic Yu Cui 1,NR,NR,NR,REV-ALCIDES,complete,Auto-assisted extraction from REC-HPVPSCC-000052.pdf pp.1-10 (2026-08-25),no
REC-HPVPSCC-000056,Zhou2020,primary_report,original_research,observational / not fully specified,NR,NR,NR,NR,Penile squamous cell carcinoma population (see PDF),no,NR,NR,"PD-L1,PD-1,CD8,TIL,FOXP3,Treg,TAM,CTLA-4,IDO1,TLS,NLR",tumor,NR,NA,"TIME_composition,prognosis",NR,"erived suppressor cell; NLR, neutrophil to lymphocyte ratio; PD-1, programmed cell death protein-1; PD-L1, programmed death-ligand 1; PD-L2, programmed death-ligand 2; PSCC, penile squamous cell carcinoma;",NR,"mine 2,3-dioxygenase 1 (IDO1) expression and catalytic activity is associated with immunosuppression and poor prognosis in penile squamous cell carcinoma patients Qiang-hua Zhou1,2 ∗ Hui Han1,3 ∗ Jia-bi",NR,NR,NR,REV-ALCIDES,complete,Auto-assisted extraction from REC-HPVPSCC-000056.pdf pp.1-10 (2026-08-25),no
REC-HPVPSCC-000057,DeBacco2020,primary_report,original_research,observational / not fully specified,NR,NR,NR,40,Penile squamous cell carcinoma population (see PDF),no,p16,NR,"PD-L1,PD-1,CD8",tumor,NR,advanced,"TIME_composition,immunotherapy_response,prognosis",to evaluate immunohistochemical expression of pro-,Original Study PD-L1 and p16 Expression in Penile Squamous Cell Carcinoma From an Endemic Region,NR,"performed using the Mann- Whitney and Fisher exact test. Kaplan-Meier curves were used to estimate survival rates with log-rank. Results: Of 35 patients, 5 were excluded, 4 owing to a lack of data and 1 owi","r Inc. All rights reserved. Keywords: Biomarker, HPV, Immunohistochemistry, Immunotherapy, Penile cancer Introduction",NR,NR,REV-ALCIDES,complete,Auto-assisted extraction from REC-HPVPSCC-000057.pdf pp.1-10 (2026-08-25),no
REC-HPVPSCC-000060,Su2020,review,narrative_review,narrative review,NR,NR,NR,NR,Literature on penile SCC / TIME / immunotherapy (review),no,NR,NR,PD-L1,tumor,NR,advanced,"TIME_composition,immunotherapy_response,prognosis",NR,Positive PD-L1 Expression Obtained Signiﬁcant,NR,Xiangyu Su 1 Background: Penile squamous cell carcinoma (PSCC) bears poor prognosis due to its rarity,Beneﬁt from Immunotherapy: A Case Report and OncoTargets and Therapy downloaded from https://www.dovepress.com/ by 3.91.160.66 on 2,NR,NR,REV-ALCIDES,complete,Auto-assisted extraction from REC-HPVPSCC-000060.pdf pp.1-10 (2026-08-25),no
REC-HPVPSCC-000065,Mehra2020,primary_report,original_research,observational / not fully specified,NR,NR,NR,NR,Penile squamous cell carcinoma population (see PDF),yes,p16+PCR/ISH,NR,NR,NR,NR,NA,"HPV_pathway,prognosis",NR,NR,"journal homepage: http://www.elsevier.com/locate/eucr Oncology Penile cancer with visceral metastasis and p16/human papillomavirus positivity: An unusual case of long-term survival Nandini S. Mehra a, Thanh P. Ho b, Lor","Penile cancer with visceral metastasis and p16/human papillomavirus positivity: An unusual case of long-term survival Nandini S. Mehra a, Thanh P. Ho b, Loren Herrera Hernandez c, J. Fernando Quevedo b, Brian A. Costello b, Lan",NR,NR,NR,REV-ALCIDES,partial,Auto-assisted extraction from REC-HPVPSCC-000065.pdf pp.1-10 (2026-08-25),yes
REC-HPVPSCC-000068,Chu2020,primary_report,original_research,observational / not fully specified,NR,NR,NR,178,Penile squamous cell carcinoma population (see PDF),yes,NR,NR,"PD-L1,PD-1,CD8,TIL,FOXP3,Treg,TAM,CD68,CTLA-4,TLS",both,NR,advanced,"TIME_composition,HPV_pathway,immunotherapy_response,prognosis",NR,"ion patterns of immune checkpoints (programmed cell death-1 (PD-1)/programmed cell death ligand-1 (PD-L1), cytotoxic T lymphocyte antigen 4 (CTLA-4), and Siglec-15) and the components of tumor-infiltrati","CC. There was no significant relationship between the immunophenotypes and high-risk human papillomavirus (hrHPV) infection. However, the hrHPV–positive peSCC exhibited a higher density of stromal Granzyme B and intratumo","igh density of Granzyme B, FOXP3, CD68, CD206, PD-1, and CTLA-4 was associated with better disease-specific survival (DSS). The patients with diffuse PD-L1 tumor cell expression had worse prognoses than those with marginal or","at value in predicting LNM and prognosis, and may provide support for clinical stratification management and immunotherapy intervention. Keywords: peSCC; HPV; tumor immune microenvironment; PD-L1; CTLA-4; Siglec-15; prognosis",NR,NR,REV-ALCIDES,complete,Auto-assisted extraction from REC-HPVPSCC-000068.pdf pp.1-10 (2026-08-25),no
REC-HPVPSCC-000075,Ahmed2020,primary_report,original_research,observational / not fully specified,NR,NR,NR,54,"patients with penile SCC using IHC with the immune markers: CD3, CD8, CD68, PD-1, PD-L1, Pancytokeratin, and DAPI.",yes,NR,NR,"PD-L1,PD-1,CD8,TIL,FOXP3,Treg,TAM,CD68,CTLA-4,NLR",tumor,"pembrolizumab,atezolizumab",neoadjuvant,"TIME_composition,HPV_pathway,immunotherapy_response,prognosis",NR,"es of tumor molecular biology and clinical trials with targeted molecular therapies, such as PD-1, PD-L1, and CTLA-4. In this review, we will describe the penile cancer microenvironment, and summarize th","hronic inflammatory states, a high number of sexual partners, lack of circumcision, and human papillomavirus (HPV) infection [6–9]. While penile SCC has a separate entity of SCCs and treated differently, there are recent re","apy and/or radiotherapy. Despite the meaningful response to systemic treatments, the 2-year progression-free survival and disease-specific survival have shown disappointing results. Therefore, there is a crucial need for alter","ournal of Clinical Medicine Review The Immune Microenvironment in Penile Cancer and Rationale for Immunotherapy Mohamed E. Ahmed 1, *,† , Shayan Falasiri 2,† , Ali Hajiran 3 , Jad Chahoud 3 and Philippe E. Spiess 3 1",NR,NR,REV-ALCIDES,complete,Auto-assisted extraction from REC-HPVPSCC-000075.pdf pp.1-10 (2026-08-25),no
REC-HPVPSCC-000079,Zhang2021,primary_report,original_research,observational / not fully specified,NR,NR,NR,11,"patients with penile cancer Lu Zhang1 , A.",yes,PCR/ISH,NR,"CD8,TIL",tumor,NR,advanced,"TIME_composition,HPV_pathway,immunotherapy_response,prognosis",Nearly half of penile cancers are related to human papillomavirus (HPV) infection. Investigations of tumor- and HPV-,-cytometric assay of specific cell-mediated immune response in activated whole blood (FASCIA). CD4+/CD8+ ratios were significantly lower in HPV-positive LNs (p<0.05). Immune responses to tumor extract as,"ty Hospital, Stockholm, Sweden Purpose: Nearly half of penile cancers are related to human papillomavirus (HPV) infection. Investigations of tumor- and HPV- specific T cell reactivity in regional lymph nodes (LNs) from p","important predictors specific CD8+ cytotoxic T lymphocytes are equally as effec- of patient survival [6,7]. The LNs are regarded as the pri- tive as E7-specific CD8+ cytotoxic T lymphocytes [15]",vaccine study demonstrated that Gardasil® could be highly system interact. The concept of adoptive immunotherapy in efficacious against HPV 16/18 [16]. cancer is based upon the immunosurveillance hypothe,NR,NR,REV-ALCIDES,complete,Auto-assisted extraction from REC-HPVPSCC-000079.pdf pp.1-10 (2026-08-25),no
REC-HPVPSCC-000080,Chahoud2020,case_report,case_report,case report,NR,NR,NR,NR,Penile squamous cell carcinoma population (see PDF),yes,NR,NR,PD-L1,tumor,"pembrolizumab,nivolumab",neoadjuvant,"TIME_composition,HPV_pathway,immunotherapy_response,prognosis",NR,"s than 6 months. Based on a high † These authors have contributed percentage of PD-L1 expression in patients with PSCC, and its biological similarities to equally to th","patients with advanced PSCCs (18–20). In addition, 62% of related to human papillomavirus (HPV), particularly subtypes 6, patients with metastatic penile cancer were shown to be 16, and",ts progressing after initial Jad.Chahoud@mofﬁtt.org chemotherapy have a median overall survival (OS) of less than 6 months. Based on a high † These authors have contributed percentage o,"With Extreme Durable Response to Pembrolizumab Jad Chahoud 1*†, William Paul Skelton IV 2†, Philippe E. Spiess",NR,NR,REV-ALCIDES,complete,Auto-assisted extraction from REC-HPVPSCC-000080.pdf pp.1-10 (2026-08-25),no
REC-HPVPSCC-000084,Kim2021,primary_report,original_research,retrospective cohort/observational,NR,NR,NR,37,"patients with penile SCC, 16 patients with cutaneous SCC, and 4 patients with non- neoplastic penile/skin tissue.",yes,p16+PCR/ISH,NR,NR,NR,NR,NA,HPV_pathway,to investigate the presence of TERT-p mutations in penile squamous cell carcinomas (SCCs) and their associations with,NR,ARTICLE – CANCER RESEARCH TERT promoter mutations in penile squamous cell carcinoma: high frequency in non‑HPV‑related type and association with favorable clinicopathologic features Sang Kyum Kim1 · Jang‑Hee Kim2 · Jae H,NR,NR,NR,NR,REV-ALCIDES,partial,Auto-assisted extraction from REC-HPVPSCC-000084.pdf pp.1-10 (2026-08-25),yes
REC-HPVPSCC-000085,Aydin2021,primary_report,original_research,observational / not fully specified,NR,NR,NR,NR,Penile squamous cell carcinoma population (see PDF),no,NR,NR,"CD8,TIL,Treg,CD163",tumor,NR,neoadjuvant,"TIME_composition,immunotherapy_response",NR,"IL were predominantly CD3+ (mean 67.5%, SD 19.4%) with a mean of 46.8% CD8+ T cells (SD 21.1%). Five out of 11 samples (45.4%) from expanded TIL",NR,"n of metastatic spread in penile cancer, and LN metastasis is the main prognostic factor for survival (2). In spite of surgical resection, the 5-year survival of",and recurrent penile cancer. Keywords Adoptive cellular immunotherapy; Immunophenotyping; Penile cancer; T cells; Tumor-infiltrating lymphocytes,NR,NR,REV-ALCIDES,complete,Auto-assisted extraction from REC-HPVPSCC-000085.pdf pp.1-10 (2026-08-25),no
REC-HPVPSCC-000087,Hahn2021,primary_report,case_series,observational / not fully specified,NR,NR,NR,NR,Penile squamous cell carcinoma population (see PDF),no,NR,NR,"PD-L1,PD-1,TIL",tumor,pembrolizumab,advanced,"TIME_composition,immunotherapy_response,prognosis",NR,revious studies have shown that 40–62% of patients with penile SCC express PD-L1. We report three cases of locally advanced or metastatic penile SCC treate,NR,"nce recurrent regional nodal disease or distant metastases have a grim prognosis, with one third of those with regional recurrence alive at 5 years and",Invest New Drugs. 2021 October ; 39(5): 1405–1410. doi:10.1007/s10637-021-01100-x. Pembrolizumab for advanced penile cancer: a case series from a phase II basket trial,NR,NR,REV-ALCIDES,complete,Auto-assisted extraction from REC-HPVPSCC-000087.pdf pp.1-10 (2026-08-25),no
REC-HPVPSCC-000092,Rafael2021,primary_report,original_research,retrospective cohort/observational,NR,NR,NR,103,Penile squamous cell carcinoma population (see PDF),yes,NR,NR,"CD68,CD163",both,NR,advanced,"TIME_composition,HPV_pathway,immunotherapy_response,prognosis",NR,"roma (PT Stroma) compartments. We a section of the journal then quantiﬁed CD14+, CD68+ and CD163+ myeloid cells within these compartments Frontiers in Immunology",Distinct Patterns of Myeloid Cell Inﬁltration in Patients With hrHPV- Positive and hrHPV-Negative Penile,"he association between myeloid cell densities doi: 10.3389/fimmu.2021.682030 and disease-speciﬁc survival, the risk of death was found to decrease slightly as the Frontiers in Immunology | www.frontiersin.org","(IT Tumor), intratumoral stroma (IT Stroma), Cancer Immunity and Immunotherapy, peritumoral tumor (PT Tumor) and peritumoral stroma (PT Stroma) compartments. We a sec",NR,NR,REV-ALCIDES,complete,Auto-assisted extraction from REC-HPVPSCC-000092.pdf pp.1-10 (2026-08-25),no
REC-HPVPSCC-000095,Buonerba2021,primary_report,original_research,retrospective cohort/observational,NR,NR,NR,35,Penile squamous cell carcinoma population (see PDF),no,p16,NR,"PD-L1,PD-1,CTLA-4",tumor,"pembrolizumab,nivolumab,cemiplimab,ipilimumab",advanced,"TIME_composition,immunotherapy_response,prognosis",NR,"of solid malignancies and may also expand the limited treatment landscape of advanced PCa. In fact, PD-L1 expression, a known marker predictive of efficacy of anti-PD-1/PDL-1 inhibitors across different so",NR,"an incidence rate varying in the range of 1–10 cases per 100,000 men across countries worldwide and a 5-year survival rate ranging from 90% in stage I patients to a dismal 5% in stage IV patients [1]. With 300 men dying annuall","es, Plastic Surgery Unit, University of Campania Luigi Vanvitelli, Naples, Italy 4 Unit of Melanoma, Cancer Immunotherapy & Development Therapeutics, Istituto Nazionale Tumori Istituto di Ricovero e Cura a Carattere Scientifico Fo",NR,NR,REV-ALCIDES,complete,Auto-assisted extraction from REC-HPVPSCC-000095.pdf pp.1-10 (2026-08-25),no
REC-HPVPSCC-000096,Denis2021,case_report,case_report,case report,NR,NR,NR,46,Penile squamous cell carcinoma population (see PDF),partial,p16,NR,"PD-L1,PD-1,CTLA-4",tumor,"pembrolizumab,nivolumab,cemiplimab,ipilimumab",advanced,"TIME_composition,HPV_pathway,immunotherapy_response,prognosis",NR,"hose disease had progressed after radiotherapy (RT) and cisplatin-based chemotherapy (CT). A strong PD-L1 expression as well as a CDKN2A mutation was document- ed, and he was given cemiplimab every 3 weeks","y; CR, complete response; FDG PET/CT, fluorodeoxyglucose positron emission tomography/ computed tomography. HPV induced, both are curable with surgery or radiotherapy (RT), and both are cisplatin- and taxane-sensitive. Si","er is a rare disease and systemic treatment is cisplatin-based chemotherapy (CT). Despite salvage treatments, prognosis is very poor and median overall survival (OS) is about 7 months [1]. More recently checkpoint inhibitors (C","al of Liege, CHU Sart Tilman, Liège, Belgium Keywords Penile cancer · Checkpoint inhibitor · Cemiplimab · Immunotherapy Abstract We report on a 75-year old man who presented with metastatic, squamous-cell carcinoma (SCC) of the","it is a single patient story, and",NR,REV-ALCIDES,complete,Auto-assisted extraction from REC-HPVPSCC-000096.pdf pp.1-10 (2026-08-25),no
REC-HPVPSCC-000098,Mller2022,primary_report,original_research,observational / not fully specified,NR,NR,NR,60,Penile squamous cell carcinoma population (see PDF),yes,p16,NR,PD-L1,tumor,NR,NA,"TIME_composition,HPV_pathway,prognosis",NR,"ion of immune cell infiltrate and pT stage with overall survival. Therefore, in a subset of tumors, PD-L1 staining was applied. For tumor proportion score (TPS), 26 of 30 samples (87%) were scored >0%. For","Materials and methods A cohort of 60 well-defined penile invasive carcinomas with known human papillomavirus (HPV) infection status was investigated. Data on tumor type, grading and staging were recorded. Additionally, data","essed. Results Our study showed a significant correlation of immune cell infiltrate and pT stage with overall survival. Therefore, in a subset of tumors, PD-L1 staining was applied. For tumor proportion score (TPS), 26 of 30 sam",NR,NR,NR,REV-ALCIDES,complete,Auto-assisted extraction from REC-HPVPSCC-000098.pdf pp.1-10 (2026-08-25),no
REC-HPVPSCC-000099,DosSantos2021,case_report,case_report,case report,NR,NR,NR,NR,Penile squamous cell carcinoma population (see PDF),yes,p16,NR,PD-L1,tumor,NR,NA,"TIME_composition,HPV_pathway,prognosis",NR,"aluated the expression of was 5% for the SP142 clone (Figure 5). There was no PD-L1 with 3 different clones of antibodies (22C3, pan‑TRK staining in either compone",of verrucous carcinoma and areas of classical invasive SCC. The tumor cells expressed p63 with the absence of p16 expression. Vimentin and p53 were positive in the sarcomatous component. The morphology and immunohistochemis,"ses, dying 7 weeks later. Mixed tumors represent diagnostic challenges. The correct identification of adverse prognostic factors can be the first step to implement the treatment with a higher probability of success. Keywords s",NR,NR,NR,REV-ALCIDES,complete,Auto-assisted extraction from REC-HPVPSCC-000099.pdf pp.1-10 (2026-08-25),no
REC-HPVPSCC-000100,Hu2021,case_report,case_report,case report,NR,NR,NR,NR,Penile squamous cell carcinoma population (see PDF),yes,NR,NR,"PD-L1,PD-1",tumor,sintilimab,advanced,"TIME_composition,HPV_pathway,immunotherapy_response",NR,Dongdong Han 1 a 49-year-old male recurrent pSCC patient with medium PD-L1 expression and low TMB.,carcinoma (pSCC).4 Prepuce elongation with a prevalence of 32% and HPV infec­,"g prepuce and a 30-year history of effective enough, with a median overall survival (OS) of gunshot wounds. The patient was diagnosed with pSCC in",ed Chemotherapy and Checkpoints Blockade Immunotherapy Achieves Complete Remission on a Recurr,NR,NR,REV-ALCIDES,complete,Auto-assisted extraction from REC-HPVPSCC-000100.pdf pp.1-10 (2026-08-25),no
REC-HPVPSCC-000101,Chipollini2021,primary_report,original_research,retrospective cohort/observational,NR,NR,NR,NR,Penile squamous cell carcinoma population (see PDF),yes,NR,NR,NR,NR,NR,NA,"HPV_pathway,prognosis",NR,NR,"mous cell carcinoma Biostatistics, University of Arizona, (pSCC) based on human papillomavirus (HPV) infection. Herein, we present na- Tucson, Arizona, USA 3",sed: 9 July 2021 | Accepted: 11 August 2021 DOI: 10.1002/cam4.4258 RESEARCH ARTICLE National trends and survival outcomes of penile squamous cell carcinoma based on human papillomavirus status Juan Chipollini1 | Grant,NR,NR,NR,REV-ALCIDES,partial,Auto-assisted extraction from REC-HPVPSCC-000101.pdf pp.1-10 (2026-08-25),yes
REC-HPVPSCC-000107,Ribera-Cortada2021,review,systematic_review,systematic review,NR,NR,NR,NR,Literature on penile SCC / TIME / immunotherapy (review),yes,p16,NR,NR,NR,NR,NA,HPV_pathway,NR,NR,t aggressive neoplasm with dual Pathogenesis of Penile Squamous pathogenesis (human papillomavirus (HPV)-associated and HPV-independent). The development of Cell Carcinoma: Molecular Update targeted treat,NR,NR,NR,NR,REV-ALCIDES,complete,Auto-assisted extraction from REC-HPVPSCC-000107.pdf pp.1-10 (2026-08-25),no
REC-HPVPSCC-000108,Hladek2022,primary_report,original_research,observational / not fully specified,NR,NR,NR,55,Penile squamous cell carcinoma population (see PDF),yes,NR,NR,"CD8,TIL",tumor,NR,NA,"TIME_composition,HPV_pathway,prognosis",NR,"-associated immune cell infiltrate density (ICID). Slides were stained with antibodies against CD3, CD8 and CD20. An image analysis software was applied for evaluation. Data were correlated with clinicop",CIS Carcinoma in situ HE Hematoxylin and eosin HPV Human papillomavirus OS Overal,"ed tumor stages. Therefore, understanding tumor biology and its microenvironment and cor- relation with known survival data is of substantial interest in order to establish treatment strategies adapted to the individual patient.",NR,NR,NR,REV-ALCIDES,complete,Auto-assisted extraction from REC-HPVPSCC-000108.pdf pp.1-10 (2026-08-25),no
REC-HPVPSCC-000109,Gambale2022,primary_report,trial,clinical trial / interventional,NR,NR,NR,608,Penile squamous cell carcinoma population (see PDF),no,NR,NR,"LAG-3,other_checkpoint",tumor,cemiplimab,advanced,"TIME_composition,immunotherapy_response,prognosis",NR,NR,NR,"tions, such as HIV-­1 or hepatitis, suggesting interim analysis, overall survival (OS), progression free safe us",Journal for ImmunoTherapy of Cancer: first published as 10.1136/jitc-2021-003540 on 31 January 2022. Downloaded from https://jitc.bmj.,NR,NR,REV-ALCIDES,complete,Auto-assisted extraction from REC-HPVPSCC-000109.pdf pp.1-10 (2026-08-25),no
REC-HPVPSCC-000110,Rafael2022,primary_report,original_research,observational / not fully specified,NR,NR,NR,NR,Penile squamous cell carcinoma population (see PDF),yes,NR,NR,NR,NR,NR,advanced,"HPV_pathway,immunotherapy_response,prognosis",NR,NR,"Journal of Clinical Medicine Review Immunotherapeutic Approaches for the Treatment of HPV-Associated (Pre-)Cancer of the Cervix, Vulva and Penis Tynisha S. Rafael 1,† , Jossie Rotman 2,† , Oscar R. B","ering relatively T.D.; Jordanova, E.S. fewer adverse effects and potential improvement in survival. This review discusses immune evasion Immunotherapeutic Approaches for","Journal of Clinical Medicine Review Immunotherapeutic Approaches for the Treatment of HPV-Associated (Pre-)Cancer of the Cervix, Vulva and Penis Tynisha S. Ra",NR,NR,REV-ALCIDES,partial,Auto-assisted extraction from REC-HPVPSCC-000110.pdf pp.1-10 (2026-08-25),yes
REC-HPVPSCC-000115,Li2022,review,narrative_review,narrative review,NR,NR,NR,NR,patients with penile SCC is closely related to metastasis to (2022) Immunotherapy Combined inguinal lymph nodes.,no,NR,NR,"PD-L1,PD-1",tumor,tislelizumab,advanced,"TIME_composition,immunotherapy_response,prognosis",NR,has a high afﬁnity for PD-1. Tislelizumab Wuhan University. Programmed death ligand-1 (PD-L1) monotherapy for advanced solid tumors shows acceptable staining of the previously,NR,"umor in males with a poor Edited by: prognosis. Currently, the primary treatment is surgery. Recurrent cases have limited Srikala S",doi: 10.3389/fonc.2022.837547 Immunotherapy Combined With Chemotherapy for Postoperative,NR,NR,REV-ALCIDES,complete,Auto-assisted extraction from REC-HPVPSCC-000115.pdf pp.1-10 (2026-08-25),no
REC-HPVPSCC-000116,Mei2022,case_report,case_report,case report,NR,NR,NR,NR,Penile squamous cell carcinoma population (see PDF),yes,NR,NR,"PD-L1,PD-1,CD8,TIL",tumor,sintilimab,advanced,"TIME_composition,HPV_pathway,immunotherapy_response,prognosis",NR,"mmonly used biomarkers are Genitourinary Oncology, programmed death ligand-1 (PD-L1) expression and tumor mutation burden (TMB); however, a section of the journal","nic human papillomavirus equally to this work and share (HPV) infection. Immunotherapy has made progress in many malignant tumors, especially in ﬁr","speciﬁc death (6, 7). High expression of PD-L1 is associated with short survival, so it can be used as a Carcinoma—A Report of Two Cases. factor to identify a poor prognosis in","omavirus equally to this work and share (HPV) infection. Immunotherapy has made progress in many malignant tumors, especially in ﬁrst authorship",NR,NR,REV-ALCIDES,complete,Auto-assisted extraction from REC-HPVPSCC-000116.pdf pp.1-10 (2026-08-25),no
REC-HPVPSCC-000119,Montella2022,primary_report,original_research,observational / not fully specified,NR,NR,NR,NR,Penile squamous cell carcinoma population (see PDF),no,PCR/ISH,NR,"PD-L1,PD-1,TIL",tumor,NR,advanced,"TIME_composition,immunotherapy_response",NR,d cell death 1 (PD-1)/programmed cell a section of the journal death ligand 1 (PD-L1) are currently changing the treatment of several tumors. Frontiers in Medicine,NR,"s 60 years cancer-specific survival (10). More recently, some studies have with an age-related incidence rising constantly and reaching",doi: 10.3389/fmed.2022.874213 Immunotherapy in Penile Squamous Cell Carcinoma: Present or Future?,NR,NR,REV-ALCIDES,complete,Auto-assisted extraction from REC-HPVPSCC-000119.pdf pp.1-10 (2026-08-25),no
REC-HPVPSCC-000121,Alencar2022,primary_report,original_research,RCT,NR,NR,NR,30,Penile squamous cell carcinoma population (see PDF),yes,NR,NR,NR,NR,NR,neoadjuvant,"HPV_pathway,immunotherapy_response,prognosis",NR,NR,f cases). pathologic complete response occurred in 10%. Surgery was Ampliﬁcations or gains at HPV integration sites were performed in 73.3% of patients and the median OS was 17.1 identiﬁed in,"t standard, but with high toxicity and no proven real impact on survival. Recent important ﬁndings of frequent genomic alterations and m","ral trials in new modalities of systemic treatments, especially immunotherapy. This review aims to present the most recent advances and the Edited by:",NR,NR,REV-ALCIDES,partial,Auto-assisted extraction from REC-HPVPSCC-000121.pdf pp.1-10 (2026-08-25),yes
REC-HPVPSCC-000124,Necchi2022,primary_report,trial,clinical trial / interventional,NR,NR,NR,NR,Penile squamous cell carcinoma population (see PDF),yes,NR,NR,"PD-L1,PD-1",tumor,"pembrolizumab,nivolumab",advanced,"TIME_composition,HPV_pathway,immunotherapy_response,prognosis",assess genomic differences among pSCC cases and learn whether pSCC could,d microsatellite instability (MSI) was determined on up to 95 loci. Programmed cell-death-ligand-1 (PD-L1) expression was determined by immunohistochemistry (IHC; Dako 22C3). Results: PIK3CA was the most f,"C, fanSCC, crvSCC, and vagSCC. PD-L1 high expression was >18% in all pSCC except urthSCC, manSCC, and vagSCC. HPV-16/18 detection was highest in manSCC, fanSCC, and crvSCC. Conclusion: Despite similar histology, pSCCs can d","e surgery extracted from formalin-fixed, paraffin-embedded (FFPE) and chemoradiation have improved survival for localized tumor samples. Samples were assayed by adaptor ligation disease, patients with adva","differences among pSCC cases and learn whether pSCC could potentially benefit from targeted therapies and/or immunotherapy. Materials and Methods: A total of 1917 advanced pSCCs, including penile (penSCC), male urethral (murthSCC),",NR,NR,REV-ALCIDES,complete,Auto-assisted extraction from REC-HPVPSCC-000124.pdf pp.1-10 (2026-08-25),no
REC-HPVPSCC-000128,Keller2023,primary_report,original_research,observational / not fully specified,NR,NR,NR,NR,Penile squamous cell carcinoma population (see PDF),yes,p16,NR,other_checkpoint,tumor,NR,NA,"TIME_composition,HPV_pathway,prognosis",NR,NR,ttps://aplm.kglmeridian.com/ at 2026-08-24 via free access divided into tumors that are human papillomavirus (HPV) search engine to access peer-reviewed literature published associated and those that are non–,"kely to be associated with a malignancies in men living in developing countries.1 PSCC favorable prognosis.5–9 Non–HPV-related cases are associ- is a disease that typically occurs in older men, with most",NR,NR,NR,REV-ALCIDES,complete,Auto-assisted extraction from REC-HPVPSCC-000128.pdf pp.1-10 (2026-08-25),no
REC-HPVPSCC-000129,Pekarek2022,review,narrative_review,narrative review,NR,NR,NR,NR,Literature on penile SCC / TIME / immunotherapy (review),no,p16,NR,NR,NR,NR,neoadjuvant,"immunotherapy_response,prognosis",NR,NR,NR,"ons without clear improvement in Academic Editor: Federica Papaccio survival. Chemotherapy regimens are usually aggressive, and unlike in other urological neoplasms, Received: 15 August","her urological neoplasms, Received: 15 August 2022 few advances have been made in the use of immunotherapy in these patients. The study of serological Accepted: 23 August 2022 and histological bioma",NR,NR,REV-ALCIDES,complete,Auto-assisted extraction from REC-HPVPSCC-000129.pdf pp.1-10 (2026-08-25),no
REC-HPVPSCC-000130,Du2022,case_report,case_report,case report,NR,NR,NR,NR,Penile squamous cell carcinoma population (see PDF),yes,NR,NR,"PD-L1,PD-1",tumor,"pembrolizumab,sintilimab",neoadjuvant,"TIME_composition,HPV_pathway,immunotherapy_response,prognosis",NR,ls played a mismatch-repair-proficient (pMMR) status evaluating PD-L1/PD-1 targeting for metastatic penile cancer (Figure 2IIb–IIe). Based on the rareness of this findin,"r, immunotherapy- confirmed to be squamous cell carcinoma. The patient’s HPV related clinical trials are still ongoing. Nevertheless, PD-1 inhi­ status was unk",a median lymph node metastases with a palpable fixed inguinal nodal overall survival time of <6 months.1 After the failure of the mass (named lesions A and B) (s,"HUMAN VACCINES & IMMUNOTHERAPEUTICS 2022, VOL. 18, NO. 6, e2121122 (4 pages) https://doi.org/10.1080/21645515.2022.2121122 CASE REPORT P",NR,NR,REV-ALCIDES,complete,Auto-assisted extraction from REC-HPVPSCC-000130.pdf pp.1-10 (2026-08-25),no
REC-HPVPSCC-000133,Lv2022,review,narrative_review,narrative review,NR,NR,NR,NR,patients with penile cancer [5].,no,NR,NR,"PD-L1,PD-1,CTLA-4,HLA",tumor,sintilimab,advanced,"TIME_composition,immunotherapy_response,prognosis",NR,old male recurrent and metastatic PSCC patient with high PD-L1 expression (90%) and TMB (14.4 muts/Mb). He had undergon,NR,"nt options for ad- vanced penile cancer are often limited, and the prognosis remains poor. We reported a 52-year-old male recurrent and metas","e checkpoint inhibitors (ICIs), a novel class of drugs for tu- Received: 19 August 2022 mor immunotherapy, have emerged as a therapeutic approach against various malig- Accepted: 19 October 2022 na",NR,NR,REV-ALCIDES,complete,Auto-assisted extraction from REC-HPVPSCC-000133.pdf pp.1-10 (2026-08-25),no
REC-HPVPSCC-000137,Long2022,review,narrative_review,narrative review,NR,NR,NR,NR,patients with penile squamous cell carcinoma (PSCC) are usually diagnosed in the advanced stage.,no,NR,NR,"PD-L1,PD-1,CD8",tumor,tislelizumab,neoadjuvant,"TIME_composition,immunotherapy_response,prognosis",NR,"cer[12-16]. By inhibiting programmed cell death protein 1 (PD-1) or PD-1 ligand (PD-L1), ICIs block the inhibition of CD8+ effector T cells and reverse the suppressive",NR,"carcinoma with unresectable inguinal First decision: September 5, 2022 lymph node metastasis has a poor prognosis, and surgical treatment alone offers Revised: September 15, 2022 limited benefits. Effective con",ed a pathological complete response with conversion therapy comprising immunotherapy plus chemotherapy. CONCLUSION,NR,NR,REV-ALCIDES,complete,Auto-assisted extraction from REC-HPVPSCC-000137.pdf pp.1-10 (2026-08-25),no
REC-HPVPSCC-000138,Tang2022,primary_report,original_research,observational / not fully specified,NR,NR,NR,30,Penile squamous cell carcinoma population (see PDF),yes,PCR/ISH,NR,PD-L1,tumor,pembrolizumab,advanced,"TIME_composition,HPV_pathway,immunotherapy_response,prognosis",NR,NR,"nt inhibitors in PSCC. In CITATION Tang Y, Hu X, Wu K and Li X (2022) addition, human papillomavirus (HPV) infection is highly prevalent in PSCC and Immune landscape and plays a key role in the","y high toxicity, and patients with advanced PSCC usually have a section of the journal poor prognosis. The limited treatment options and poor prognosis indicate the Frontiers in Immunology","Immune landscape and OPEN ACCESS immunotherapy for EDITED BY Yu Fan, First Hospital, Peking University, China pe",NR,NR,REV-ALCIDES,complete,Auto-assisted extraction from REC-HPVPSCC-000138.pdf pp.1-10 (2026-08-25),no
REC-HPVPSCC-000139,Lu2022,review,meta_analysis,meta analysis,NR,NR,NR,NR,patients with penile cancer was 51.,yes,NR,NR,"PD-L1,PD-1,TIL",tumor,NR,advanced,"TIME_composition,HPV_pathway,immunotherapy_response,prognosis",NR,DOI 10.3389/fonc.2022.1013806 PD-L1 is associated with the OPEN ACCESS prognosis of penile cancer: EDITED,"(pN0/NX vs. pN1–3, OR = 0.541, 95% CI = 0.385-0.759, P = 0.001) and permitted which does not comply with HPV status (Positive vs. Negative, OR = 0.510, 95% CI = 0.322-0.810, P = 0.003). A these terms.","PD-L1 is associated with the OPEN ACCESS prognosis of penile cancer: EDITED BY Marco Borghesi, University of Genoa, Italy","5.6 Inclusion criteria: (a) Population: penile cancer patients without months (4). Recently, immunotherapy has yielded dramatically non-surgical treatments. (b) Interventions: Expression of PD-L1 (≥ im",NR,NR,REV-ALCIDES,complete,Auto-assisted extraction from REC-HPVPSCC-000139.pdf pp.1-10 (2026-08-25),no
REC-HPVPSCC-000140,Kaakour2022,case_report,case_report,case report,NR,NR,NR,NR,Penile squamous cell carcinoma population (see PDF),yes,p16,NR,PD-L1,tumor,pembrolizumab,advanced,"TIME_composition,HPV_pathway,immunotherapy_response,prognosis",NR,"rammed death ligand 1 Licensee MDPI, Basel, Switzerland. (PD-L1) expression, high tumor mutational burden (TMB), high microsatellite instability This article is an",nile squamous cell carcinoma and an unknown (human papilloma virus) HPV status and borderline programmed death-ligand 1 (PD-L)1 status who was treated with,* Correspondence: marn@hs.uci.edu Abstract: The prognosis for patients with penile squamous cell carcinoma metastatic to regional,biomedicines Article Combination of Pembrolizumab and Stereotactic Body Radiation Therapy in Recurrent Metastatic Penile Squamous Cell Carcinoma: A Case Study,NR,NR,REV-ALCIDES,complete,Auto-assisted extraction from REC-HPVPSCC-000140.pdf pp.1-10 (2026-08-25),no
REC-HPVPSCC-000143,Chen2022,case_report,case_report,case report,NR,NR,NR,NR,Penile squamous cell carcinoma population (see PDF),yes,NR,NR,"PD-L1,PD-1",tumor,durvalumab,advanced,"TIME_composition,HPV_pathway,immunotherapy_response,prognosis",NR,"any different conditions of the Creative Commons cancers, and the combination therapy of PD-1/PD-L1 blockade with other immune check- Attribution (CC BY) license (https:// point inhibitors (ICIs)","combination therapy of durvalumab and cisplatin-based chemotherapy. The patient had HPV-positive penile squamous cell carcinoma, cT3N3M0, with concomitant a",Abstract: Penile squamous cell carcinoma is a rare disease entity with poor overall survival in an advanced stage. Few studies have investigated the role of immu,"ival in an advanced stage. Few studies have investigated the role of immunotherapy in advanced penile squamous cell carcinoma. Herein, we report a cas",NR,NR,REV-ALCIDES,complete,Auto-assisted extraction from REC-HPVPSCC-000143.pdf pp.1-10 (2026-08-25),no
REC-HPVPSCC-000152,White2023,primary_report,original_research,observational / not fully specified,NR,NR,NR,NR,Penile squamous cell carcinoma population (see PDF),no,NR,NR,other_checkpoint,tumor,NR,advanced,"TIME_composition,immunotherapy_response,prognosis",NR,NR,NR,"in many cases, though advanced stages of penile cancer carry a poor prognosis. Current innovative treatments are exploring the role of","Keywords: penile cancer, inguinal lymph node dissection, immunotherapy, targeted therapy, HPV, adoptive T-cell therapy, sexual",NR,NR,REV-ALCIDES,complete,Auto-assisted extraction from REC-HPVPSCC-000152.pdf pp.1-10 (2026-08-25),no
REC-HPVPSCC-000153,Hrudka2023,primary_report,original_research,retrospective cohort/observational,NR,NR,NR,152,patients with penile carcinoma.,yes,p16,NR,"PD-L1,CD8",tumor,NR,NA,"TIME_composition,HPV_pathway,prognosis",NR,"ﬁed in H&E slides. Venous Novocastra, UK), CD8 (clone SP16, 1:100; Zeta Corporation, USA), PD-L1 invasion was diagnosed in H&E slides if a vessel with unequivocal vein wall (clone SP260,",ate; brisk; non- brisk; CD3; CD8; p53; p16 HPV. nancy with a slowly increasing incidence and variable prognosis. Regional lymph node involvement signifi,"brisk; CD3; CD8; p53; p16 HPV. nancy with a slowly increasing incidence and variable prognosis. Regional lymph node involvement signifies poor Received 6 December 2022, revised 12 March, ac",NR,NR,NR,REV-ALCIDES,complete,Auto-assisted extraction from REC-HPVPSCC-000153.pdf pp.1-10 (2026-08-25),no
REC-HPVPSCC-000154,Sangkhamanon2023,primary_report,original_research,observational / not fully specified,NR,NR,NR,43,Penile squamous cell carcinoma population (see PDF),no,NR,NR,"PD-L1,PD-1",tumor,NR,neoadjuvant,"TIME_composition,immunotherapy_response,prognosis",NR,immune cells in an endemic area. 2 SANGKHAMANON et al: PD-L1 EXPRESSION IN PENILE CANCER Materials and methods r,NR,"advanced 43 patients (18.6%) were identified as positive for PD‑L1 stage (1,3). Therefore, identifying prognostic biomarkers is expression in tumor cells and tumor‑infiltrating lympho‑ important and could be appli","). In the past few decades, major advances patients and high expression of PD‑L1 was associated with in immunotherapy, especially the use of immune check‑ the early T stage. point i",NR,NR,REV-ALCIDES,complete,Auto-assisted extraction from REC-HPVPSCC-000154.pdf pp.1-10 (2026-08-25),no
REC-HPVPSCC-000157,ElZarif2023,primary_report,original_research,observational / not fully specified,NR,NR,NR,92,patients with penile squamous cell carcinoma receiving immune checkpoint inhibitors.,yes,NR,NR,"PD-L1,PD-1",tumor,"pembrolizumab,nivolumab,cemiplimab,ipilimumab",advanced,"TIME_composition,HPV_pathway,immunotherapy_response,prognosis",NR,represents up to 10% of cancers in male individuals grammed cell death 1 ligand 1 (PD-L1) positivity rate in tumor in developing countries (2). A common management strategy,"rall response rate is around 50%, and the median over- inhibitors in human papillomavirus (HPV)–driven head and neck all survival ranges from 17 to 27 months (5-7). Alternatively, squamo","checkpoint inhibitors between 2015 and 2022 across 24 centers in the United States, Europe, and Asia. Overall survival and progression-free survival were estimated using the Kaplan-Meier method. Objective response rates were det",Asia. Overall survival and progression-free survival were estimated using the Kaplan-Meier method. Objective response rates were determined per Response Evaluation Criteria in Solid Tumours 1.1 criteria. Treatment-related adverse ev,NR,NR,REV-ALCIDES,complete,Auto-assisted extraction from REC-HPVPSCC-000157.pdf pp.1-10 (2026-08-25),no
REC-HPVPSCC-000158,Nazha2023,primary_report,original_research,observational / not fully specified,NR,NR,NR,108,Penile squamous cell carcinoma population (see PDF),yes,NR,NR,other_checkpoint,tumor,pembrolizumab,advanced,"TIME_composition,HPV_pathway,immunotherapy_response,prognosis",NR,NR,"Approximately half of pSCC cases are associated with human papillomavirus (HPV) Atlanta, Georgia, USA infection. 4 Caris Life Sciences, Phoenix,","gressive malignancy in the advanced setting, with poor prognosis and little success with immune‐checkpoint inhibitors","ases, its role in modulating disease‐related deaths.1–3 Approximately 40% of patients present ICI response rates in advanced pSCC is unclear. We aimed to charac- with lymph node metastases, whereas initial distal metastas",NR,NR,REV-ALCIDES,complete,Auto-assisted extraction from REC-HPVPSCC-000158.pdf pp.1-10 (2026-08-25),no
REC-HPVPSCC-000159,Lobo2024,primary_report,original_research,observational / not fully specified,NR,NR,NR,134,Penile squamous cell carcinoma population (see PDF),yes,NR,NR,"PD-L1,PD-1,CD8",tumor,NR,advanced,"TIME_composition,HPV_pathway,immunotherapy_response,prognosis",NR,1 (PD-L1)–positive tumors contemporary cohort of penile,"host antitumor immune response. As a result, inhibiting the PD-1/ lomavirus (HPV)–associated subtypes and 73% of other histotype",pathologic worse survival outcomes.,"cell carcinomas (PCs) are rare malignancies with a dismal prognosis in a metastatic setting; therefore, novel immunotherapeutic modalities are an unmet need. One such modality is the immune checkpoint molecule programmed cell death",NR,NR,REV-ALCIDES,complete,Auto-assisted extraction from REC-HPVPSCC-000159.pdf pp.1-10 (2026-08-25),no
REC-HPVPSCC-000166,Rouvinov2023,primary_report,original_research,RCT,NR,NR,NR,18,"patients with penile squamous cell carcinoma (SCC), diagnosed between January 2020 and February 2023.",no,NR,NR,"PD-L1,PD-1,CD8",tumor,"pembrolizumab,nivolumab,cemiplimab",advanced,"TIME_composition,immunotherapy_response,prognosis",NR,commons.org/licenses/by/ in the frontline setting [9]. It has been shown that there is high PD-L1 expression and a 4.0/). high level of CD8+ T-cell infiltration in,NR,"andomized data sup-port an Copyright: © 2023 by the authors. overall survival benefit. There is a need for the development of more effective and less Licensee MDPI, Basel, Switzerland. Th","creened, of whom three were ineligible for chemotherapy and received immunotherapy, cemiplimab, in a first- line setting. Each of the three immunother",NR,NR,REV-ALCIDES,complete,Auto-assisted extraction from REC-HPVPSCC-000166.pdf pp.1-10 (2026-08-25),no
REC-HPVPSCC-000167,Wei2023,primary_report,original_research,observational / not fully specified,NR,NR,NR,NR,Penile squamous cell carcinoma population (see PDF),yes,PCR/ISH,NR,NR,NR,NR,advanced,"HPV_pathway,immunotherapy_response,prognosis",NR,NR,arly lymph node metastasis and poor prognosis. Human papillomavirus (HPV) plays a key role in the carcinogenesis of PC. This review aims to s,"rare male malignant tumor, with early lymph node metastasis and poor prognosis. Human papillomavirus (HPV) plays a key role in the carcinogenesis of PC. This",", Basel, Switzerland. after receiving chemotherapy, radiotherapy, or immunotherapy [8–10], which is similar to This article is an open access article other HPV-related carcinomas (vulva can",NR,NR,REV-ALCIDES,partial,Auto-assisted extraction from REC-HPVPSCC-000167.pdf pp.1-10 (2026-08-25),yes
REC-HPVPSCC-000168,Zou2023,primary_report,original_research,observational / not fully specified,NR,NR,NR,60,Penile squamous cell carcinoma population (see PDF),no,NR,NR,"PD-L1,PD-1,CD8,CTLA-4",tumor,NR,advanced,"TIME_composition,immunotherapy_response,prognosis",NR,ndicated that high-SPP1 group was significantly associated with immune-related pathways such as PD-L1 expression and the PD-1 checkpoint path- way in cancer and the TNF signaling pathway. ELISA dem,NR,"Open Access SPP1 is associated with adverse prognosis and predicts immunotherapy efficacy in penile cancer Yuantao Zou1,2,3,4†, Xingliang Tan1,2,3,4†, Gangjun Yu","Open Access SPP1 is associated with adverse prognosis and predicts immunotherapy efficacy in penile cancer Yuantao Zou1,2,3,4†, Xingliang Tan1,2,3,4†, Gangjun Yuan5,6†, Yi Tang1,2,3,4, Yanj",NR,NR,REV-ALCIDES,complete,Auto-assisted extraction from REC-HPVPSCC-000168.pdf pp.1-10 (2026-08-25),no
REC-HPVPSCC-000169,Necchi2023,primary_report,original_research,observational / not fully specified,NR,NR,NR,397,Penile squamous cell carcinoma population (see PDF),yes,NR,NR,PD-L1,tumor,pembrolizumab,advanced,"TIME_composition,HPV_pathway,immunotherapy_response,prognosis",NR,"ized by more pronounced T-cell infiltration, lower tumor programmed cell death ligand 1 (PD-L1) expression, and higher tumor mutational burden (TMB).8,9 Tumor mutational burden has em","and tyrosine kinase gene alterations (FGFR3, EGFR, and ERBB2).7 Furthermore, human papillomavirus (HPV) infection characterizes a consistent subset of PSCC that appears to have a diverse tumor microenv","racterized by high TMB values percentage of germline genetic alterations, and the outcome (overall survival with routine clinical",immunotherapy in patients with carcinoma (PSCC).,the retrospective and descriptive nature of the,NR,REV-ALCIDES,complete,Auto-assisted extraction from REC-HPVPSCC-000169.pdf pp.1-10 (2026-08-25),no
REC-HPVPSCC-000170,Wei2024,primary_report,original_research,observational / not fully specified,NR,NR,NR,87,Penile squamous cell carcinoma population (see PDF),yes,NR,NR,"PD-L1,PD-1",tumor,NR,advanced,"TIME_composition,HPV_pathway,immunotherapy_response,prognosis",NR,NR,"mavirus Guangdong Provincial Clinical Research Center for Cancer, Guangzhou, China (HPV)‐associated malignancy. Immunotherapy is emerging as a potential treatment 2 Department of Urology, Shenzhen","), Laboratory of Oncology in South China, disease control rate (DCR), progression‐free survival (PFS), and overall survival (OS) Guangdong Provincial Clinical Research Center for Cancer, Guangzhou, China","Clinical Research Center for Cancer, Guangzhou, China (HPV)‐associated malignancy. Immunotherapy is emerging as a potential treatment 2 Department of Urology, Shenzhen People’s for adv",NR,NR,REV-ALCIDES,complete,Auto-assisted extraction from REC-HPVPSCC-000170.pdf pp.1-10 (2026-08-25),no
REC-HPVPSCC-000171,Hrudka2024,primary_report,original_research,observational / not fully specified,NR,NR,NR,NR,Penile squamous cell carcinoma population (see PDF),yes,p16+PCR/ISH,NR,"PD-L1,TIL,CTLA-4",tumor,NR,NA,"TIME_composition,HPV_pathway,prognosis",NR,"G Y High tumour mutational burden is associated with strong PD-L1 expression, HPV negativity, and worse survival in penile squamous cell carcinoma","High tumour mutational burden is associated with strong PD-L1 expression, HPV negativity, and worse survival in penile squamous cell carcinoma: an analysis of 165 cases","ur mutational burden is associated with strong PD-L1 expression, HPV negativity, and worse survival in penile squamous cell carcinoma: an analysis of 165 cases JAN HRUDKA1",NR,NR,NR,REV-ALCIDES,complete,Auto-assisted extraction from REC-HPVPSCC-000171.pdf pp.1-10 (2026-08-25),no
REC-HPVPSCC-000174,Ionescu2024,primary_report,original_research,observational / not fully specified,NR,NR,NR,NR,Penile squamous cell carcinoma population (see PDF),yes,PCR/ISH,NR,"PD-L1,CD8,FOXP3,TAM,CD68,CD163",tumor,NR,NA,"TIME_composition,HPV_pathway,prognosis",NR,oung E. Whang inhibitory immune players such as type 2 macrophages and upregulation of the PD-L1 checkpoint in Received: 4 December 2023 men with N1 and N2-3 disease. There were no,"rs PSCC and how it varies with the presence of human papillomavirus (HPV) infection and across 2024, 16, 303. https://doi.org/ tumor stages u","ctory disease to front-line chemotherapy, representing a sizeable subgroup with short survival of less than 6 months and very few effective salvage treatments [9,12]. The lat- ter",proved immune therapies and to potentially identify new targeting strategies for PSCC immunotherapy [19]. The current study used multiplex immunofluorescence (mIF) to describe the,NR,NR,REV-ALCIDES,complete,Auto-assisted extraction from REC-HPVPSCC-000174.pdf pp.1-10 (2026-08-25),no
REC-HPVPSCC-000175,Zhang2024,primary_report,original_research,observational / not fully specified,NR,NR,NR,22,patients with penile squamous cell carcinoma (PSCC).,yes,PCR/ISH,NR,"PD-L1,PD-1,CD8,TIL,LAG-3,TIM-3",tumor,atezolizumab,advanced,"TIME_composition,HPV_pathway,immunotherapy_response,prognosis",NR,"mmed cell death protein 1 Chinese Drug Delivery System, Chongqing Engineering PD-L1 Programmed death ligand 1 Research Center of Pharmaceutical Sciences, Chongqing Medical",GZMB Granzyme B HPV Human papillomavirus * Weihua Lan doclan@yeah.net,"regional disease or distant metastasis have Chongqing, China. They did not undergo chemotherapy or poor prognosis and high morbidity [3, 4]. Although cisplatin- radiotherapy before sampling and their clinical chara","Cancer Immunology, Immunotherapy (2024) 73:24 https://doi.org/10.1007/s00262-023-03615-z RESEARCH Characterization of T cell receptor",NR,NR,REV-ALCIDES,complete,Auto-assisted extraction from REC-HPVPSCC-000175.pdf pp.1-10 (2026-08-25),no
REC-HPVPSCC-000176,Zhang2024,case_report,case_report,case report,NR,NR,NR,20,Penile squamous cell carcinoma population (see PDF),no,NR,NR,PD-L1,tumor,"pembrolizumab,nivolumab,ipilimumab",advanced,"TIME_composition,immunotherapy_response,prognosis",NR,"d 6.09 brolizumab and anlotinib. This patient also responded mutations/Mb, respectively. PD-L1 immunohistochem- well to chemotherapy plus immunotherapy and radio- istry (IHC) (Dako",NR,Abstract Background Penile squamous cell carcinoma (PSCC) is a highly aggressive malignancy with a poor prognosis. BRCA1/2 mutations are associated with impaired DNA double-strand break repair and are among the common m,"wed that the penis primary lesion and metastatic thigh lesion harboured a BRCA2 mutation. Chemotherapy plus immunotherapy was used for treatment, and the thigh metastasis was found to involve no tumour. Progression-free survival",NR,NR,REV-ALCIDES,complete,Auto-assisted extraction from REC-HPVPSCC-000176.pdf pp.1-10 (2026-08-25),no
REC-HPVPSCC-000183,Mumba2024,primary_report,original_research,cross-sectional,NR,NR,NR,35,Penile squamous cell carcinoma population (see PDF),yes,NR,NR,"PD-L1,PD-1,CD8,FOXP3,CD68,CD163,LAG-3,TIM-3",tumor,NR,advanced,"TIME_composition,HPV_pathway,immunotherapy_response,prognosis",NR,cellent response to PD-1 inhibitors in patients who have PD-L1 overexpression in the tumors [17]. Despite HIV infec,ection with HIV and/or high-risk human papillomavirus microenvironment of penile squamous cell (hrHPV) are risk factors for penile cancer development. The tumor microenvironment of PSCC carcinoma. PLoS ONE 19(5),elopment. The tumor microenvironment of PSCC carcinoma. PLoS ONE 19(5): e0300729. https:// may predict prognosis and may inform on the best targets for immunotherapy. We evaluated doi.org/10.1371/journal.pone.0300729,inoma. PLoS ONE 19(5): e0300729. https:// may predict prognosis and may inform on the best targets for immunotherapy. We evaluated doi.org/10.1371/journal.pone.0300729 the,NR,NR,REV-ALCIDES,complete,Auto-assisted extraction from REC-HPVPSCC-000183.pdf pp.1-10 (2026-08-25),no
REC-HPVPSCC-000185,Xu2024,primary_report,original_research,observational / not fully specified,NR,NR,NR,NR,patients with penile cancer.,yes,PCR/ISH,NR,"PD-L1,PD-1,CTLA-4",tumor,NR,NA,"TIME_composition,HPV_pathway,prognosis",NR,"b and cells, NK cells, Endothelial cells, DC, Macrophages, nivolumab regimens, anti PD-L1 therapy, such as Monocytes, Neutrophils, Fibroblasts, Keratinocytes, atezolizumab regime","e advanced cancer substantially are very poor [2]. In human papillomavirus (HPV)-independent PSCC fact, patients with positive inguinal or pelvic lymph (usua",nile cancer is an exceedingly rare malignant node metastasis have an overall survival of urologic neoplasm with an overall cancer incidence of approximately 15% at,NR,NR,NR,REV-ALCIDES,complete,Auto-assisted extraction from REC-HPVPSCC-000185.pdf pp.1-10 (2026-08-25),no
REC-HPVPSCC-000187,Pagliaro2024,primary_report,original_research,prospective observational,NR,NR,NR,NR,Penile squamous cell carcinoma population (see PDF),yes,p16,NR,"PD-L1,PD-1",tumor,NR,NA,"TIME_composition,HPV_pathway,prognosis",NR,KMT2D 13.6 Programmed death-ligand-1 (PD-L1) immunohistochemistry is positive in 33–60% of both HPV-related and -unrel,oncogenesis of penile squamous cell carcinoma (PSCC) and differences between HPV-related and unrelated tumors. While these two subsets of PSCC appear,"ncluding more frequent mutation or loss of TP53 and a slightly worse creativecommons.org/licenses/by/ prognosis [7,8]. Such observations hint at subsets of patients who might benefit from specific 4.0/).","te instability-high status are rare in PSCC, and seldom constitute an indication for immunotherapy [17,18]. 2.1. TP53 and CDKN2A The reported overall i",NR,NR,REV-ALCIDES,complete,Auto-assisted extraction from REC-HPVPSCC-000187.pdf pp.1-10 (2026-08-25),no
REC-HPVPSCC-000189,Simon2024,primary_report,original_research,observational / not fully specified,NR,NR,NR,30,Penile squamous cell carcinoma population (see PDF),yes,NR,NR,PD-L1,tumor,atezolizumab,neoadjuvant,"TIME_composition,HPV_pathway,immunotherapy_response,prognosis",NR,with Author Manuscript immune checkpoint inhibitors (ICIs). PD-L1 can be detected by immunohistochemistry in nearly two thirds of,uscript Keywords penile cancer; immunotherapy; targeted therapy; HPV Introduction Penile cancer is a rare malignancy.,"mphatics early in the disease course; hence, one of the most important prognostic factors for survival Author Manuscript is the extent of nodal d","sda, MD 20892, USA Author Manuscript Keywords penile cancer; immunotherapy; targeted therapy; HPV Introduction Penile canc",NR,NR,REV-ALCIDES,complete,Auto-assisted extraction from REC-HPVPSCC-000189.pdf pp.1-10 (2026-08-25),no
REC-HPVPSCC-000190,Apolo2024,primary_report,original_research,observational / not fully specified,NR,NR,NR,120,Penile squamous cell carcinoma population (see PDF),no,NR,NR,other_checkpoint,tumor,"nivolumab,ipilimumab",advanced,"TIME_composition,immunotherapy_response,prognosis",NR,NR,NR,"s of Protocol the safety, overall response rate (ORR), progression-free survival (PFS), and overall survival (OS) of the phase I patients and seven expansion cohorts.","Reports | Genitourinary Cancer Final Results From a Phase I Trial and Expansion Cohorts of Cabozantinib and Nivolumab Alone or With Ipilimumab for Advanced/Metastatic Genitourinary Tumors Andrea B. Apolo, MD1 ; Daniel M. Girard",NR,NR,REV-ALCIDES,complete,Auto-assisted extraction from REC-HPVPSCC-000190.pdf pp.1-10 (2026-08-25),no
REC-HPVPSCC-000192,Xu2024,primary_report,original_research,observational / not fully specified,NR,NR,NR,NR,Penile squamous cell carcinoma population (see PDF),yes,NR,NR,"PD-L1,PD-1,CD8,TIL,CTLA-4",tumor,atezolizumab,neoadjuvant,"TIME_composition,HPV_pathway,immunotherapy_response,prognosis",NR,"eins cancer has become increasingly prominent (9). However, some such as PD-1, PD-L1, and CTLA-4 are blocked, the immune system is discouraging reports on individual cases of immunothe","low TMB status (17, 18). The potential association between HPV Currently, there are several promising directions for the future of status and mutational burden",. Lymph node metastasis is a crucial turning point in the prognosis of penile cancer (3). The 5-year tumor-speciﬁc survival,"Advances in molecular basis OPEN ACCESS of response to immunotherapy EDITED BY Rui Miguel Gil Da Costa, Federal University of Maranhão, Brazil",NR,NR,REV-ALCIDES,complete,Auto-assisted extraction from REC-HPVPSCC-000192.pdf pp.1-10 (2026-08-25),no
REC-HPVPSCC-000193,Tang2024,primary_report,original_research,observational / not fully specified,NR,NR,NR,83,patients with penile squamous cell carcinoma.,no,NR,NR,"TLS,NLR",tumor,NR,NA,"TIME_composition,prognosis",NR,Abstract Background We investigated the feasibility of the tertiary lymphoid structure (TLS) as a prognostic marker for penile squamous cell carcinoma(SCC). Methods We retrospectively,NR,"Open Access A model of tertiary lymphatic structure‑related prognosis for penile squamous cell carcinoma Han Tang1,2†, Zhengwei Su1,2†, Qingming Huang1,2†, Yongpeng Li1,2, Rongc",NR,NR,NR,REV-ALCIDES,complete,Auto-assisted extraction from REC-HPVPSCC-000193.pdf pp.1-10 (2026-08-25),no
REC-HPVPSCC-000194,Lloyd2024,primary_report,trial,clinical trial / interventional,NR,NR,NR,125,Penile squamous cell carcinoma population (see PDF),yes,NR,NR,"PD-L1,PD-1,CD8",tumor,nivolumab,advanced,"TIME_composition,HPV_pathway,immunotherapy_response,prognosis",NR,(Programmed Death)-1/PD-L1 (Programmed Death- Future perspective: VGX-3100 & anti-PD1/,"tential setting of experimental use of VGX 3100 in a clinical trial may include men with p16INK4a-positive penile cancer who have undergone complete surgical resection, but are at significant","0% of cases [2] . Positivity to high- in intraepithelial and invasive lesions [9,10] , risk HPV has both prognostic and biological and can serve as a reliable diagnostic histo- implications in penile cancer. In fact","Commentary For reprint orders, please contact reprints@future-science.com Immunotherapy for penile cancer “We speculate that a potential setting of experimental use of VGX 310",NR,NR,REV-ALCIDES,complete,Auto-assisted extraction from REC-HPVPSCC-000194.pdf pp.1-10 (2026-08-25),no
REC-HPVPSCC-000197,Monteiro2025,primary_report,original_research,observational / not fully specified,NR,NR,NR,18,Penile squamous cell carcinoma population (see PDF),yes,p16,NR,PD-L1,tumor,pembrolizumab,neoadjuvant,"TIME_composition,HPV_pathway,immunotherapy_response,prognosis",to identify and describe somatic genomic alterations known to be functional or pathogenic and their,"tients were identified, 22 and 18 patients had tumor samples analyzed by IHC and NGS, respectively. PD-L1 expression (CPS ≥ 1%) was positive in 14 patients (63.6%). Regarding the genomic alterations, 16 pa","ectively. No MSI or TMB high (≥10 mutations/MB) cases were identified. NOTCH1 mutation was identified only in HPV-negative patients and it was associated with worse OS (yes: 5.5 vs no: 12.8 months, P = .049) and progression","tify and describe somatic genomic alterations known to be functional or pathogenic and their association with survival outcomes. Results: Twenty-three patients were identified, 22 and 18 patients had tumor samples analyzed by IH",in mPSCC from developing countries are similar to those from developed coun- tries. Predictive biomarkers for immunotherapy response such as TMB high or MSI were not identified. Specific gene mutations may identify patients with wor,NR,NR,REV-ALCIDES,complete,Auto-assisted extraction from REC-HPVPSCC-000197.pdf pp.1-10 (2026-08-25),no
REC-HPVPSCC-000201,Lohse2024,primary_report,original_research,observational / not fully specified,NR,NR,NR,NR,Penile squamous cell carcinoma population (see PDF),yes,PCR/ISH,NR,NR,NR,NR,advanced,"HPV_pathway,immunotherapy_response,prognosis",NR,NR,ing incidence rates due to increased infections with human papillomaviruses (HPV). The distinct subtypes of PeCa with an individual pathogenesis demand bioma,"OPEN The impact of the tumor microenvironment on the survival of penile cancer patients Stefan Lohse 1,11","ps and modes of ­action2,3. The patients’ TME phenotype predicts immunotherapeutic susceptibility and immune evasion and provides metastasis-associated","its retrospective nature, small sample size, and numerous tests, which affect",NR,REV-ALCIDES,partial,Auto-assisted extraction from REC-HPVPSCC-000201.pdf pp.1-10 (2026-08-25),yes
REC-HPVPSCC-000202,Mannam2024,primary_report,original_research,observational / not fully specified,NR,NR,NR,NR,Penile squamous cell carcinoma population (see PDF),yes,PCR/ISH,NR,other_checkpoint,tumor,NR,NR,"TIME_composition,HPV_pathway,immunotherapy_response,prognosis",NR,NR,"pathogens Review HPV and Penile Cancer: Epidemiology, Risk Factors, and Clinical Insights Gowtam Mannam 1,† , Justin W. Miller 1,†","involve- ment, and the presence of metastases being the primary prognostic factors, knowledge of HPV pathogenesis provides a strong targ","Keywords: human papillomavirus; HPV; penile cancer; penile tumor; PSCC; immunotherapy; tumor immune microenvironment Citation: Mannam, G.; Miller, J",NR,NR,REV-ALCIDES,complete,Auto-assisted extraction from REC-HPVPSCC-000202.pdf pp.1-10 (2026-08-25),no
REC-HPVPSCC-000205,Guimares2024,primary_report,original_research,observational / not fully specified,NR,NR,NR,30,Penile squamous cell carcinoma population (see PDF),yes,PCR/ISH,6,"PD-L1,PD-1,CD8,HLA",tumor,NR,NR,"TIME_composition,HPV_pathway,immunotherapy_response,prognosis",NR,"collected from patients (n=30) and healthy donor volunteers density of intratumoral PD-1 (13). Furthermore, HPV infection (n=19). The tumor tissue from patients was enz","a Silva, Deus, Nogueira, Coelho, Pereira and papillomavirus (HPV) infection. Unlike other urogenital cancers, its Azevedo-Santos. This is an open-access article pathophysio","lymphocyte inﬁltration, Mo-DC maturation, and lymphocyte survival in PSCC, offering critical insights for advancing our und",the tumor microenvironment and guiding the development of immunotherapy strategies. KEYWORDS,NR,NR,REV-ALCIDES,complete,Auto-assisted extraction from REC-HPVPSCC-000205.pdf pp.1-10 (2026-08-25),no
REC-HPVPSCC-000209,Winkelmann2024,primary_report,original_research,observational / not fully specified,NR,NR,NR,NR,Penile squamous cell carcinoma population (see PDF),yes,p16,NR,"CD8,CD68",tumor,NR,NA,"TIME_composition,HPV_pathway,prognosis",to further characterize this immune cell infiltrate with the use of,"analysis was conducted using antibodies against CD20, CD3, CD4, CD8, MUM1, CD68, and CD117. Citation: Winkelmann, R.; Becker, N.; Our cases were clustered according",squamous cell carcinomas with known infection status by human papillomavirus (HPV) and p16 status were assessed. The cases were classified according t,mors in Europe and need further investigations due to their inferior prognosis in late tumor stages. The presence of disparate immune cell infiltrates was,NR,NR,NR,REV-ALCIDES,complete,Auto-assisted extraction from REC-HPVPSCC-000209.pdf pp.1-10 (2026-08-25),no
REC-HPVPSCC-000211,Xiong2024,primary_report,original_research,retrospective cohort/observational,NR,NR,NR,27,Penile squamous cell carcinoma population (see PDF),no,PCR/ISH,NR,"PD-L1,PD-1,CD8,FOXP3,CD68,CD163",tumor,NR,neoadjuvant,"TIME_composition,immunotherapy_response,prognosis",to evaluate the efﬁcacy and safety of PD-1 blockade combined with cisplatin and paclitaxel,"C, treatment options are limited, and the Given the high expression of PD-L1 and the abundance of tu- prognosis is exceedingly poor, with a 2-year overall survival (OS)",NR,se events (TrAEs) and postsurgical complications were graded according to CTCAE version 5.0. Progression-free survival (PFS) and overall survival (OS) were estimated using the Kaplan-Meier method. Multiplex immunoﬂuorescen,"r treatment. Results: After a median treatment duration of 4 cycles (range, 2–6), the overall objective response rate was 78.1% (25/32). Among 27 patients with locally advanced PSCC, 13 (48.1%) subsequently underwent cons",NR,NR,REV-ALCIDES,complete,Auto-assisted extraction from REC-HPVPSCC-000211.pdf pp.1-10 (2026-08-25),no
REC-HPVPSCC-000214,Stenzel2025,primary_report,original_research,observational / not fully specified,NR,NR,NR,93,Penile squamous cell carcinoma population (see PDF),yes,PCR/ISH,NR,"PD-L1,CD8,FOXP3,Treg,TLS",both,NR,advanced,"TIME_composition,HPV_pathway,immunotherapy_response,prognosis",NR,"tissue microarray and immunohistochemical staining for CD3, CD4, CD8, CD20, CD56, CD138, FoxP3, and PD-L1. The quantity and spatial distribution of tumor-infiltrating immune cells were analyzed using digit","as basaloid SCC, are predominant in men with HPV infec- Penile cancer (PeCa) is a rare disease with 26,000 cases per tions. During the clinical","699 https://doi.org/10.1007/s00428-024-04013-1 ORIGINAL ARTICLE Tumor‑infiltrating plasma cells are a prognostic factor in penile squamous cell carcinoma P. J. Stenzel1,2 · A. Thomas3 · M. Schindeldecker1 · S. Macher‑Go","in PeCa. Contemporarily, plasma cells have been discussed in the light of contributing to responses to modern immunotherapies. The results of this study support this notion. Keywords Tumor microenvironment · Tumor-infiltrating plas",NR,NR,REV-ALCIDES,complete,Auto-assisted extraction from REC-HPVPSCC-000214.pdf pp.1-10 (2026-08-25),no
REC-HPVPSCC-000215,Zhuang2025,primary_report,original_research,retrospective cohort/observational,NR,NR,NR,11,Penile squamous cell carcinoma population (see PDF),yes,p16,NR,"PD-L1,NLR",tumor,"pembrolizumab,nivolumab",advanced,"TIME_composition,HPV_pathway,immunotherapy_response,prognosis",NR,papillomavirus (HPV)/p16þ status was determined by immunohistochemistry. Programmed death-ligand 1 (PD-L1) positivity was defined as .1%. Immune-related adverse events (irAEs) were graded per Common Termin,d optimal cutoffs of baseline biomarkers obtained before ICI initiation were described. Human papillomavirus (HPV)/p16þ status was determined by immunohistochemistry. Programmed death-ligand 1 (PD-L1) positivity was defined,"Introduction: Advanced penile squamous cell carcinoma (pSCC) is a rare and aggressive malignancy with a poor prognosis and an unmet need for biomarkers. We performed a retrospective evaluation of real-world efficacy, safety ou",% were Black. Median age at ICI initiation was 56 years (38–76 years). Most patients had Eastern Journal of Immunotherapy and Precision Oncology 2025 | Volume 8 | Issue 1 | 1 j,NR,NR,REV-ALCIDES,complete,Auto-assisted extraction from REC-HPVPSCC-000215.pdf pp.1-10 (2026-08-25),no
REC-HPVPSCC-000216,Benjamin2024,primary_report,original_research,observational / not fully specified,NR,NR,NR,30,Penile squamous cell carcinoma population (see PDF),no,NR,NR,PD-L1,tumor,NR,advanced,"TIME_composition,immunotherapy_response,prognosis",NR,"hemotherapy, or may warrant (11). A separate study of 72 cases of penile cancer found PD-L1 neoadjuvant chemotherapy such as TIP (paclitaxel, ifosfamide and expression in 79% of c",NR,"I, Commission on Cancer staging system (8 th edition, 2017) 5.4 to 50+) while the overall survival was 17.1 months (95% CI, 10.3 incorporating tumor (T), regional lymph nodes (N) and distant to","Pine, University of Colorado Anschutz Medical therapies and immunotherapy Campus, United States REVIEWED BY David J. Benjamin 1* and",NR,NR,REV-ALCIDES,complete,Auto-assisted extraction from REC-HPVPSCC-000216.pdf pp.1-10 (2026-08-25),no
REC-HPVPSCC-000217,Chaux2025,primary_report,original_research,observational / not fully specified,NR,NR,NR,NR,Penile squamous cell carcinoma population (see PDF),yes,p16+PCR/ISH,NR,"PD-L1,TIL,NLR",tumor,NR,NR,"TIME_composition,HPV_pathway,immunotherapy_response,prognosis",NR,"s for diagnosis, prognosis and potential therapeutic strategies.  The expression of P16, p53, and PD-L1 immunohistochemical markers and the assessment of tumor- infiltrating lymphocytes, offers insigh","ubstantial geographic variation in incidence and mortality rates.  The integration of human papillomavirus (HPV) status into tumor classification has important impli- cations for diagnosis, prognosis and potential ther","of human papillomavirus (HPV) status into tumor classification has important impli- cations for diagnosis, prognosis and potential therapeutic strategies.  The expression of P16, p53, and PD-L1 immunohistochemical markers","Penile neoplasms  Human papillomavirus  Immunohistochemistry  Molecular pathology  Surgical management  Immunotherapy  Targeted therapy  Multidisciplinary approach Key points  Penile neoplasms, while rare in developed c",NR,NR,REV-ALCIDES,complete,Auto-assisted extraction from REC-HPVPSCC-000217.pdf pp.1-10 (2026-08-25),no
REC-HPVPSCC-000222,Miyagi2025,primary_report,original_research,observational / not fully specified,NR,NR,NR,NR,Penile squamous cell carcinoma population (see PDF),yes,p16+PCR/ISH,NR,"CD8,TIL,Treg,TAM,other_checkpoint",tumor,NR,NA,"TIME_composition,HPV_pathway",NR,"exhausted immune phenotype, characterized by terminally exhausted CD8+ T cells, M2-like macrophages and hypoxic signature, while localiz",interplay between PSCC and the immune system across disease progression and HPV infection status remains poorly characterized. This study aims to assess the,NR,NR,NR,NR,REV-ALCIDES,complete,Auto-assisted extraction from REC-HPVPSCC-000222.pdf pp.1-10 (2026-08-25),no
REC-HPVPSCC-000223,Schieber2025,primary_report,original_research,retrospective cohort/observational,NR,NR,NR,10,Penile squamous cell carcinoma population (see PDF),yes,p16,NR,PD-L1,tumor,"pembrolizumab,nivolumab,cemiplimab",advanced,"TIME_composition,HPV_pathway,immunotherapy_response,prognosis",NR,"ression-free survival (PFS) was 2.82 months, and the median overall survival (OS) was 4.32 months. PD-L1 and HPV-positive patients had a 67% response rate (n = 2/3). No patients experienced severe immune","ression-free survival (PFS) was 2.82 months, and the median overall survival (OS) was 4.32 months. PD-L1 and HPV-positive patients had a 67% response rate (n = 2/3). No patients experienced severe immune-related adverse e","nths and 8 months respectively in all patients with response or disease control. The median progression-free survival (PFS) was 2.82 months, and the median overall survival (OS) was 4.32 months. PD-L1 and HPV-positive patients","criteria. The median age was 75 years, and 50% had an ECOG performance status of 2 or higher. The objective response rate (ORR) was 30%, and the disease control rate (DCR) was 40%. The duration of response and disease control was",NR,NR,REV-ALCIDES,complete,Auto-assisted extraction from REC-HPVPSCC-000223.pdf pp.1-10 (2026-08-25),no
REC-HPVPSCC-000224,Taghizadeh2025,review,systematic_review,systematic review,NR,NR,NR,NR,Literature on penile SCC / TIME / immunotherapy (review),yes,p16,NR,"PD-L1,PD-1",tumor,NR,neoadjuvant,"TIME_composition,HPV_pathway,immunotherapy_response,prognosis",Penile squamous cell carcinoma (PSCC) is a rare and,"rates, particularly in patients with specific biomarkers such as PD-L1 expression and HPV positivity. Combining ICIs with chemot","rates, particularly in patients with specific biomarkers such as PD-L1 expression and HPV positivity. Combining ICIs with chemotherapy or radiotherapy may fu","immune response against cancer cells. These therapies show promise in improving survival rates, particularly in patients with specific biomarkers such as PD","Systematic Review Immunotherapy in the Management of Penile Cancer—A Systematic Review Hossein Taghizadeh 1,2,3 and Harun Fa",NR,NR,REV-ALCIDES,complete,Auto-assisted extraction from REC-HPVPSCC-000224.pdf pp.1-10 (2026-08-25),no
REC-HPVPSCC-000225,Czajkowski2025,review,narrative_review,narrative review,NR,NR,NR,NR,Literature on penile SCC / TIME / immunotherapy (review),yes,NR,NR,"TIL,TAM,NLR",tumor,NR,NA,"TIME_composition,HPV_pathway,prognosis",NR,"ated macrophages, cancer-associated fibroblasts, and tumor-infiltrating lymphocytes. The components of the TIME produce pro- in",ncer (PeCa). Two molecular pathways of PeCa are currently described: HPV-dependent and HPV-independent. The tumor immune microenvironment (TIME) of,"PeCa tissues and are associated with tumor progression and unfavorable prognoses. Addi- tionally, the nuclear factor kappa B (NF-κB) pathway and se",NR,NR,NR,REV-ALCIDES,complete,Auto-assisted extraction from REC-HPVPSCC-000225.pdf pp.1-10 (2026-08-25),no
REC-HPVPSCC-000226,Zhu2025,review,narrative_review,narrative review,NR,NR,NR,NR,Literature on penile SCC / TIME / immunotherapy (review),no,NR,NR,"PD-L1,PD-1",tumor,sintilimab,advanced,"TIME_composition,immunotherapy_response,prognosis",NR,"exhibiting microsatellite instability (MSI-H)/mismatch repair deficiency (dMMR) or high PD-L1 expression.4,5 However,",NR,Abstract: Penile cancer is a rare malignant tumor with a poor prognosis in advanced stages. Immune checkpoint inhibitors (ICIs) have,Treatment by Immunotherapy Yanyan Zhu 1,NR,NR,REV-ALCIDES,complete,Auto-assisted extraction from REC-HPVPSCC-000226.pdf pp.1-10 (2026-08-25),no
REC-HPVPSCC-000228,An2025,primary_report,original_research,observational / not fully specified,NR,NR,NR,12,Penile squamous cell carcinoma population (see PDF),no,PCR/ISH,NR,"PD-L1,PD-1,CD8",tumor,toripalimab,neoadjuvant,"TIME_composition,immunotherapy_response,prognosis",NR,"carcinoma in a phase II trial. PD-L1 expression, TP53 mutation",NR,"y regimen for locally advanced penile squamous cell carcinoma (La-PSCC) has shown moderate response rates and survival benefits. This single-arm, phase II trial (NCT04475016) evaluated a neoadjuvant regimen of four cycles of tor","s toripalimab, nimotuzumab, and taxol- based chemotherapy d The TNT regimen increases the pCR rate and ORR in La- PSCC patients d The TNT regimen improves PFS and OS in La-PSCC patients d PD-L1, TP53, and C",NR,NR,REV-ALCIDES,complete,Auto-assisted extraction from REC-HPVPSCC-000228.pdf pp.1-10 (2026-08-25),no
REC-HPVPSCC-000230,Mumba2025,primary_report,original_research,prospective observational,NR,NR,NR,NR,Penile squamous cell carcinoma population (see PDF),yes,PCR/ISH,NR,CD8,both,NR,NA,"TIME_composition,HPV_pathway,prognosis",NR,"eosin (H&E) staining and immunohistochemistry staining for CD3+ and CD8+ cells on formalin-ﬁxed parafﬁn-embedded tissue, an","by multiple factors including smoking, HIV use, distribution or reproduction in other infection, and/or HPV infection. forums is permitted, provided the original author(s) and the copyright owner(s) are credited and t","2025 Mumba, Mapulanga, Mwale and understanding of the tumor, which may inform on predictive and prognostic Ngalamika. This is an open-access article targets. In this study, we investigated immune cell inﬁltr","al penectomy, processed in the pathology laboratory at UTH, microenvironment may offer insights into possible immunotherapeutic stained with hematoxylin and eosin (H&E), and then histologically options for PSCC patients (",NR,NR,REV-ALCIDES,complete,Auto-assisted extraction from REC-HPVPSCC-000230.pdf pp.1-10 (2026-08-25),no
REC-HPVPSCC-000233,Carneiro2025,primary_report,original_research,observational / not fully specified,NR,NR,NR,30,Penile squamous cell carcinoma population (see PDF),yes,p16+PCR/ISH,NR,"PD-L1,PD-1,CD8,FOXP3,Treg",tumor,NR,NA,"TIME_composition,HPV_pathway",NR,Research Paper PD-L1 and FOXP3 expression in high-grade,", Brazil Correspondence to: Humberto Carvalho Carneiro, email: humberto.carneiro@rededor.com.br Keywords: HPV; high-grade intraepithelial lesion; immune evasion; PD-L1; FOXP3 Received: August 26, 2024 Accep",NR,NR,NR,NR,REV-ALCIDES,complete,Auto-assisted extraction from REC-HPVPSCC-000233.pdf pp.1-10 (2026-08-25),no
REC-HPVPSCC-000234,Zafar2025,primary_report,original_research,observational / not fully specified,NR,NR,NR,NR,Penile squamous cell carcinoma population (see PDF),yes,NR,NR,"PD-L1,PD-1",tumor,"pembrolizumab,nivolumab,cemiplimab",advanced,"TIME_composition,HPV_pathway,immunotherapy_response",NR,"including the modulation of immune checkpoints such as PD-L1/PD-1. HPV oncoproteins E5, E6, and E7 play crucial role",Review Advances and Challenges in the Treatment of HPV-Associated Lower Genital Tract Cancers by Immune Checkpoint Blockers: Insights from Basic and Clinical Scienc,NR,"need for better awareness, prevention, and treatment strategies. The use of immunotherapy in treating HPV-related lower genital cancers provides a hopeful",NR,NR,REV-ALCIDES,complete,Auto-assisted extraction from REC-HPVPSCC-000234.pdf pp.1-10 (2026-08-25),no
REC-HPVPSCC-000235,Tan2025,primary_report,original_research,observational / not fully specified,NR,NR,NR,582,Penile squamous cell carcinoma population (see PDF),no,NR,NR,"PD-L1,PD-1,CD8,NLR",tumor,NR,advanced,"TIME_composition,immunotherapy_response,prognosis",NR,(PFS) and poorer cisplatin-based chemotherapy and PD-1 immunotherapy response. We also found that the NLR,NR,"Neutrophil-to-lymphocyte ratio OPEN ACCESS predicts a poor prognosis for EDITED BY Qi Wang, Jiangsu University, China penile ca",vival (PFS) and poorer cisplatin-based chemotherapy and PD-1 immunotherapy response. We also found that the NLR is associated with pro,NR,NR,REV-ALCIDES,complete,Auto-assisted extraction from REC-HPVPSCC-000235.pdf pp.1-10 (2026-08-25),no
REC-HPVPSCC-000237,Tekin2025,primary_report,original_research,observational / not fully specified,NR,NR,NR,107,Penile squamous cell carcinoma population (see PDF),no,NR,NR,"PD-L1,PD-1,CD8,TIL",tumor,NR,NA,TIME_composition,We aimed to assess the expression of biomarkers of response to antibody- mous cell carcinoma; TROP2; tumor-,"(NKG7, PD-L1, and B7-H3) in",NR,"With regard to better understanding the immune microenvi- prognosis.1 Treatment options are limited, and there is a compel-",NR,NR,NR,REV-ALCIDES,complete,Auto-assisted extraction from REC-HPVPSCC-000237.pdf pp.1-10 (2026-08-25),no
REC-HPVPSCC-000239,Song2025,primary_report,original_research,observational / not fully specified,NR,NR,NR,NR,Penile squamous cell carcinoma population (see PDF),yes,NR,NR,"PD-L1,PD-1",tumor,NR,advanced,"TIME_composition,HPV_pathway,immunotherapy_response,prognosis",NR,"rgical consolidation.[5,7] Human papillo- HPV-positive Tum_1 signatures derived greater beneﬁt from PD-1 blockade mavirus (HPV) infection is a major eti- therapy. In summary, t","pendent of the vival, often have profound physical and psy- human papillomavirus (HPV) infection status. Notably, a spatial subtype, chosexual consequences, including a",that signiﬁcantly impacts both survival and sequencing (snRNA-seq) and high-resolution spatial transcriptomics are quali,"negative subtypes, each contributing ap- laminin-integrin interaction and immunotherapy, especially in HPV-positive proximately equally to the overall burden. patients.",NR,NR,REV-ALCIDES,complete,Auto-assisted extraction from REC-HPVPSCC-000239.pdf pp.1-10 (2026-08-25),no
REC-HPVPSCC-000241,Borcoman2025,primary_report,trial,clinical trial / interventional,NR,NR,NR,107,Penile squamous cell carcinoma population (see PDF),no,NR,NR,"PD-L1,PD-1",tumor,"pembrolizumab,nivolumab",advanced,"TIME_composition,immunotherapy_response,prognosis",NR,"(TMB) was recently approved by the clinical routine, expression of programmed cell death-ligand 1 (PD-L1) Food and Drug Administration as a pantumor biomarker for pembroli- is used",NR,"aluation in terms of centrally confirmed ORR, progression-free survival, overall survival and duration of response. In the efficacy po",https://doi.org/10.1038/s43018-025-01004-2 Efficacy of pembrolizumab and vorinostat combination in patients with recurrent and/ or metastatic squamous cell carcinomas: a phase 2,NR,NR,REV-ALCIDES,complete,Auto-assisted extraction from REC-HPVPSCC-000241.pdf pp.1-10 (2026-08-25),no
REC-HPVPSCC-000242,Kaushik2025,primary_report,original_research,retrospective cohort/observational,NR,NR,NR,15,Penile squamous cell carcinoma population (see PDF),yes,p16,NR,NR,NR,NR,NR,"HPV_pathway,immunotherapy_response,prognosis",NR,NR,"assification of penile squamous cell carcinoma according to WHO classification 2022 for penile carcinoma with p16 immunohistochemical expression and its prognostic impact Vaanya Kaushik1, Kanthilatha Pai1*, Anuradha Rao1 an","oma according to WHO classification 2022 for penile carcinoma with p16 immunohistochemical expression and its prognostic impact Vaanya Kaushik1, Kanthilatha Pai1*, Anuradha Rao1 and Swati Sharma1 Abstract Introduction Squ","mours, there is recent evidence to suggest that HPV-associated SCC may respond better to radiation therapy, immunotherapy, etc. Aim and objectives This study aims to = analyse the clinicopathological features of penile squamous",NR,NR,REV-ALCIDES,partial,Auto-assisted extraction from REC-HPVPSCC-000242.pdf pp.1-10 (2026-08-25),yes
REC-HPVPSCC-000245,Pan2025,case_report,case_report,case report,NR,NR,NR,NR,Penile squamous cell carcinoma population (see PDF),yes,p16,NR,"PD-L1,PD-1",tumor,tislelizumab,advanced,"TIME_composition,HPV_pathway,immunotherapy_response,prognosis",NR,"diagnosis of HPV-16-related PSCC with concomitant original author(s) and the copyright owner(s) PD-L1 expression. Given the patient’s poor tolerance to chemotherapy, he was are credited and that the or","Immune checkpoint inhibitor OPEN ACCESS therapy for advanced HPV- EDITED BY Sanja Stifter-Vretenar, Skejby Sygehus, Denmark r","History of past illness Early diagnosis and prompt treatment are crucial for a favorable prognosis. The prognosis for individuals diagnosed with advanced The patient, who comes from a low-so","e checkpoint inhibitor therapy for advanced HPV-related penile squamous cell cornerstone of treatment, immunotherapeutic approaches hold a promising carcinoma: a rare case report. alternative for patients un",NR,NR,REV-ALCIDES,complete,Auto-assisted extraction from REC-HPVPSCC-000245.pdf pp.1-10 (2026-08-25),no
REC-HPVPSCC-000250,Ulvskog2025,primary_report,original_research,retrospective cohort/observational,NR,NR,NR,NR,"patients with penile cancer, Accepted July 19, 2025 there is a need for prognostic and treatment predictive biomarkers.",yes,NR,NR,"PD-L1,PD-1,TIGIT",tumor,NR,NA,"TIME_composition,HPV_pathway,prognosis","To improve treatment for patients with penile cancer,","irect.com journal homepage: www.eu-openscience.europeanurology.com Penile Cancer Expression of PD-L1, TIGIT, and CD155, and Human Papillomavirus Status in Patients with Advanced Penile Cancer Emma Ul",of differentiation 155 [CD155]) and human papillomavirus (HPV) status in primary tumors of penile can- cer patients with,"tment for patients with penile cancer, Accepted July 19, 2025 there is a need for prognostic and treatment predictive biomarkers. The objective of t","ll as from the invasive tumor CD155 have been suggested as promising new targets for front. cancer immunotherapy [14,15]. Interaction between TIGIT TMA tissue sections underwent deparaffinization and and CD15","PD-L1, TIGIT, and CD155 were expressed widely",NR,REV-ALCIDES,complete,Auto-assisted extraction from REC-HPVPSCC-000250.pdf pp.1-10 (2026-08-25),no
REC-HPVPSCC-000252,Canete-Portillo2026,primary_report,original_research,observational / not fully specified,NR,NR,NR,108,Penile squamous cell carcinoma population (see PDF),yes,NR,NR,"PD-L1,CD8,FOXP3,Treg",tumor,NR,NR,"TIME_composition,HPV_pathway,immunotherapy_response,prognosis",NR,"1-7 Interplay of PD-L1, FOXP3, and CD8 in","or and stromal com- partments, and correlated with clinicopathological features including histological grade, HPV-associated morphology, and host inﬂammatory response. Results: PD-L1 in tumor cells positively correlated wit",sections by 3 expert genitourinary pathologists. Histologic tion generally correlate with better prognoses.6 subtyping was performed on whole tissue s,"These ﬁndings highlight distinct immune proﬁles within penile SCC, offering insights for developing tailored immunotherapeutic strategies. Keywords penile cancer, PD-L1, FOXP3, CD8, tumor microenvironment, immunotherapy Introduc",NR,NR,REV-ALCIDES,complete,Auto-assisted extraction from REC-HPVPSCC-000252.pdf pp.1-10 (2026-08-25),no
REC-HPVPSCC-000254,Zhu2025,review,meta_analysis,meta analysis,NR,NR,NR,NR,Penile squamous cell carcinoma population (see PDF),yes,p16+PCR/ISH,NR,"CD8,TIGIT",tumor,NR,advanced,"TIME_composition,HPV_pathway,immunotherapy_response,prognosis",NR,"eduction in the proliferative macrophages sub- population compared to HPV-negative tumors. Notably, CD8+ T cells in HPV-positive PSCC expressed lower levels of immune check- point molecules, suggesting a","Research Article Single-cell transcriptomic profiling reveals distinct tumor microenvironments in HPV-associated penile squamous cell carcinoma Lianbang Zhu ,1,2 Deyun Shen,1 Jiahao Zhou,3 Chen Cheng,1 Zhi","C) is a rare yet potentially lethal malignancy, often resulting in devastating disfig- urement, with a 5-year survival rate of only ∼50%. Human papillomavirus (HPV) infection is implicated in approximately half of PSCC cases and","University of Science and Technology of China, Hefei 230031, China 2 Key Laboratory of Immune Response and Immunotherapy, School of Basic Medical Sciences, Division of Life Sciences and Medicine, University of Science and Technol",NR,NR,REV-ALCIDES,complete,Auto-assisted extraction from REC-HPVPSCC-000254.pdf pp.1-10 (2026-08-25),no
REC-HPVPSCC-000255,Canete-Portillo2026,primary_report,original_research,retrospective cohort/observational,NR,NR,NR,35,Penile squamous cell carcinoma population (see PDF),yes,NR,NR,"PD-L1,CD8,FOXP3,Treg",both,NR,NA,"TIME_composition,HPV_pathway",NR,sections using the 5th edition (2022) WHO criteria for ligand 1 (PD-L1) and its correlations with immune inﬁl-,"or subtype were not observed. These ﬁndings underscore the need for larger, prospective studies incorporating HPV status and clinical outcomes to elucidate the role of these immune ratios. Keywords penile squamous cell car",NR,NR,NR,NR,REV-ALCIDES,complete,Auto-assisted extraction from REC-HPVPSCC-000255.pdf pp.1-10 (2026-08-25),no
REC-HPVPSCC-000256,CotaitMaluf2025,primary_report,trial,clinical trial / interventional,NR,NR,NR,37,Penile squamous cell carcinoma population (see PDF),no,NR,NR,"PD-L1,PD-1",tumor,pembrolizumab,advanced,"TIME_composition,immunotherapy_response,prognosis",NR,"h ligand 1 eighth edition) or recurrent disease, neither amenable to cu- (PD-L1) pathway, such as pembrolizumab, with chemotherapy rative-intent therapy. Patients were",NR,"IMPORTANCE Advanced penile squamous cell carcinoma (PSCC) is associated with poor survival, and no new treatment strategies have changed clinical outcomes in past decades. This hi",Research JAMA Oncology | Original Investigation Pembrolizumab Plus Platinum-Based Chemotherapy for Patients With Advanced Penile Cancer,NR,NR,REV-ALCIDES,complete,Auto-assisted extraction from REC-HPVPSCC-000256.pdf pp.1-10 (2026-08-25),no
REC-HPVPSCC-000258,Jaime-Casas2025,primary_report,original_research,observational / not fully specified,NR,NR,NR,NR,Penile squamous cell carcinoma population (see PDF),yes,NR,NR,PD-L1,tumor,toripalimab,advanced,"TIME_composition,HPV_pathway,immunotherapy_response,prognosis",NR,"ged as a promis- Licensee MDPI, Basel, Switzerland. ing area, given the high expression of PD-L1 in PSCC and the significant proportion of This article is an open access article","In parallel, advances in tumor microenvironment characterization, HPV-associated signatures, and molecular profiling are generating ins","Evolving advanced and metastatic disease remain poor, with 5-year survival rates of 51% and 9%, Treatment Landscape of Systemic respectively. Early diagnosis is crucial, ye","al benefits and Copyright: © 2025 by the authors. can expose the patient to unnecessary toxicities. Immunotherapy has emerged as a promis- Licensee MDPI, Basel, Switzerland. ing area, given the high expression of",NR,NR,REV-ALCIDES,complete,Auto-assisted extraction from REC-HPVPSCC-000258.pdf pp.1-10 (2026-08-25),no
REC-HPVPSCC-000261,Xue2025,primary_report,original_research,observational / not fully specified,NR,NR,NR,NR,Penile squamous cell carcinoma population (see PDF),no,NR,NR,"Treg,HLA,TLS,other_checkpoint",tumor,NR,advanced,"TIME_composition,immunotherapy_response,prognosis",NR,as a regulator of tumor-inﬁltrating regulatory T cells (Tregs) by modulating their accumul,NR,"1. Introduction Penile squamous cell carcinoma (PSCC) is a malignancy characterized by a poor prognosis and lack of reliable biomarkers, presenting considerable Penile squamous cell car",ing the therapeutic eﬃcacy of immunother- mechanisms that drive PSCC progression and response to immunotherapy. apy and addressing the underlying chal-,NR,NR,REV-ALCIDES,complete,Auto-assisted extraction from REC-HPVPSCC-000261.pdf pp.1-10 (2026-08-25),no
REC-HPVPSCC-000266,Zavillov2025,primary_report,original_research,observational / not fully specified,NR,NR,NR,NR,Penile squamous cell carcinoma population (see PDF),no,NR,NR,"PD-L1,TIL,CTLA-4,TLS",tumor,NR,advanced,"TIME_composition,immunotherapy_response,prognosis",NR,-IS); penile squamous cell carcinoma (pSCC); prognosis; CD20; CD138; tumor-inﬁltrating lymphocytes (TILs) Received 20 July 2025; Revised 30 September 2025; Accepted 22 October 2025 No conﬂicts of intere,NR,"(wileyonlinelibrary.com). DOI: 10.1002/2056-4538.70059 B lymphocytes and tertiary lymphoid structures have a prognostic impact on penile squamous cell carcinoma Nicolette Zavillova1, Petr Waldauf2 , Michaela Kendall Bartů3","and may enhance the efﬁcacy modal approaches, including systemic oncological of immunotherapies [6–8]. therapy [3]. Regional lymph node metastasis is a key The role of TLSs",NR,NR,REV-ALCIDES,complete,Auto-assisted extraction from REC-HPVPSCC-000266.pdf pp.1-10 (2026-08-25),no
REC-HPVPSCC-000271,Tao2025,primary_report,original_research,observational / not fully specified,NR,NR,NR,85,Penile squamous cell carcinoma population (see PDF),yes,p16,NR,"CD8,TIL,FOXP3,TLS",tumor,NR,advanced,"TIME_composition,HPV_pathway,immunotherapy_response,prognosis",NR,"tions, and differences of the TME in HPV+ versus HPV- PSCC. We aim to including CD4 and CD8 for TIL-Ts, CD20 for TIL-Bs, CD86 for antigen- identify key immune cell populations and their roles",antitumor immunity and improves outcome in HPV-associated penile squamous cell carcinoma,Elevated IgA and PIGR expression correlate with improved survival. These ﬁndings provid,"Medicine, University of Science and Technology of China, Hefei, China. 2Key Laboratory of Immune Response and Immunotherapy, Center for Advanced Interdisciplinary Science and Biomedicine of IHM, S",NR,NR,REV-ALCIDES,complete,Auto-assisted extraction from REC-HPVPSCC-000271.pdf pp.1-10 (2026-08-25),no
REC-HPVPSCC-000276,Czajkowski2025,primary_report,original_research,retrospective cohort/observational,NR,NR,NR,94,patients with penile squamous cell carcinoma.,no,NR,NR,IL-12,tumor,NR,NA,"TIME_composition,prognosis",NR,Article IL-12 as a Potential Prognostic Marker in Penile Cancer: Implications for Immune Dysregulation Mateusz Cz,NR,"Article IL-12 as a Potential Prognostic Marker in Penile Cancer: Implications for Immune Dysregulation Mateusz Czajkowski 1, * , Michał Kunc 2 , J",NR,NR,NR,REV-ALCIDES,complete,Auto-assisted extraction from REC-HPVPSCC-000276.pdf pp.1-10 (2026-08-25),no
REC-HPVPSCC-000279,Garaz2026,review,systematic_review,systematic review,NR,NR,NR,NR,Literature on penile SCC / TIME / immunotherapy (review),no,NR,NR,other_checkpoint,tumor,NR,advanced,"TIME_composition,immunotherapy_response,prognosis",Treatment options for metastatic or recurrent penile squa-,NR,NR,"xists. We systematically reviewed the efficacy, safety, and survival outcomes of second- and later-line systemic Associate Editor: Malte Rieken treatments in t","udies enrolled adult males receiving systemic Penile squamous cell carcinoma chemotherapy, immunotherapy, or targeted therapy after progression on first-line treat- Immunotherapy",Seventeen studies (seven nonrandomized trials and ten,NR,REV-ALCIDES,complete,Auto-assisted extraction from REC-HPVPSCC-000279.pdf pp.1-10 (2026-08-25),no
REC-HPVPSCC-000281,Fazili2026,primary_report,original_research,observational / not fully specified,NR,NR,NR,57,patients with penile cancer relies on insight of underlying tumor biology and tumor–immune system interactions.,yes,NR,NR,"PD-L1,PD-1,CD8,FOXP3,TAM,CD68,CD163",tumor,NR,NA,"TIME_composition,HPV_pathway,prognosis",Penile squamous cell carcinoma (PSCC) is a rare malignancy,es to programmed cell death protein 1 (PD-1) and programmed death-ligand 1 (PD-L1) im- mune checkpoint inhibitors remain limited among patient populations [1,2 of 14 (HPV) status. Results: Higher intratumoral and stromal densities of pro-immunogenic M1 mac,"iplex Immunofluorescence Reveals an Important Role of Clustering Patterns of Immunosuppressive Macrophages in Survival Outcomes of Penile Squamous Cell Carcinoma Adnan Fazili 1 , Keerthi Gullapalli 1 , Gabriel Roman Souza 1 , Fi","3 of 14 can improve patient stratification by prognosis, reveal new immunotherapy targets, and help predict responses to currently approved immune-based treatments. M",NR,NR,REV-ALCIDES,complete,Auto-assisted extraction from REC-HPVPSCC-000281.pdf pp.1-10 (2026-08-25),no
REC-HPVPSCC-000282,Hu2026,primary_report,original_research,observational / not fully specified,NR,NR,NR,NR,Penile squamous cell carcinoma population (see PDF),no,NR,NR,"CD8,TAM,LAG-3",tumor,NR,NA,"TIME_composition,prognosis",NR,"Chigh Mals (Figure 2d). Next, we assessed the EMT activity, exhausted CD4+ T cells, effector CD8+ T cells, exhausted CD8+ PI3K pathway activity, and p53 pathway activity scores for each T",NR,"(PSCC) is a rare genitourinary malignancy, and factors of its tumor microenvironment (TME) could serve as prognostic indicators for tumor recurrence and metastasis. Here, we generated a comprehensive single-cell map of",NR,NR,NR,REV-ALCIDES,complete,Auto-assisted extraction from REC-HPVPSCC-000282.pdf pp.1-10 (2026-08-25),no
REC-HPVPSCC-000283,Glombik2026,primary_report,original_research,observational / not fully specified,NR,NR,NR,202,Penile squamous cell carcinoma population (see PDF),yes,NR,NR,"PD-L1,PD-1,CTLA-4,LAG-3,TIM-3,IDO1",tumor,NR,NA,"TIME_composition,HPV_pathway,prognosis",to explore the value of a panel of 14 sICs for,"nol. 17:1754254. doi: 10.3389/fimmu.2026.1754254 PD-L1, PD-L2, TIM-3, CD80, CTLA-4, GITR, CD27, CD28, and CD137 were","ctors include human papillomavirus To our knowledge, this is the ﬁrst study to systematically (HPV) infection (4, 5). investigate a broader panel of sICs",oru.se node metastases (LNM) represent the most signiﬁcant prognostic factor. Accurate identiﬁcation of LNM remains a clinica,NR,NR,NR,REV-ALCIDES,complete,Auto-assisted extraction from REC-HPVPSCC-000283.pdf pp.1-10 (2026-08-25),no
REC-HPVPSCC-000284,Fiegl2026,review,narrative_review,narrative review,NR,NR,NR,NR,Literature on penile SCC / TIME / immunotherapy (review),yes,p16,NR,"PD-L1,CD8,FOXP3,Treg,TIGIT",tumor,pembrolizumab,advanced,"TIME_composition,HPV_pathway,immunotherapy_response,prognosis",NR,"ular invasion guide therapeutic decision-making, while emerging predic- tive biomarkers—HPV status, PD-L1 expression, and tumor mutational burden—show potential to personalize systemic treatment. Advan- ce","e malignancy with substantial geographic and etiological heterogeneity. Histologically, it is stratified into HPV-associated and HPV-independent subtypes, each with distinct clinical behaviors and molecular features. Progno","to HPV-associated and HPV-independent subtypes, each with distinct clinical behaviors and molecular features. Prognostic markers such as histologic tumor stage, grade, nodal involvement, and lymphovascular invasion guide therap",improve survival of patients with PC. This led to the tumor-agnostic approval of pembrolizumab for solid tumors with high TMB (TMB,NR,NR,REV-ALCIDES,complete,Auto-assisted extraction from REC-HPVPSCC-000284.pdf pp.1-10 (2026-08-25),no
REC-HPVPSCC-000286,Zhang2026,primary_report,original_research,observational / not fully specified,NR,NR,NR,NR,Penile squamous cell carcinoma population (see PDF),no,NR,NR,"PD-L1,PD-1,CD8,TIL",tumor,NR,advanced,"TIME_composition,immunotherapy_response,prognosis",NR,S S E frequent PD-L1 positivity. These findings provide a strong biological rationale,NR,https://doi.org/10.1038/s41598-026-42801-8 Article in Press CD47 as a prognostic biomarker and potential immunotherapy target in penile squamous cell carcinoma Received: 7 December 2025,https://doi.org/10.1038/s41598-026-42801-8 Article in Press CD47 as a prognostic biomarker and potential immunotherapy target in penile squamous cell carcinoma Received: 7 December 2025 Junying Zhang,NR,NR,REV-ALCIDES,complete,Auto-assisted extraction from REC-HPVPSCC-000286.pdf pp.1-10 (2026-08-25),no
REC-HPVPSCC-000290,Li2026,primary_report,original_research,observational / not fully specified,NR,NR,NR,11,Penile squamous cell carcinoma population (see PDF),no,NR,NR,"CD8,TLS",tumor,NR,advanced,"TIME_composition,immunotherapy_response,prognosis",NR,"with favourable survival outcomes in PSCC patients sion of ­CD4+ T follicular helper cells and ­CD8+ cytotoxic T lymphocytes, generating potent cytolytic responses [13]. We integrated spatial tr",NR,"© The Author(s) 2026 Abstract Penile squamous cell carcinoma (PSCC) is an aggressive malignancy with a poor prognosis and limited therapeutic options. Tertiary lymphoid structures (TLSs) can support antitumour immunity, yet T","Cancer Immunology, Immunotherapy (2026) 75:109 https://doi.org/10.1007/s00262-026-04348-5 RESEARCH Association of ­CCL21+ CAFs",NR,NR,REV-ALCIDES,complete,Auto-assisted extraction from REC-HPVPSCC-000290.pdf pp.1-10 (2026-08-25),no
REC-HPVPSCC-000291,Huang2026,case_report,case_report,case report,NR,NR,NR,32,Penile squamous cell carcinoma population (see PDF),no,NR,NR,"PD-L1,PD-1,CTLA-4",tumor,"pembrolizumab,nivolumab,atezolizumab",advanced,"TIME_composition,immunotherapy_response,prognosis",NR,a subset PSCC is a rare genitourinary malignancy with limited of tumors exhibits high PD-L1 expression or genomic features therapeutic options in the advanced setting. Althoug,NR,"ved a © 2026 Huang, Li, Li, Gong, Chen, Li and progression-free survival exceeding 38 months. Liao. This is an open-access article distributed under the terms of the Concl","Radiotherapy combined with OPEN ACCESS immunotherapy achieves clinical EDITED BY Oudai Hassan, complete response in elderly Henry",NR,NR,REV-ALCIDES,complete,Auto-assisted extraction from REC-HPVPSCC-000291.pdf pp.1-10 (2026-08-25),no
REC-HPVPSCC-000292,Xu2026,primary_report,trial,RCT,NR,NR,NR,17,Penile squamous cell carcinoma population (see PDF),no,PCR/ISH,NR,"PD-L1,PD-1,CD8",tumor,"pembrolizumab,cemiplimab,sintilimab",neoadjuvant,"TIME_composition,immunotherapy_response,prognosis",NR,(P = 0.005). No signiﬁcant association was observed between PD-L1 expression (CPS ≥20) and PFS. Grade ≥3 treatment-relat,NR,"ol. 17:1731920. doi: 10.3389/fimmu.2026.1731920 progression-free survival (PFS), objective response rate (ORR), pathological complete resp","89/fimmu.2026.1731920 progression-free survival (PFS), objective response rate (ORR), pathological complete response (pCR), major pathological","its two-cohort, non- Funding",NR,REV-ALCIDES,complete,Auto-assisted extraction from REC-HPVPSCC-000292.pdf pp.1-10 (2026-08-25),no
REC-HPVPSCC-000293,Fiegl2026,primary_report,original_research,retrospective cohort/observational,NR,NR,NR,32,Penile squamous cell carcinoma population (see PDF),yes,p16+PCR/ISH,NR,"PD-L1,PD-1,CD8,TIL,CTLA-4",tumor,atezolizumab,advanced,"TIME_composition,HPV_pathway,immunotherapy_response,prognosis",NR,"ter (TC) and performed immunohistochemistry (IHC) using antibodies against ­p16INK4A, CD3, CD8, and PD-L1. Cluster analysis based on CD3, CD8, and PD-L1 expression revealed two distinct immunophenotypic su","07/s00428-026-04498-y ORIGINAL ARTICLE Prognostic value of the tumor immune microenvironment, PD‑L1 and ­p16INK4A in penile squamous cell carcinoma August Fiegl1 · Miriam Angeloni1,2,3 · Jan Mink4 · Alexey Pryalukhin5","Virchows Archiv https://doi.org/10.1007/s00428-026-04498-y ORIGINAL ARTICLE Prognostic value of the tumor immune microenvironment, PD‑L1 and ­p16INK4A in penile squamous cell carcinoma August F","ther discouraging results with an objective and TF by a pathologist according to scoring algorithms response rate of 16.7% [15]. Although limited by the small established for tumor entities [17–19], namely: study size",NR,NR,REV-ALCIDES,complete,Auto-assisted extraction from REC-HPVPSCC-000293.pdf pp.1-10 (2026-08-25),no
REC-HPVPSCC-000299,Kielbik2026,primary_report,original_research,observational / not fully specified,NR,NR,NR,10,Penile squamous cell carcinoma population (see PDF),yes,NR,NR,"PD-L1,PD-1,CD8,FOXP3,Treg,TAM,CD163,CTLA-4,IDO1,IL-12",tumor,"nivolumab,cemiplimab",neoadjuvant,"TIME_composition,HPV_pathway,immunotherapy_response,prognosis",NR,ors are less T cell inflamed but exhibit a more immunosuppressive phenotype characterized by higher PD-L1 expression and enrichment of M2-polarized CD163+ tumor-associate,ic epithelium.10 The immune contexture diverges substantially according to HPV status. HPV-positive tumors display pronounced intraepithelial CD3+/CD8+ i,tion: Metastatic or locally advanced penile cancer (PeCa) has limited systemic treatment options and a 5-year survival rate of ~10% in metastatic disease. Us,as a relevant target for T cell-based immunotherapy in PeCa. Our findings support the ongoing inclusion of PeCa patients in the clinical CC-3 trial and,NR,NR,REV-ALCIDES,complete,Auto-assisted extraction from REC-HPVPSCC-000299.pdf pp.1-10 (2026-08-25),no
REC-HPVPSCC-000302,Santucci2026,review,systematic_review,systematic review,NR,NR,NR,NR,Literature on penile SCC / TIME / immunotherapy (review),no,PCR/ISH,NR,NR,NR,NR,neoadjuvant,"immunotherapy_response,prognosis",Penile squamous cell carcinoma (SCC) is a rare but aggressive,NR,NR,Penile squamous cell carcinoma is a rare but aggressive cancer in which survival outcomes worsen substantially once lymph nodes become involved. For,"t strategies in penile cancer, including chemotherapy, radiotherapy, immunotherapy, and molecularly targeted therapies. Across 42 included studies, ne",NR,NR,REV-ALCIDES,complete,Auto-assisted extraction from REC-HPVPSCC-000302.pdf pp.1-10 (2026-08-25),no
REC-HPVPSCC-000305,Mahmoud2026,review,meta_analysis,meta analysis,NR,NR,NR,NR,Penile squamous cell carcinoma population (see PDF),yes,NR,NR,"PD-L1,PD-1",tumor,pembrolizumab,advanced,"TIME_composition,HPV_pathway,immunotherapy_response,prognosis",NR,ORIGINAL RESEARCH Prognostic Role of PD-L1 in Penile Squamous Cell Carcinoma: A Systematic Review and Meta-Analysis,"umors were PD-L1–positive (IQR, 44%–66%). Among 796 patients, PD-L1 expression was signiﬁcantly higher in HPV-negative than HPV-positive tumors (42% vs 13.5%). A total of 8 studies (n5930) evaluated OS, 9 studies (n",ORIGINAL RESEARCH Prognostic Role of PD-L1 in Penile Squamous Cell Carcinoma: A Systematic Review and Meta-Analysis,"English-language studies published between January 1996 and immunotherapy, targeted therapies, and HPV-directed strate-",NR,NR,REV-ALCIDES,complete,Auto-assisted extraction from REC-HPVPSCC-000305.pdf pp.1-10 (2026-08-25),no
REC-HPVPSCC-000308,Hatoum2026,primary_report,original_research,observational / not fully specified,NR,NR,NR,NR,Penile squamous cell carcinoma population (see PDF),yes,PCR/ISH,NR,"CD8,HLA,other_checkpoint",tumor,NR,neoadjuvant,"TIME_composition,HPV_pathway,immunotherapy_response",NR,"presentation through MHC molecules can support activation of HPV-specific CD8+ cytotoxic T-cells and CD4+ helper T-cells. However, HPV-associated tumors","izes the rationale for vaccine development in PSCC, with emphasis on HPV-derived antigens, neoantigens, and emerging tumor-associated targets",NR,"s after recur- rence are poor. Cancer vaccines represent a promising immunotherapeutic strategy, as these treatments induce tumor-specific immunity an",NR,NR,REV-ALCIDES,complete,Auto-assisted extraction from REC-HPVPSCC-000308.pdf pp.1-10 (2026-08-25),no
REC-HPVPSCC-000312,S2024,primary_report,original_research,observational / not fully specified,NR,NR,NR,108,Penile squamous cell carcinoma population (see PDF),no,NR,NR,"PD-L1,PD-1,CD8,TIL,Treg",tumor,NR,advanced,"TIME_composition,immunotherapy_response,prognosis",NR,available under a CC-BY-NC-ND 4.0 International license . Machine Learning Analysis of PD-L1 and CD8 Expression Patterns in Penile Squamous Cell Carcinoma: Implications for Immunothera,NR,ign with recent studies showing the importance of immune markers in predicting treatment response and prognosis. Conclusions: The study highlighted the crucial relationship between penile SCC's pathologi,"ing Analysis of PD-L1 and CD8 Expression Patterns in Penile Squamous Cell Carcinoma: Implications for Immunotherapy Short running title: PD-L1 and CD8 in penile cancer Authors: Sofia Canete-Portillo (1),",NR,NR,REV-ALCIDES,complete,Auto-assisted extraction from REC-HPVPSCC-000312.pdf pp.1-10 (2026-08-25),no
REC-HPVPSCC-000314,M2022,primary_report,original_research,retrospective cohort/observational,NR,NR,NR,25,Penile squamous cell carcinoma population (see PDF),no,NR,NR,"PD-L1,PD-1,TIL",tumor,NR,advanced,"TIME_composition,immunotherapy_response,prognosis",NR,"F1000Research 2022, 11:1281 Last updated: 15 MAY 2026 RESEARCH ARTICLE PD-L1 expression as predictor of immunotherapy eligibility in penile squamous cell carcinoma patients [ve",NR,cision or laser therapy is the primary treatment for patients with low stage tumor. One of the most important prognostic factors is the involvement of regional lymph node which decreases survival from >90% to ~50% when metastas,"F1000Research 2022, 11:1281 Last updated: 15 MAY 2026 RESEARCH ARTICLE PD-L1 expression as predictor of immunotherapy eligibility in penile squamous cell carcinoma patients [version 1; peer review: 1 approved, 1 approved with",NR,NR,REV-ALCIDES,complete,Auto-assisted extraction from REC-HPVPSCC-000314.pdf pp.1-10 (2026-08-25),no
REC-HPVPSCC-000316,Y2022,primary_report,original_research,observational / not fully specified,NR,NR,NR,NR,Penile squamous cell carcinoma population (see PDF),no,NR,NR,"PD-L1,PD-1,CD8,CTLA-4",tumor,NR,advanced,"TIME_composition,immunotherapy_response,prognosis",NR,"analysis suggested that SPP1 is closely related to MAPK, mTOR, Wnt and immune checkpoint (PD-1 and PD-L1) related pathways. Our study show SPP1 gene might be an effective biomarker for predicting the prog",NR,SPP1 is expected to be a biomarker for predicting prognosis and immunotherapy efficacy in penile cancer patients Yuantao Zou State Key Laboratory of Oncology in South,"SPP1 is expected to be a biomarker for predicting prognosis and immunotherapy efficacy in penile cancer patients Yuantao Zou State Key Laboratory of Oncology in South China, Sun Yat-sen",NR,NR,REV-ALCIDES,complete,Auto-assisted extraction from REC-HPVPSCC-000316.pdf pp.1-10 (2026-08-25),no
REC-HPVPSCC-000317,X2022,review,narrative_review,narrative review,NR,NR,NR,NR,Literature on penile SCC / TIME / immunotherapy (review),yes,NR,NR,"PD-L1,PD-1,CD8,TIL",tumor,tislelizumab,neoadjuvant,"TIME_composition,HPV_pathway,immunotherapy_response,prognosis",NR,"ch as melanoma and lung cancer. By inhibiting the Programmed death-1receptor (PD-1) or PD-1 ligand (PD-L1), ICIs block the inhibition of CD8+ effector T",h node dissection after conversion therapy of immunotherapy plus chemotherapy. This is the first patient with HPV16+ unresectable locally advanced penile cancer treated with immunotherapy plus chemotherapy who eventually ac,"und: Locally advanced Penile squamous cell carcinoma (PSCC) with unresectable inguinal lymph nodes has a poor prognosis, and benefits from surgical treatment alone. Effective conversion therapy regimens are urgently needed. Ca","3.com ) West China Hospital of Sichuan University Case Report Keywords: Case report, Conversion therapy, immunotherapy, PD-1 blockade, Penile squamous cell carcinoma Posted Date: March 29th, 2022 DOI: https://doi.org/10.21203",NR,NR,REV-ALCIDES,complete,Auto-assisted extraction from REC-HPVPSCC-000317.pdf pp.1-10 (2026-08-25),no
